question_id,image_id,question_type,question,wording_pattern,canonical_target,ground_truth,prediction,confidence,confidence_range,count_bucket,model_used,fallback_used,endpoint_error
23210,232,count,What is the number of roads?,number-of,road,403,201+,0.9185855984687805,0.90-1.00,201+,RSVQA Specialist v1,False,
23217,232,count,What is the amount of farmlands?,amount-of,agriculture,47,48,0.041568201035261154,0.00-0.49,21-50,RSVQA Specialist v1,False,
23218,232,count,How many grass areas are there?,how-many,grassland,163,201+,0.223606675863266,0.00-0.49,101-200,RSVQA Specialist v1,False,
23219,232,count,What is the amount of residential buildings?,amount-of,building,2392,201+,0.9980165958404541,0.90-1.00,201+,RSVQA Specialist v1,False,
23221,232,count,What is the number of buildings?,number-of,building,2590,201+,0.9966583251953125,0.90-1.00,201+,RSVQA Specialist v1,False,
23222,232,count,What is the number of water areas in the image?,number-of,water,84,31,0.09576213359832764,0.00-0.49,51-100,RSVQA Specialist v1,False,
23224,232,comp,Are there more water areas than small commercial buildings?,more-than,water vs building,yes,no,0.5122256278991699,0.50-0.74,n/a,RSVQA Specialist v1,False,
23231,232,count,What is the number of rectangular commercial buildings?,number-of,building,18,7,0.09258028864860535,0.00-0.49,11-20,RSVQA Specialist v1,False,
23237,232,count,What is the amount of square buildings?,amount-of,building,6,0,0.6334008574485779,0.50-0.74,6-10,RSVQA Specialist v1,False,
23239,232,count,What is the number of orchards?,number-of,scene,22,13,0.17978538572788239,0.00-0.49,21-50,RSVQA Specialist v1,False,
23240,232,count,What is the amount of commercial buildings?,amount-of,building,41,20,0.06861131638288498,0.00-0.49,21-50,RSVQA Specialist v1,False,
23241,232,presence,Is a square building present?,present,building,yes,no,0.5847365856170654,0.50-0.74,n/a,RSVQA Specialist v1,False,
23242,232,count,How many small residential buildings are there?,how-many,building,2384,201+,0.9961309432983398,0.90-1.00,201+,RSVQA Specialist v1,False,
23243,232,count,What is the amount of square water areas?,amount-of,water,1,0,0.9329361319541931,0.90-1.00,1,RSVQA Specialist v1,False,
23245,232,count,How many small farmlands are there in the image?,how-many,agriculture,1,0,0.8400461673736572,0.75-0.89,1,RSVQA Specialist v1,False,
23249,232,presence,Is there a circular building?,is-there,building,yes,no,0.6000138521194458,0.50-0.74,n/a,RSVQA Specialist v1,False,
23251,232,presence,Is there a circular water area?,is-there,water,yes,no,0.8901655077934265,0.75-0.89,n/a,RSVQA Specialist v1,False,
23258,232,count,How many forests are there?,how-many,forest,25,48,0.05256280303001404,0.00-0.49,21-50,RSVQA Specialist v1,False,
23259,232,count,How many pitchs are there?,how-many,scene,10,3,0.2273094803094864,0.00-0.49,6-10,RSVQA Specialist v1,False,
23260,232,count,What is the number of residential areas?,number-of,scene,1,3,0.2649349570274353,0.00-0.49,1,RSVQA Specialist v1,False,
23266,232,count,How many small roads are there?,how-many,road,403,201+,0.8470059633255005,0.75-0.89,201+,RSVQA Specialist v1,False,
23273,232,count,What is the number of rectangular farmlands?,number-of,agriculture,6,1,0.2472105622291565,0.00-0.49,6-10,RSVQA Specialist v1,False,
23278,232,count,What is the number of rectangular water areas?,number-of,water,27,8,0.16706882417201996,0.00-0.49,21-50,RSVQA Specialist v1,False,
23287,232,count,What is the amount of medium residential buildings?,amount-of,building,7,8,0.10776181519031525,0.00-0.49,6-10,RSVQA Specialist v1,False,
23292,232,count,What is the amount of circular residential buildings in the image?,amount-of,building,6,0,0.6111607551574707,0.50-0.74,6-10,RSVQA Specialist v1,False,
23300,232,count,What is the amount of rectangular residential buildings in the image?,amount-of,building,1742,201+,0.9922620058059692,0.90-1.00,201+,RSVQA Specialist v1,False,
23305,232,count,What is the number of large buildings?,number-of,building,2,1,0.16884954273700714,0.00-0.49,2-5,RSVQA Specialist v1,False,
23310,233,count,What is the amount of medium commercial buildings?,amount-of,building,0,1,0.3259330689907074,0.00-0.49,0,RSVQA Specialist v1,False,
23314,233,count,How many residential buildings are there?,how-many,building,125,201+,0.28898385167121887,0.00-0.49,101-200,RSVQA Specialist v1,False,
23315,233,count,How many small roads are there?,how-many,road,57,116,0.05821051076054573,0.00-0.49,51-100,RSVQA Specialist v1,False,
23317,233,count,How many water areas next to the  commercial building are there?,how-many,water,6,15,0.12841667234897614,0.00-0.49,6-10,RSVQA Specialist v1,False,
23319,233,count,What is the number of roads?,number-of,road,57,116,0.04554472491145134,0.00-0.49,51-100,RSVQA Specialist v1,False,
23324,233,count,What is the amount of grass areas?,amount-of,grassland,231,201+,0.14946109056472778,0.00-0.49,201+,RSVQA Specialist v1,False,
23327,233,count,What is the number of buildings?,number-of,building,126,201+,0.42871859669685364,0.00-0.49,101-200,RSVQA Specialist v1,False,
23328,233,count,What is the number of water areas?,number-of,water,19,31,0.049962740391492844,0.00-0.49,11-20,RSVQA Specialist v1,False,
23329,233,count,What is the amount of commercial buildings?,amount-of,building,1,4,0.2332143932580948,0.00-0.49,1,RSVQA Specialist v1,False,
23332,233,count,What is the number of small commercial buildings?,number-of,building,1,3,0.30033525824546814,0.00-0.49,1,RSVQA Specialist v1,False,
23333,233,count,How many farmlands are there?,how-many,agriculture,1,27,0.07735153287649155,0.00-0.49,1,RSVQA Specialist v1,False,
23335,233,count,What is the amount of forests in the image?,amount-of,forest,23,28,0.041210293769836426,0.00-0.49,21-50,RSVQA Specialist v1,False,
23337,233,count,What is the number of medium water areas?,number-of,water,3,4,0.12334389984607697,0.00-0.49,2-5,RSVQA Specialist v1,False,
23338,233,count,What is the amount of rectangular commercial buildings?,amount-of,building,0,2,0.30727651715278625,0.00-0.49,0,RSVQA Specialist v1,False,
23347,233,count,How many small grass areas are there?,how-many,grassland,27,17,0.07006848603487015,0.00-0.49,21-50,RSVQA Specialist v1,False,
23356,233,count,What is the number of rectangular water areas in the image?,number-of,water,3,10,0.18144196271896362,0.00-0.49,2-5,RSVQA Specialist v1,False,
23365,233,presence,Is there a rectangular commercial building?,is-there,building,no,yes,0.9757793545722961,0.90-1.00,n/a,RSVQA Specialist v1,False,
23373,233,comp,Are there less grass areas than buildings?,less-than,grassland vs building,no,yes,0.8955003023147583,0.75-0.89,n/a,RSVQA Specialist v1,False,
23375,233,count,What is the amount of small residential buildings?,amount-of,building,119,201+,0.19531133770942688,0.00-0.49,101-200,RSVQA Specialist v1,False,
23379,233,count,How many small buildings are there?,how-many,building,120,201+,0.3535138964653015,0.00-0.49,101-200,RSVQA Specialist v1,False,
23381,233,count,What is the number of medium residential buildings?,number-of,building,6,4,0.20594128966331482,0.00-0.49,6-10,RSVQA Specialist v1,False,
23382,233,comp,Are there less residential buildings than grass areas?,less-than,building vs grassland,yes,no,0.8199456334114075,0.75-0.89,n/a,RSVQA Specialist v1,False,
23390,233,presence,Is a large building present?,present,building,no,yes,0.7761134505271912,0.75-0.89,n/a,RSVQA Specialist v1,False,
23392,233,count,What is the amount of large water areas?,amount-of,water,5,15,0.12472232431173325,0.00-0.49,2-5,RSVQA Specialist v1,False,
23394,233,count,What is the amount of buildings on the left of a  forest?,amount-of,building,126,127,0.03792623057961464,0.00-0.49,101-200,RSVQA Specialist v1,False,
23401,233,comp,Are there less rectangular commercial buildings than square buildings?,less-than,building vs building,yes,no,0.5252528786659241,0.50-0.74,n/a,RSVQA Specialist v1,False,
23405,233,count,What is the amount of rectangular residential buildings?,amount-of,building,77,201+,0.06240122765302658,0.00-0.49,51-100,RSVQA Specialist v1,False,
23406,233,comp,Are there more grass areas than buildings?,more-than,grassland vs building,yes,no,0.7349560856819153,0.50-0.74,n/a,RSVQA Specialist v1,False,
23407,233,count,How many circular water areas are there?,how-many,water,0,2,0.3008584976196289,0.00-0.49,0,RSVQA Specialist v1,False,
23408,234,rural_urban,Is it a rural or an urban area,rural-or-urban,scene,rural,urban,0.9588671326637268,0.90-1.00,n/a,RSVQA Specialist v1,False,
23410,234,count,What is the number of commercial buildings?,number-of,building,2,4,0.30589407682418823,0.00-0.49,2-5,RSVQA Specialist v1,False,
23411,234,count,What is the amount of buildings?,amount-of,building,442,201+,0.9941596984863281,0.90-1.00,201+,RSVQA Specialist v1,False,
23413,234,count,How many water areas are there in the image?,how-many,water,23,31,0.05041918158531189,0.00-0.49,21-50,RSVQA Specialist v1,False,
23414,234,count,What is the number of forests?,number-of,forest,76,40,0.06433450430631638,0.00-0.49,51-100,RSVQA Specialist v1,False,
23420,234,count,What is the number of residential buildings?,number-of,building,440,201+,0.990035891532898,0.90-1.00,201+,RSVQA Specialist v1,False,
23426,234,count,What is the amount of grass areas?,amount-of,grassland,192,201+,0.8719056844711304,0.75-0.89,101-200,RSVQA Specialist v1,False,
23428,234,comp,Are there more grass areas than circular buildings?,more-than,grassland vs building,yes,no,0.6699122190475464,0.50-0.74,n/a,RSVQA Specialist v1,False,
23431,234,count,What is the amount of circular buildings?,amount-of,building,2,1,0.3937561511993408,0.00-0.49,2-5,RSVQA Specialist v1,False,
23433,234,count,How many farmlands are there?,how-many,agriculture,37,49,0.03855980187654495,0.00-0.49,21-50,RSVQA Specialist v1,False,
23441,234,count,What is the amount of rectangular buildings?,amount-of,building,204,201+,0.9874022603034973,0.90-1.00,201+,RSVQA Specialist v1,False,
23443,234,count,What is the amount of medium commercial buildings in the image?,amount-of,building,0,1,0.2585009038448334,0.00-0.49,0,RSVQA Specialist v1,False,
23445,234,count,What is the number of circular water areas?,number-of,water,1,0,0.580122709274292,0.50-0.74,1,RSVQA Specialist v1,False,
23446,234,comp,Are there more water areas than circular buildings?,more-than,water vs building,yes,no,0.5562722086906433,0.50-0.74,n/a,RSVQA Specialist v1,False,
23470,234,count,How many square buildings are there?,how-many,building,2,1,0.3368062376976013,0.00-0.49,2-5,RSVQA Specialist v1,False,
23483,234,count,How many square water areas are there?,how-many,water,1,0,0.8174540400505066,0.75-0.89,1,RSVQA Specialist v1,False,
23491,234,count,What is the number of large farmlands next to a  small building?,number-of,agriculture,36,14,0.07393422722816467,0.00-0.49,21-50,RSVQA Specialist v1,False,
23494,234,count,What is the number of medium water areas?,number-of,water,6,8,0.16767750680446625,0.00-0.49,6-10,RSVQA Specialist v1,False,
23499,234,presence,Is there a square water area?,is-there,water,yes,no,0.5295810699462891,0.50-0.74,n/a,RSVQA Specialist v1,False,
23503,234,count,What is the amount of rectangular water areas?,amount-of,water,10,8,0.09199206531047821,0.00-0.49,6-10,RSVQA Specialist v1,False,
23505,234,count,How many square residential buildings are there?,how-many,building,2,0,0.2878831923007965,0.00-0.49,2-5,RSVQA Specialist v1,False,
23507,234,count,What is the number of commercial buildings on the right of a  forest?,number-of,building,2,4,0.21252693235874176,0.00-0.49,2-5,RSVQA Specialist v1,False,
23510,235,count,What is the number of buildings?,number-of,building,5,58,0.060065269470214844,0.00-0.49,2-5,RSVQA Specialist v1,False,
23511,235,count,What is the amount of residential buildings?,amount-of,building,3,15,0.0750029981136322,0.00-0.49,2-5,RSVQA Specialist v1,False,
23514,235,count,What is the number of commercial buildings?,number-of,building,1,0,0.7670631408691406,0.75-0.89,1,RSVQA Specialist v1,False,
23515,235,count,What is the number of scrubs?,number-of,scrub,7,10,0.20910899341106415,0.00-0.49,6-10,RSVQA Specialist v1,False,
23517,235,count,How many forests are there?,how-many,forest,5,3,0.31671667098999023,0.00-0.49,2-5,RSVQA Specialist v1,False,
23520,235,count,What is the amount of roads?,amount-of,road,24,18,0.07609216868877411,0.00-0.49,21-50,RSVQA Specialist v1,False,
23522,235,presence,Is a commercial building present?,present,building,yes,no,0.9339557886123657,0.90-1.00,n/a,RSVQA Specialist v1,False,
23535,235,presence,Is there a commercial building on the left of a  road?,is-there,building,yes,no,0.7549861669540405,0.75-0.89,n/a,RSVQA Specialist v1,False,
23539,235,comp,Are there more forests than residential buildings?,more-than,forest vs building,yes,no,0.712390661239624,0.50-0.74,n/a,RSVQA Specialist v1,False,
23541,235,presence,Is a road at the top of the  commercial building present?,present,road,yes,no,0.9297158122062683,0.90-1.00,n/a,RSVQA Specialist v1,False,
23542,235,presence,Is a rectangular commercial building present?,present,building,yes,no,0.9780950546264648,0.90-1.00,n/a,RSVQA Specialist v1,False,
23543,235,count,What is the number of grass areas?,number-of,grassland,1,3,0.17774705588817596,0.00-0.49,1,RSVQA Specialist v1,False,
23544,235,count,How many small residential buildings are there?,how-many,building,3,58,0.04633234441280365,0.00-0.49,2-5,RSVQA Specialist v1,False,
23547,235,count,How many rectangular buildings are there?,how-many,building,4,19,0.07442130148410797,0.00-0.49,2-5,RSVQA Specialist v1,False,
23548,235,count,How many large scrubs on the right of a  road are there?,how-many,scrub,5,10,0.13617324829101562,0.00-0.49,2-5,RSVQA Specialist v1,False,
23554,235,count,What is the amount of small buildings?,amount-of,building,5,16,0.09620903432369232,0.00-0.49,2-5,RSVQA Specialist v1,False,
23557,235,count,How many residential buildings at the top of a  road are there?,how-many,building,3,66,0.07008195668458939,0.00-0.49,2-5,RSVQA Specialist v1,False,
23564,235,comp,Are there more residential buildings than islands?,more-than,building,yes,no,0.6804750561714172,0.50-0.74,n/a,RSVQA Specialist v1,False,
23566,235,count,What is the amount of small scrubs?,amount-of,scrub,0,1,0.4129035770893097,0.00-0.49,0,RSVQA Specialist v1,False,
23567,235,comp,Are there less residential buildings than scrubs?,less-than,building vs scrub,yes,no,0.8340305685997009,0.75-0.89,n/a,RSVQA Specialist v1,False,
23570,235,comp,Are there more commercial buildings than large roads in the image?,more-than,building vs road,yes,no,0.7965715527534485,0.75-0.89,n/a,RSVQA Specialist v1,False,
23577,235,comp,Are there more scrubs than residential buildings?,more-than,scrub vs building,yes,no,0.8462158441543579,0.75-0.89,n/a,RSVQA Specialist v1,False,
23578,235,count,What is the number of scrubs on the left of a  residential building?,number-of,scrub,0,10,0.2232530415058136,0.00-0.49,0,RSVQA Specialist v1,False,
23582,235,count,How many small roads are there?,how-many,road,24,29,0.05233805626630783,0.00-0.49,21-50,RSVQA Specialist v1,False,
23585,235,count,How many residential buildings on the right of a  road are there?,how-many,building,3,66,0.06271655857563019,0.00-0.49,2-5,RSVQA Specialist v1,False,
23586,235,count,What is the number of large scrubs?,number-of,scrub,6,10,0.14689698815345764,0.00-0.49,6-10,RSVQA Specialist v1,False,
23587,235,count,What is the amount of scrubs at the top of a  road?,amount-of,scrub,6,10,0.14675761759281158,0.00-0.49,6-10,RSVQA Specialist v1,False,
23591,235,comp,Are there more small residential buildings than forests?,more-than,building vs forest,no,yes,0.5466680526733398,0.50-0.74,n/a,RSVQA Specialist v1,False,
23592,235,count,What is the number of rectangular commercial buildings?,number-of,building,1,0,0.9699252247810364,0.90-1.00,1,RSVQA Specialist v1,False,
23593,235,count,How many rectangular residential buildings are there in the image?,how-many,building,3,19,0.08251214027404785,0.00-0.49,2-5,RSVQA Specialist v1,False,
23596,235,count,What is the number of roads on the left of a  scrub?,number-of,road,22,12,0.1073400229215622,0.00-0.49,21-50,RSVQA Specialist v1,False,
23598,235,comp,Are there more buildings than scrubs in the image?,more-than,building vs scrub,no,yes,0.671840250492096,0.50-0.74,n/a,RSVQA Specialist v1,False,
23599,235,count,How many scrubs next to a  residential building are there in the image?,how-many,scrub,7,10,0.1969275325536728,0.00-0.49,6-10,RSVQA Specialist v1,False,
23613,236,count,What is the amount of roads?,amount-of,road,47,66,0.056566737592220306,0.00-0.49,21-50,RSVQA Specialist v1,False,
23614,236,count,What is the number of buildings?,number-of,building,136,201+,0.9863135814666748,0.90-1.00,101-200,RSVQA Specialist v1,False,
23616,236,count,How many residential buildings are there?,how-many,building,118,201+,0.9842623472213745,0.90-1.00,101-200,RSVQA Specialist v1,False,
23617,236,count,What is the amount of grass areas?,amount-of,grassland,120,201+,0.03291976824402809,0.00-0.49,101-200,RSVQA Specialist v1,False,
23621,236,count,What is the amount of water areas?,amount-of,water,25,15,0.08099482208490372,0.00-0.49,21-50,RSVQA Specialist v1,False,
23630,236,count,How many forests are there in the image?,how-many,forest,49,41,0.039646804332733154,0.00-0.49,21-50,RSVQA Specialist v1,False,
23631,236,presence,Is a square grass area present?,present,grassland,no,yes,0.9060555100440979,0.90-1.00,n/a,RSVQA Specialist v1,False,
23634,236,count,How many commercial buildings are there in the image?,how-many,building,9,15,0.07672283053398132,0.00-0.49,6-10,RSVQA Specialist v1,False,
23642,236,comp,Are there more grass areas than roads?,more-than,grassland vs road,yes,no,0.5367065072059631,0.50-0.74,n/a,RSVQA Specialist v1,False,
23644,236,comp,Are there less grass areas than residential buildings?,less-than,grassland vs building,no,yes,0.9921274185180664,0.90-1.00,n/a,RSVQA Specialist v1,False,
23645,236,presence,Is there a circular water area?,is-there,water,no,yes,0.9869914650917053,0.90-1.00,n/a,RSVQA Specialist v1,False,
23655,236,count,What is the number of rectangular commercial buildings?,number-of,building,7,3,0.27068495750427246,0.00-0.49,6-10,RSVQA Specialist v1,False,
23657,236,count,What is the number of square residential buildings?,number-of,building,1,2,0.4134701192378998,0.00-0.49,1,RSVQA Specialist v1,False,
23658,236,comp,Are there less roads than forests?,less-than,road vs forest,yes,no,0.9537211656570435,0.90-1.00,n/a,RSVQA Specialist v1,False,
23662,236,count,What is the amount of small residential buildings?,amount-of,building,112,201+,0.9670851826667786,0.90-1.00,101-200,RSVQA Specialist v1,False,
23666,236,count,How many large water areas are there?,how-many,water,14,5,0.12350229918956757,0.00-0.49,11-20,RSVQA Specialist v1,False,
23669,236,count,What is the number of commercial buildings at the top of a  large water area?,number-of,building,9,2,0.32991743087768555,0.00-0.49,6-10,RSVQA Specialist v1,False,
23670,236,count,What is the number of forests at the top of a  commercial building?,number-of,forest,48,20,0.0610346756875515,0.00-0.49,21-50,RSVQA Specialist v1,False,
23672,236,count,What is the number of farmlands?,number-of,agriculture,11,15,0.12572237849235535,0.00-0.49,11-20,RSVQA Specialist v1,False,
23675,236,count,What is the number of medium commercial buildings?,number-of,building,0,1,0.2934899628162384,0.00-0.49,0,RSVQA Specialist v1,False,
23677,236,count,What is the amount of small commercial buildings?,amount-of,building,9,3,0.12168997526168823,0.00-0.49,6-10,RSVQA Specialist v1,False,
23679,236,presence,Is there a square water area?,is-there,water,no,yes,0.9663171768188477,0.90-1.00,n/a,RSVQA Specialist v1,False,
23683,236,count,What is the amount of water areas at the bottom of a  commercial building?,amount-of,water,16,15,0.150760680437088,0.00-0.49,11-20,RSVQA Specialist v1,False,
23686,236,presence,Is a large building present?,present,building,no,yes,0.9893603324890137,0.90-1.00,n/a,RSVQA Specialist v1,False,
23689,236,count,What is the amount of small roads?,amount-of,road,47,116,0.08124922960996628,0.00-0.49,21-50,RSVQA Specialist v1,False,
23690,236,count,How many rectangular residential buildings are there?,how-many,building,69,201+,0.9698067307472229,0.90-1.00,51-100,RSVQA Specialist v1,False,
23692,236,comp,Are there more residential buildings than grass areas?,more-than,building vs grassland,no,yes,0.9931091070175171,0.90-1.00,n/a,RSVQA Specialist v1,False,
23697,236,count,What is the amount of small buildings?,amount-of,building,130,201+,0.9759471416473389,0.90-1.00,101-200,RSVQA Specialist v1,False,
23699,236,comp,Are there less residential buildings than grass areas?,less-than,building vs grassland,yes,no,0.9638630151748657,0.90-1.00,n/a,RSVQA Specialist v1,False,
23700,236,comp,Are there more medium water areas than grass areas?,more-than,water vs grassland,no,yes,0.52254319190979,0.50-0.74,n/a,RSVQA Specialist v1,False,
23709,237,count,How many residential buildings are there?,how-many,building,989,201+,0.9965069890022278,0.90-1.00,201+,RSVQA Specialist v1,False,
23710,237,count,What is the amount of grass areas?,amount-of,grassland,272,201+,0.861359715461731,0.75-0.89,201+,RSVQA Specialist v1,False,
23711,237,count,What is the amount of roads?,amount-of,road,259,201+,0.9462209343910217,0.90-1.00,201+,RSVQA Specialist v1,False,
23712,237,count,What is the number of buildings?,number-of,building,1067,201+,0.9976170659065247,0.90-1.00,201+,RSVQA Specialist v1,False,
23716,237,count,What is the amount of water areas in the image?,amount-of,water,56,31,0.09161016345024109,0.00-0.49,51-100,RSVQA Specialist v1,False,
23719,237,count,What is the number of commercial buildings?,number-of,building,71,20,0.08751221746206284,0.00-0.49,51-100,RSVQA Specialist v1,False,
23723,237,count,What is the amount of small grass areas?,amount-of,grassland,38,28,0.10839806497097015,0.00-0.49,21-50,RSVQA Specialist v1,False,
23725,237,comp,Are there more commercial buildings than water areas?,more-than,building vs water,yes,no,0.808901846408844,0.75-0.89,n/a,RSVQA Specialist v1,False,
23733,237,count,How many rectangular residential buildings are there?,how-many,building,564,201+,0.9959837198257446,0.90-1.00,201+,RSVQA Specialist v1,False,
23735,237,count,What is the number of forests?,number-of,forest,58,28,0.06160328537225723,0.00-0.49,51-100,RSVQA Specialist v1,False,
23742,237,comp,Are there less commercial buildings than water areas?,less-than,building vs water,no,yes,0.5782437324523926,0.50-0.74,n/a,RSVQA Specialist v1,False,
23743,237,count,What is the number of small commercial buildings?,number-of,building,60,20,0.07860829681158066,0.00-0.49,51-100,RSVQA Specialist v1,False,
23744,237,count,How many rectangular water areas are there?,how-many,water,13,31,0.0694439709186554,0.00-0.49,11-20,RSVQA Specialist v1,False,
23750,237,count,What is the number of small water areas?,number-of,water,29,28,0.09641620516777039,0.00-0.49,21-50,RSVQA Specialist v1,False,
23752,237,presence,Is there a large commercial building?,is-there,building,yes,no,0.5382057428359985,0.50-0.74,n/a,RSVQA Specialist v1,False,
23761,237,count,How many large grass areas are there?,how-many,grassland,183,201+,0.6503030061721802,0.50-0.74,101-200,RSVQA Specialist v1,False,
23763,237,count,What is the number of medium buildings?,number-of,building,19,11,0.09124269336462021,0.00-0.49,11-20,RSVQA Specialist v1,False,
23768,237,count,What is the amount of medium water areas?,amount-of,water,14,8,0.1052301749587059,0.00-0.49,11-20,RSVQA Specialist v1,False,
23769,237,count,What is the number of circular grass areas?,number-of,grassland,3,0,0.7728103995323181,0.75-0.89,2-5,RSVQA Specialist v1,False,
23770,237,count,How many farmlands are there in the image?,how-many,agriculture,16,1,0.09325090795755386,0.00-0.49,11-20,RSVQA Specialist v1,False,
23771,237,count,How many small buildings are there?,how-many,building,1047,201+,0.9970703125,0.90-1.00,201+,RSVQA Specialist v1,False,
23772,237,count,What is the amount of rectangular buildings?,amount-of,building,590,201+,0.9976181387901306,0.90-1.00,201+,RSVQA Specialist v1,False,
23774,237,count,What is the amount of rectangular grass areas?,amount-of,grassland,27,28,0.08951912820339203,0.00-0.49,21-50,RSVQA Specialist v1,False,
23777,237,comp,Are there more grass areas than roads?,more-than,grassland vs road,yes,no,0.7445036172866821,0.50-0.74,n/a,RSVQA Specialist v1,False,
23779,237,comp,Are there less commercial buildings than forests?,less-than,building vs forest,no,yes,0.9088906645774841,0.90-1.00,n/a,RSVQA Specialist v1,False,
23780,237,comp,Are there more water areas than farmlands?,more-than,water vs agriculture,yes,no,0.760818362236023,0.75-0.89,n/a,RSVQA Specialist v1,False,
23783,237,count,How many parkings are there?,how-many,scene,3,9,0.1489320695400238,0.00-0.49,2-5,RSVQA Specialist v1,False,
23784,237,count,What is the number of circular residential buildings?,number-of,building,2,0,0.43323490023612976,0.00-0.49,2-5,RSVQA Specialist v1,False,
23787,237,count,What is the amount of medium grass areas?,amount-of,grassland,51,19,0.07398103922605515,0.00-0.49,51-100,RSVQA Specialist v1,False,
23789,237,count,What is the number of large buildings?,number-of,building,1,0,0.569820761680603,0.50-0.74,1,RSVQA Specialist v1,False,
23792,237,count,What is the amount of circular buildings?,amount-of,building,2,0,0.366586834192276,0.00-0.49,2-5,RSVQA Specialist v1,False,
23795,237,count,What is the number of square residential buildings?,number-of,building,2,0,0.5213804841041565,0.50-0.74,2-5,RSVQA Specialist v1,False,
23797,237,comp,Is the number of rectangular roads equal to the number of rectangular roads?,equal-to,road vs road,yes,no,0.9598751664161682,0.90-1.00,n/a,RSVQA Specialist v1,False,
23799,237,count,How many small residential buildings are there?,how-many,building,981,201+,0.9971043467521667,0.90-1.00,201+,RSVQA Specialist v1,False,
23801,237,comp,Are there more water areas than commercial buildings?,more-than,water vs building,no,yes,0.5229859352111816,0.50-0.74,n/a,RSVQA Specialist v1,False,
23804,237,count,How many square buildings are there?,how-many,building,2,1,0.32367414236068726,0.00-0.49,2-5,RSVQA Specialist v1,False,
23806,237,count,How many rectangular forests are there?,how-many,forest,16,8,0.10252439230680466,0.00-0.49,11-20,RSVQA Specialist v1,False,
23809,238,count,What is the number of grass areas?,number-of,grassland,113,201+,0.5570703148841858,0.50-0.74,101-200,RSVQA Specialist v1,False,
23811,238,count,How many forests are there?,how-many,forest,26,48,0.04828346148133278,0.00-0.49,21-50,RSVQA Specialist v1,False,
23818,238,count,How many pitchs on the left of a  water area are there?,how-many,water,7,31,0.07065751403570175,0.00-0.49,6-10,RSVQA Specialist v1,False,
23821,238,count,How many commercial buildings are there?,how-many,building,152,51,0.037179648876190186,0.00-0.49,101-200,RSVQA Specialist v1,False,
23822,238,count,How many buildings are there in the image?,how-many,building,3893,201+,0.9953136444091797,0.90-1.00,201+,RSVQA Specialist v1,False,
23825,238,count,How many residential buildings are there?,how-many,building,3510,201+,0.9963789582252502,0.90-1.00,201+,RSVQA Specialist v1,False,
23828,238,count,How many circular buildings are there?,how-many,building,2,0,0.2686437666416168,0.00-0.49,2-5,RSVQA Specialist v1,False,
23831,238,count,How many farmlands are there in the image?,how-many,agriculture,616,28,0.07955286651849747,0.00-0.49,201+,RSVQA Specialist v1,False,
23833,238,presence,Is there a circular grass area?,is-there,grassland,yes,no,0.694843053817749,0.50-0.74,n/a,RSVQA Specialist v1,False,
23834,238,count,What is the number of roads in the image?,number-of,road,652,201+,0.9866001009941101,0.90-1.00,201+,RSVQA Specialist v1,False,
23841,238,count,How many square grass areas are there?,how-many,grassland,3,1,0.5317345261573792,0.50-0.74,2-5,RSVQA Specialist v1,False,
23842,238,presence,Is there a square building?,is-there,building,yes,no,0.5418712496757507,0.50-0.74,n/a,RSVQA Specialist v1,False,
23845,238,count,What is the amount of square residential buildings?,amount-of,building,2,0,0.4813007414340973,0.00-0.49,2-5,RSVQA Specialist v1,False,
23846,238,count,What is the amount of medium residential buildings?,amount-of,building,24,19,0.07011138647794724,0.00-0.49,21-50,RSVQA Specialist v1,False,
23849,238,count,What is the amount of scrubs?,amount-of,scrub,1,3,0.13841675221920013,0.00-0.49,1,RSVQA Specialist v1,False,
23855,238,count,What is the amount of small water areas in the image?,amount-of,water,11,31,0.05901157855987549,0.00-0.49,11-20,RSVQA Specialist v1,False,
23857,238,count,What is the number of large commercial buildings?,number-of,building,11,1,0.26373520493507385,0.00-0.49,11-20,RSVQA Specialist v1,False,
23863,238,count,What is the amount of rectangular commercial buildings?,amount-of,building,54,7,0.06252112984657288,0.00-0.49,51-100,RSVQA Specialist v1,False,
23866,238,count,What is the number of rectangular grass areas?,number-of,grassland,24,28,0.11372999846935272,0.00-0.49,21-50,RSVQA Specialist v1,False,
23871,238,comp,Are there more grass areas than commercial buildings?,more-than,grassland vs building,no,yes,0.8886796236038208,0.75-0.89,n/a,RSVQA Specialist v1,False,
23880,238,comp,Are there less farmlands than commercial buildings?,less-than,agriculture vs building,yes,no,0.6128917932510376,0.50-0.74,n/a,RSVQA Specialist v1,False,
23881,238,count,What is the number of industrials?,number-of,scene,5,3,0.2958378493785858,0.00-0.49,2-5,RSVQA Specialist v1,False,
23884,238,count,How many large water areas are there in the image?,how-many,water,14,31,0.08720255643129349,0.00-0.49,11-20,RSVQA Specialist v1,False,
23885,238,count,What is the number of meadows?,number-of,scene,19,10,0.07327043265104294,0.00-0.49,11-20,RSVQA Specialist v1,False,
23887,238,count,What is the number of small roads?,number-of,road,652,201+,0.9863104820251465,0.90-1.00,201+,RSVQA Specialist v1,False,
23899,238,count,What is the amount of large residential buildings?,amount-of,building,2,1,0.18308405578136444,0.00-0.49,2-5,RSVQA Specialist v1,False,
23901,238,count,What is the amount of small buildings in the image?,amount-of,building,3821,201+,0.9974008798599243,0.90-1.00,201+,RSVQA Specialist v1,False,
23904,238,count,What is the amount of rectangular buildings?,amount-of,building,2018,201+,0.9966742992401123,0.90-1.00,201+,RSVQA Specialist v1,False,
23912,239,count,What is the number of roads?,number-of,road,83,201+,0.0741761103272438,0.00-0.49,51-100,RSVQA Specialist v1,False,
23913,239,count,What is the amount of water areas?,amount-of,water,15,7,0.15897201001644135,0.00-0.49,11-20,RSVQA Specialist v1,False,
23916,239,count,How many scrubs are there in the image?,how-many,scrub,44,10,0.1802319884300232,0.00-0.49,21-50,RSVQA Specialist v1,False,
23917,239,count,What is the number of buildings?,number-of,building,52,66,0.08993135392665863,0.00-0.49,51-100,RSVQA Specialist v1,False,
23919,239,presence,Is there a commercial building?,is-there,building,no,yes,0.72001051902771,0.50-0.74,n/a,RSVQA Specialist v1,False,
23920,239,count,What is the amount of small water areas?,amount-of,water,4,1,0.5049673914909363,0.50-0.74,2-5,RSVQA Specialist v1,False,
23923,239,count,What is the amount of medium buildings?,amount-of,building,0,1,0.6309939622879028,0.50-0.74,0,RSVQA Specialist v1,False,
23925,239,count,What is the amount of square forests?,amount-of,forest,1,0,0.5909401774406433,0.50-0.74,1,RSVQA Specialist v1,False,
23926,239,count,What is the number of commercial buildings?,number-of,building,0,1,0.8142635226249695,0.75-0.89,0,RSVQA Specialist v1,False,
23930,239,count,How many residential buildings are there?,how-many,building,50,66,0.11152974516153336,0.00-0.49,21-50,RSVQA Specialist v1,False,
23931,239,count,What is the amount of forests?,amount-of,forest,81,201+,0.07574665546417236,0.00-0.49,51-100,RSVQA Specialist v1,False,
23935,239,comp,Are there less forests than residential buildings?,less-than,forest vs building,no,yes,0.7388209104537964,0.50-0.74,n/a,RSVQA Specialist v1,False,
23941,239,count,What is the number of small forests?,number-of,forest,20,11,0.06896348297595978,0.00-0.49,11-20,RSVQA Specialist v1,False,
23952,239,presence,Is there a forest at the top of a  commercial building?,is-there,forest,no,yes,0.9869838953018188,0.90-1.00,n/a,RSVQA Specialist v1,False,
23958,239,count,What is the amount of rectangular buildings?,amount-of,building,47,37,0.14349724352359772,0.00-0.49,21-50,RSVQA Specialist v1,False,
23960,239,comp,Are there less roads than residential buildings?,less-than,road vs building,no,yes,0.819482147693634,0.75-0.89,n/a,RSVQA Specialist v1,False,
23965,239,comp,Are there less residential buildings than roads?,less-than,building vs road,yes,no,0.5175750255584717,0.50-0.74,n/a,RSVQA Specialist v1,False,
23973,239,comp,Are there more buildings than forests?,more-than,building vs forest,no,yes,0.9048436284065247,0.90-1.00,n/a,RSVQA Specialist v1,False,
23974,239,count,What is the amount of small residential buildings?,amount-of,building,50,52,0.06080203875899315,0.00-0.49,21-50,RSVQA Specialist v1,False,
23977,239,count,What is the number of wetlands?,number-of,wetland,1,3,0.20583505928516388,0.00-0.49,1,RSVQA Specialist v1,False,
23979,239,count,How many scrubs next to a  building are there in the image?,how-many,scrub,33,10,0.1270398199558258,0.00-0.49,21-50,RSVQA Specialist v1,False,
23981,239,comp,Are there more water areas than grass areas?,more-than,water vs grassland,yes,no,0.9947450160980225,0.90-1.00,n/a,RSVQA Specialist v1,False,
23983,239,comp,Are there more forests than residential buildings in the image?,more-than,forest vs building,yes,no,0.7813484072685242,0.75-0.89,n/a,RSVQA Specialist v1,False,
23984,239,comp,Are there more residential buildings than roads?,more-than,building vs road,no,yes,0.6266172528266907,0.50-0.74,n/a,RSVQA Specialist v1,False,
23985,239,comp,Are there more residential buildings than forests?,more-than,building vs forest,no,yes,0.8698042631149292,0.75-0.89,n/a,RSVQA Specialist v1,False,
23991,239,comp,Are there less buildings than forests?,less-than,building vs forest,yes,no,0.9781062602996826,0.90-1.00,n/a,RSVQA Specialist v1,False,
23992,239,comp,Are there less commercial buildings than commercial buildings?,less-than,building vs building,no,yes,0.6654790639877319,0.50-0.74,n/a,RSVQA Specialist v1,False,
23993,239,comp,Are there more buildings than roads?,more-than,building vs road,no,yes,0.7419031858444214,0.50-0.74,n/a,RSVQA Specialist v1,False,
24000,239,presence,Is a square water area present?,present,water,yes,no,0.711624264717102,0.50-0.74,n/a,RSVQA Specialist v1,False,
24005,239,comp,Are there less water areas than scrubs?,less-than,water vs scrub,yes,no,0.8630155920982361,0.75-0.89,n/a,RSVQA Specialist v1,False,
24010,240,count,What is the amount of farmlands?,amount-of,agriculture,23,16,0.19858449697494507,0.00-0.49,21-50,RSVQA Specialist v1,False,
24015,240,count,How many roads are there?,how-many,road,16,12,0.05508451163768768,0.00-0.49,11-20,RSVQA Specialist v1,False,
24020,240,count,What is the amount of grass areas in the image?,amount-of,grassland,11,16,0.06829647719860077,0.00-0.49,11-20,RSVQA Specialist v1,False,
24021,240,count,How many buildings are there?,how-many,building,43,44,0.08493127673864365,0.00-0.49,21-50,RSVQA Specialist v1,False,
24022,240,count,How many residential buildings are there?,how-many,building,43,44,0.07488120347261429,0.00-0.49,21-50,RSVQA Specialist v1,False,
24023,240,count,What is the number of water areas in the image?,number-of,water,4,5,0.14919359982013702,0.00-0.49,2-5,RSVQA Specialist v1,False,
24033,240,comp,Are there more residential buildings than roads?,more-than,building vs road,yes,no,0.7678458094596863,0.75-0.89,n/a,RSVQA Specialist v1,False,
24034,240,count,What is the amount of water areas next to a  building?,amount-of,water,1,3,0.21693500876426697,0.00-0.49,1,RSVQA Specialist v1,False,
24035,240,comp,Are there more buildings than roads?,more-than,building vs road,yes,no,0.82914137840271,0.75-0.89,n/a,RSVQA Specialist v1,False,
24041,240,comp,Are there less roads than grass areas in the image?,less-than,road vs grassland,no,yes,0.5650133490562439,0.50-0.74,n/a,RSVQA Specialist v1,False,
24047,240,comp,Are there less buildings than roads?,less-than,building vs road,no,yes,0.7200583219528198,0.50-0.74,n/a,RSVQA Specialist v1,False,
24053,240,count,How many water areas at the top of a  road are there?,how-many,water,0,3,0.20796631276607513,0.00-0.49,0,RSVQA Specialist v1,False,
24056,240,presence,Is a small grass area present?,present,grassland,no,yes,0.565374493598938,0.50-0.74,n/a,RSVQA Specialist v1,False,
24057,240,count,What is the number of forests?,number-of,forest,14,5,0.14144136011600494,0.00-0.49,11-20,RSVQA Specialist v1,False,
24063,240,comp,Are there less residential buildings than roads in the image?,less-than,building vs road,no,yes,0.7204763889312744,0.50-0.74,n/a,RSVQA Specialist v1,False,
24069,240,count,What is the number of roads on the left of a  forest in the image?,number-of,road,5,12,0.1538819819688797,0.00-0.49,2-5,RSVQA Specialist v1,False,
24070,240,comp,Are there more water areas than residential buildings next to a  farmland?,more-than,water vs building,no,yes,0.5472112894058228,0.50-0.74,n/a,RSVQA Specialist v1,False,
24071,240,count,What is the number of farmlands at the bottom of a  small residential building?,number-of,agriculture,19,0,0.6035033464431763,0.50-0.74,11-20,RSVQA Specialist v1,False,
24079,240,count,What is the amount of rectangular residential buildings?,amount-of,building,32,16,0.061002593487501144,0.00-0.49,21-50,RSVQA Specialist v1,False,
24080,240,comp,Is the number of square residential buildings equal to the number of square farmlands?,equal-to,building vs agriculture,yes,no,0.9602415561676025,0.90-1.00,n/a,RSVQA Specialist v1,False,
24082,240,comp,Are there less roads than buildings?,less-than,road vs building,yes,no,0.6618179082870483,0.50-0.74,n/a,RSVQA Specialist v1,False,
24084,240,count,What is the amount of small roads?,amount-of,road,16,26,0.05049142241477966,0.00-0.49,11-20,RSVQA Specialist v1,False,
24087,240,count,What is the number of large water areas?,number-of,water,4,2,0.1878829002380371,0.00-0.49,2-5,RSVQA Specialist v1,False,
24090,240,count,What is the amount of residential buildings at the bottom of a  road?,amount-of,building,43,27,0.08614929020404816,0.00-0.49,21-50,RSVQA Specialist v1,False,
24092,240,comp,Are there less farmlands than roads in the image?,less-than,agriculture vs road,no,yes,0.859015166759491,0.75-0.89,n/a,RSVQA Specialist v1,False,
24095,240,presence,Is there a small water area?,is-there,water,no,yes,0.7316445708274841,0.50-0.74,n/a,RSVQA Specialist v1,False,
24104,240,comp,Are there more water areas than farmlands?,more-than,water vs agriculture,no,yes,0.5472512245178223,0.50-0.74,n/a,RSVQA Specialist v1,False,
24105,240,count,How many residential buildings on the right of a  farmland are there?,how-many,building,43,15,0.06815166771411896,0.00-0.49,21-50,RSVQA Specialist v1,False,
24109,241,count,What is the amount of large forests in the image?,amount-of,forest,2,6,0.18012718856334686,0.00-0.49,2-5,RSVQA Specialist v1,False,
24110,241,presence,Is there a commercial building?,is-there,building,yes,no,0.8130217790603638,0.75-0.89,n/a,RSVQA Specialist v1,False,
24112,241,count,How many water areas are there?,how-many,water,15,18,0.08685383945703506,0.00-0.49,11-20,RSVQA Specialist v1,False,
24114,241,count,What is the amount of grass areas?,amount-of,grassland,71,201+,0.06927017867565155,0.00-0.49,51-100,RSVQA Specialist v1,False,
24115,241,count,What is the number of roads?,number-of,road,31,40,0.07184445858001709,0.00-0.49,21-50,RSVQA Specialist v1,False,
24117,241,count,How many buildings are there?,how-many,building,138,44,0.059032320976257324,0.00-0.49,101-200,RSVQA Specialist v1,False,
24119,241,count,What is the amount of residential buildings?,amount-of,building,121,89,0.039727576076984406,0.00-0.49,101-200,RSVQA Specialist v1,False,
24120,241,presence,Is there a rectangular farmland?,is-there,agriculture,yes,no,0.8558384776115417,0.75-0.89,n/a,RSVQA Specialist v1,False,
24122,241,count,How many square grass areas are there?,how-many,grassland,2,0,0.9920864701271057,0.90-1.00,2-5,RSVQA Specialist v1,False,
24130,241,count,What is the amount of farmlands?,amount-of,agriculture,58,16,0.10757604986429214,0.00-0.49,51-100,RSVQA Specialist v1,False,
24132,241,count,What is the number of commercial buildings at the bottom of a  water area?,number-of,building,16,0,0.8710059523582458,0.75-0.89,11-20,RSVQA Specialist v1,False,
24134,241,count,How many commercial buildings are there in the image?,how-many,building,16,0,0.8367423415184021,0.75-0.89,11-20,RSVQA Specialist v1,False,
24135,241,comp,Are there less residential buildings than grass areas?,less-than,building vs grassland,no,yes,0.7250476479530334,0.50-0.74,n/a,RSVQA Specialist v1,False,
24139,241,count,How many small commercial buildings are there?,how-many,building,12,0,0.7929679155349731,0.75-0.89,11-20,RSVQA Specialist v1,False,
24144,241,count,How many forests are there?,how-many,forest,40,16,0.0884748250246048,0.00-0.49,21-50,RSVQA Specialist v1,False,
24151,241,count,How many circular residential buildings are there?,how-many,building,1,0,0.8496989607810974,0.75-0.89,1,RSVQA Specialist v1,False,
24155,241,count,What is the number of rectangular commercial buildings?,number-of,building,8,0,0.9537129998207092,0.90-1.00,6-10,RSVQA Specialist v1,False,
24156,241,count,What is the amount of residential buildings next to a  road?,amount-of,building,121,44,0.056042809039354324,0.00-0.49,101-200,RSVQA Specialist v1,False,
24161,241,presence,Is a circular water area present?,present,water,yes,no,0.9823145866394043,0.90-1.00,n/a,RSVQA Specialist v1,False,
24163,241,comp,Are there less roads than forests in the image?,less-than,road vs forest,yes,no,0.7381449341773987,0.50-0.74,n/a,RSVQA Specialist v1,False,
24165,241,presence,Is there a square building?,is-there,building,yes,no,0.5840393304824829,0.50-0.74,n/a,RSVQA Specialist v1,False,
24169,241,count,What is the amount of orchards?,amount-of,scene,1,5,0.22360539436340332,0.00-0.49,1,RSVQA Specialist v1,False,
24172,241,count,What is the number of rectangular residential buildings?,number-of,building,82,44,0.04076651856303215,0.00-0.49,51-100,RSVQA Specialist v1,False,
24183,241,count,How many commercial buildings on the right of a  water area are there?,how-many,building,14,0,0.8446360230445862,0.75-0.89,11-20,RSVQA Specialist v1,False,
24185,241,count,What is the amount of circular water areas?,amount-of,water,1,0,0.9779267907142639,0.90-1.00,1,RSVQA Specialist v1,False,
24189,241,presence,Is there a commercial building on the left of a  road?,is-there,building,yes,no,0.6382940411567688,0.50-0.74,n/a,RSVQA Specialist v1,False,
24191,241,count,How many circular grass areas are there?,how-many,grassland,2,0,0.992176353931427,0.90-1.00,2-5,RSVQA Specialist v1,False,
24194,241,count,What is the number of large farmlands?,number-of,agriculture,58,44,0.06351686269044876,0.00-0.49,51-100,RSVQA Specialist v1,False,
24195,241,count,What is the amount of rectangular water areas?,amount-of,water,1,0,0.25185224413871765,0.00-0.49,1,RSVQA Specialist v1,False,
24198,241,comp,Are there more buildings than grass areas?,more-than,building vs grassland,yes,no,0.609013020992279,0.50-0.74,n/a,RSVQA Specialist v1,False,
24203,241,presence,Is a rectangular commercial building present?,present,building,yes,no,0.9594228267669678,0.90-1.00,n/a,RSVQA Specialist v1,False,
24206,241,count,What is the number of forests at the bottom of a  water area?,number-of,forest,40,18,0.07108060270547867,0.00-0.49,21-50,RSVQA Specialist v1,False,
24212,242,count,How many buildings are there in the image?,how-many,building,885,201+,0.9948613047599792,0.90-1.00,201+,RSVQA Specialist v1,False,
24213,242,count,What is the amount of medium forests?,amount-of,forest,15,14,0.11958318203687668,0.00-0.49,11-20,RSVQA Specialist v1,False,
24214,242,count,What is the amount of grass areas?,amount-of,grassland,316,201+,0.8893345594406128,0.75-0.89,201+,RSVQA Specialist v1,False,
24218,242,count,What is the number of residential buildings?,number-of,building,850,201+,0.9936972260475159,0.90-1.00,201+,RSVQA Specialist v1,False,
24224,242,count,How many roads are there?,how-many,road,248,201+,0.8273552656173706,0.75-0.89,201+,RSVQA Specialist v1,False,
24226,242,count,What is the amount of circular buildings?,amount-of,building,5,6,0.5847085118293762,0.50-0.74,2-5,RSVQA Specialist v1,False,
24227,242,count,What is the amount of commercial buildings next to a  road?,amount-of,building,21,6,0.1537514328956604,0.00-0.49,21-50,RSVQA Specialist v1,False,
24229,242,count,What is the amount of water areas?,amount-of,water,179,31,0.062364041805267334,0.00-0.49,101-200,RSVQA Specialist v1,False,
24232,242,count,What is the amount of commercial buildings?,amount-of,building,21,6,0.14092589914798737,0.00-0.49,21-50,RSVQA Specialist v1,False,
24233,242,count,What is the amount of medium commercial buildings?,amount-of,building,3,1,0.22609993815422058,0.00-0.49,2-5,RSVQA Specialist v1,False,
24237,242,count,How many medium buildings are there?,how-many,building,11,9,0.11439665406942368,0.00-0.49,11-20,RSVQA Specialist v1,False,
24238,242,count,What is the number of small grass areas?,number-of,grassland,41,17,0.1010364219546318,0.00-0.49,21-50,RSVQA Specialist v1,False,
24244,242,count,How many small residential buildings are there?,how-many,building,841,201+,0.9939921498298645,0.90-1.00,201+,RSVQA Specialist v1,False,
24250,242,count,How many rectangular residential buildings are there in the image?,how-many,building,451,201+,0.9912813305854797,0.90-1.00,201+,RSVQA Specialist v1,False,
24251,242,count,How many farmlands are there in the image?,how-many,agriculture,43,1,0.06433022767305374,0.00-0.49,21-50,RSVQA Specialist v1,False,
24253,242,count,How many rectangular commercial buildings are there?,how-many,building,17,6,0.1305387318134308,0.00-0.49,11-20,RSVQA Specialist v1,False,
24254,242,count,What is the number of small buildings?,number-of,building,873,201+,0.9927995204925537,0.90-1.00,201+,RSVQA Specialist v1,False,
24259,242,count,What is the number of large residential buildings in the image?,number-of,building,1,0,0.48485055565834045,0.00-0.49,1,RSVQA Specialist v1,False,
24261,242,count,What is the amount of pitchs?,amount-of,scene,7,6,0.22454053163528442,0.00-0.49,6-10,RSVQA Specialist v1,False,
24269,242,comp,Are there more commercial buildings than farmyards?,more-than,building,yes,no,0.9096513986587524,0.90-1.00,n/a,RSVQA Specialist v1,False,
24278,242,presence,Is there a circular grass area?,is-there,grassland,yes,no,0.8887102603912354,0.75-0.89,n/a,RSVQA Specialist v1,False,
24289,242,count,What is the amount of rectangular buildings?,amount-of,building,480,201+,0.9918807148933411,0.90-1.00,201+,RSVQA Specialist v1,False,
24298,242,presence,Is a building next to a  rectangular road present in the image?,present,building,no,yes,0.9876523017883301,0.90-1.00,n/a,RSVQA Specialist v1,False,
24299,242,count,What is the amount of circular residential buildings?,amount-of,building,4,6,0.39578816294670105,0.00-0.49,2-5,RSVQA Specialist v1,False,
24300,242,count,What is the number of large forests?,number-of,forest,6,1,0.24069929122924805,0.00-0.49,6-10,RSVQA Specialist v1,False,
24302,242,presence,Is there a square grass area?,is-there,grassland,yes,no,0.9258779287338257,0.90-1.00,n/a,RSVQA Specialist v1,False,
24303,242,count,What is the number of forests?,number-of,forest,32,14,0.1256580948829651,0.00-0.49,21-50,RSVQA Specialist v1,False,
24304,242,count,What is the number of circular grass areas in the image?,number-of,grassland,2,0,0.9284405708312988,0.90-1.00,2-5,RSVQA Specialist v1,False,
24309,243,count,What is the amount of rectangular grass areas?,amount-of,grassland,14,30,0.09064049273729324,0.00-0.49,11-20,RSVQA Specialist v1,False,
24312,243,count,What is the number of roads?,number-of,road,394,201+,0.956548810005188,0.90-1.00,201+,RSVQA Specialist v1,False,
24315,243,count,What is the number of residential buildings?,number-of,building,2549,201+,0.9988095760345459,0.90-1.00,201+,RSVQA Specialist v1,False,
24317,243,count,How many forests are there in the image?,how-many,forest,138,201+,0.16599974036216736,0.00-0.49,101-200,RSVQA Specialist v1,False,
24319,243,count,What is the number of grass areas?,number-of,grassland,348,201+,0.7728244066238403,0.75-0.89,201+,RSVQA Specialist v1,False,
24321,243,count,What is the amount of commercial buildings?,amount-of,building,23,51,0.058731935918331146,0.00-0.49,21-50,RSVQA Specialist v1,False,
24324,243,count,What is the number of water areas?,number-of,water,71,31,0.05157380923628807,0.00-0.49,51-100,RSVQA Specialist v1,False,
24326,243,count,What is the number of pitchs in the image?,number-of,scene,3,9,0.22496534883975983,0.00-0.49,2-5,RSVQA Specialist v1,False,
24328,243,count,What is the amount of buildings?,amount-of,building,2607,201+,0.9986140727996826,0.90-1.00,201+,RSVQA Specialist v1,False,
24335,243,count,What is the number of rectangular buildings in the image?,number-of,building,2030,201+,0.9972319006919861,0.90-1.00,201+,RSVQA Specialist v1,False,
24343,243,comp,Are there more medium residential buildings than water areas in the image?,more-than,building vs water,no,yes,0.6810610294342041,0.50-0.74,n/a,RSVQA Specialist v1,False,
24345,243,count,What is the amount of buildings on the right of a  rectangular road?,amount-of,building,0,201+,0.8610986471176147,0.75-0.89,0,RSVQA Specialist v1,False,
24351,243,presence,Is a circular commercial building present?,present,building,yes,no,0.7529736161231995,0.75-0.89,n/a,RSVQA Specialist v1,False,
24356,243,count,What is the amount of small residential buildings in the image?,amount-of,building,2540,201+,0.9988879561424255,0.90-1.00,201+,RSVQA Specialist v1,False,
24357,243,count,What is the amount of large grass areas?,amount-of,grassland,212,201+,0.0468696765601635,0.00-0.49,201+,RSVQA Specialist v1,False,
24358,243,count,What is the number of small water areas in the image?,number-of,water,46,19,0.04736078158020973,0.00-0.49,21-50,RSVQA Specialist v1,False,
24377,243,count,How many large commercial buildings are there?,how-many,building,0,1,0.4409429132938385,0.00-0.49,0,RSVQA Specialist v1,False,
24381,243,count,How many circular water areas are there?,how-many,water,1,2,0.3423558175563812,0.00-0.49,1,RSVQA Specialist v1,False,
24384,243,count,What is the amount of medium forests in the image?,amount-of,forest,36,27,0.06500903517007828,0.00-0.49,21-50,RSVQA Specialist v1,False,
24386,243,count,How many square commercial buildings are there?,how-many,building,1,0,0.9149582386016846,0.90-1.00,1,RSVQA Specialist v1,False,
24388,243,comp,Are there less commercial buildings than medium roads?,less-than,building vs road,no,yes,0.8048193454742432,0.75-0.89,n/a,RSVQA Specialist v1,False,
24391,243,comp,Are there more square grass areas than water areas?,more-than,grassland vs water,no,yes,0.5742193460464478,0.50-0.74,n/a,RSVQA Specialist v1,False,
24395,243,presence,Is a square commercial building present?,present,building,yes,no,0.9504134058952332,0.90-1.00,n/a,RSVQA Specialist v1,False,
24396,243,comp,Are there less commercial buildings than water areas?,less-than,building vs water,yes,no,0.6728230118751526,0.50-0.74,n/a,RSVQA Specialist v1,False,
24399,243,count,What is the number of orchards?,number-of,scene,7,13,0.20260129868984222,0.00-0.49,6-10,RSVQA Specialist v1,False,
24400,243,count,What is the number of small roads?,number-of,road,394,201+,0.866747260093689,0.75-0.89,201+,RSVQA Specialist v1,False,
24402,243,count,What is the amount of roads at the top of a  residential building in the image?,amount-of,road,394,201+,0.7376044392585754,0.50-0.74,201+,RSVQA Specialist v1,False,
24404,243,count,What is the amount of medium buildings?,amount-of,building,12,17,0.09080229699611664,0.00-0.49,11-20,RSVQA Specialist v1,False,
24410,244,count,What is the number of commercial buildings?,number-of,building,11,4,0.24397113919258118,0.00-0.49,11-20,RSVQA Specialist v1,False,
24414,244,count,How many grass areas are there?,how-many,grassland,268,201+,0.5617371797561646,0.50-0.74,201+,RSVQA Specialist v1,False,
24415,244,count,What is the number of buildings?,number-of,building,429,201+,0.9409529566764832,0.90-1.00,201+,RSVQA Specialist v1,False,
24419,244,count,What is the number of residential buildings in the image?,number-of,building,416,201+,0.899459183216095,0.75-0.89,201+,RSVQA Specialist v1,False,
24420,244,presence,Is there a circular building?,is-there,building,no,yes,0.8216090798377991,0.75-0.89,n/a,RSVQA Specialist v1,False,
24424,244,count,How many roads are there?,how-many,road,99,106,0.041121695190668106,0.00-0.49,51-100,RSVQA Specialist v1,False,
24428,244,count,How many large water areas are there?,how-many,water,21,10,0.16694991290569305,0.00-0.49,21-50,RSVQA Specialist v1,False,
24429,244,count,What is the amount of water areas?,amount-of,water,92,31,0.04743965342640877,0.00-0.49,51-100,RSVQA Specialist v1,False,
24433,244,count,What is the amount of rectangular residential buildings?,amount-of,building,227,201+,0.5899451375007629,0.50-0.74,201+,RSVQA Specialist v1,False,
24439,244,presence,Is a square building present?,present,building,no,yes,0.9302420020103455,0.90-1.00,n/a,RSVQA Specialist v1,False,
24440,244,count,What is the amount of small water areas?,amount-of,water,57,15,0.12308278679847717,0.00-0.49,51-100,RSVQA Specialist v1,False,
24441,244,count,How many medium water areas are there?,how-many,water,385,5,0.12585823237895966,0.00-0.49,201+,RSVQA Specialist v1,False,
24443,244,count,How many pitchs are there?,how-many,scene,6,3,0.19403059780597687,0.00-0.49,6-10,RSVQA Specialist v1,False,
24447,244,comp,Are there more square water areas than commercial buildings?,more-than,water vs building,no,yes,0.8427208065986633,0.75-0.89,n/a,RSVQA Specialist v1,False,
24454,244,count,What is the number of small commercial buildings?,number-of,building,10,3,0.2508254945278168,0.00-0.49,6-10,RSVQA Specialist v1,False,
24458,244,count,What is the number of small grass areas?,number-of,grassland,7,28,0.07836095243692398,0.00-0.49,6-10,RSVQA Specialist v1,False,
24459,244,count,What is the amount of forests?,amount-of,forest,21,33,0.04773997887969017,0.00-0.49,21-50,RSVQA Specialist v1,False,
24461,244,count,How many medium grass areas are there in the image?,how-many,grassland,18,17,0.0590033158659935,0.00-0.49,11-20,RSVQA Specialist v1,False,
24475,244,count,What is the amount of small residential buildings?,amount-of,building,413,201+,0.928684651851654,0.90-1.00,201+,RSVQA Specialist v1,False,
24487,244,count,How many farmlands are there?,how-many,agriculture,17,27,0.06999250501394272,0.00-0.49,11-20,RSVQA Specialist v1,False,
24490,244,count,What is the number of rectangular commercial buildings?,number-of,building,10,2,0.2500607371330261,0.00-0.49,6-10,RSVQA Specialist v1,False,
24509,245,count,How many residential buildings are there?,how-many,building,64,44,0.053190991282463074,0.00-0.49,51-100,RSVQA Specialist v1,False,
24511,245,count,What is the number of forests?,number-of,forest,47,16,0.07189315557479858,0.00-0.49,21-50,RSVQA Specialist v1,False,
24512,245,count,What is the amount of buildings?,amount-of,building,66,44,0.03704753518104553,0.00-0.49,51-100,RSVQA Specialist v1,False,
24515,245,count,What is the number of small water areas?,number-of,water,3,5,0.1412433236837387,0.00-0.49,2-5,RSVQA Specialist v1,False,
24518,245,count,How many medium water areas are there?,how-many,water,3,0,0.35796457529067993,0.00-0.49,2-5,RSVQA Specialist v1,False,
24519,245,count,How many roads are there?,how-many,road,44,48,0.12466719001531601,0.00-0.49,21-50,RSVQA Specialist v1,False,
24522,245,presence,Is a commercial building present?,present,building,no,yes,0.8087852597236633,0.75-0.89,n/a,RSVQA Specialist v1,False,
24523,245,count,How many grass areas are there?,how-many,grassland,21,55,0.06540758907794952,0.00-0.49,21-50,RSVQA Specialist v1,False,
24526,245,count,How many water areas are there?,how-many,water,12,10,0.15417686104774475,0.00-0.49,11-20,RSVQA Specialist v1,False,
24527,245,count,What is the number of orchards?,number-of,scene,3,5,0.2842763364315033,0.00-0.49,2-5,RSVQA Specialist v1,False,
24533,245,count,What is the number of meadows?,number-of,scene,7,10,0.0794038400053978,0.00-0.49,6-10,RSVQA Specialist v1,False,
24539,245,count,What is the number of farmlands?,number-of,agriculture,31,47,0.06023552268743515,0.00-0.49,21-50,RSVQA Specialist v1,False,
24543,245,count,What is the number of rectangular forests?,number-of,forest,16,6,0.17766457796096802,0.00-0.49,11-20,RSVQA Specialist v1,False,
24544,245,presence,Is there a rectangular farmyard?,is-there,scene,no,yes,0.6091938018798828,0.50-0.74,n/a,RSVQA Specialist v1,False,
24547,245,count,What is the number of small grass areas in the image?,number-of,grassland,6,0,0.3813695013523102,0.00-0.49,6-10,RSVQA Specialist v1,False,
24558,245,count,What is the amount of small residential buildings?,amount-of,building,59,45,0.05645235255360603,0.00-0.49,51-100,RSVQA Specialist v1,False,
24574,245,count,What is the amount of rectangular residential buildings?,amount-of,building,51,44,0.04751438647508621,0.00-0.49,51-100,RSVQA Specialist v1,False,
24576,245,count,How many roads on the right of a  building are there?,how-many,road,36,48,0.06342243403196335,0.00-0.49,21-50,RSVQA Specialist v1,False,
24586,245,count,What is the amount of residential buildings at the bottom of a  road?,amount-of,building,64,44,0.09878256916999817,0.00-0.49,51-100,RSVQA Specialist v1,False,
24603,245,count,What is the amount of forests at the bottom of a  large road?,amount-of,forest,0,6,0.09774774312973022,0.00-0.49,0,RSVQA Specialist v1,False,
24605,245,presence,Is a medium water area present?,present,water,yes,no,0.5762959122657776,0.50-0.74,n/a,RSVQA Specialist v1,False,
24606,245,count,What is the amount of rectangular buildings?,amount-of,building,52,44,0.052843980491161346,0.00-0.49,51-100,RSVQA Specialist v1,False,
24607,245,count,How many small roads are there?,how-many,road,44,48,0.09838315099477768,0.00-0.49,21-50,RSVQA Specialist v1,False,
24615,246,count,How many roads are there?,how-many,road,31,8,0.15570193529129028,0.00-0.49,21-50,RSVQA Specialist v1,False,
24617,246,count,How many scrubs are there?,how-many,scrub,8,1,0.33790695667266846,0.00-0.49,6-10,RSVQA Specialist v1,False,
24619,246,count,What is the number of buildings?,number-of,building,5,2,0.1395111232995987,0.00-0.49,2-5,RSVQA Specialist v1,False,
24622,246,comp,Are there less scrubs than commercial buildings?,less-than,scrub vs building,no,yes,0.7741166949272156,0.75-0.89,n/a,RSVQA Specialist v1,False,
24624,246,count,What is the number of residential buildings in the image?,number-of,building,4,2,0.23371705412864685,0.00-0.49,2-5,RSVQA Specialist v1,False,
24625,246,count,How many parkings are there?,how-many,scene,2,1,0.7952840924263,0.75-0.89,2-5,RSVQA Specialist v1,False,
24627,246,count,What is the number of small scrubs?,number-of,scrub,1,0,0.6353176236152649,0.50-0.74,1,RSVQA Specialist v1,False,
24633,246,comp,Are there more buildings than scrubs?,more-than,building vs scrub,no,yes,0.5342191457748413,0.50-0.74,n/a,RSVQA Specialist v1,False,
24638,246,comp,Are there less scrubs than small residential buildings?,less-than,scrub vs building,no,yes,0.6148132681846619,0.50-0.74,n/a,RSVQA Specialist v1,False,
24650,246,comp,Are there less residential buildings than scrubs?,less-than,building vs scrub,yes,no,0.6059442162513733,0.50-0.74,n/a,RSVQA Specialist v1,False,
24653,246,count,What is the number of residential buildings on the right of a  scrub?,number-of,building,4,0,0.33655834197998047,0.00-0.49,2-5,RSVQA Specialist v1,False,
24655,246,presence,Is there a large parking in the image?,is-there,scene,yes,no,0.8036739230155945,0.75-0.89,n/a,RSVQA Specialist v1,False,
24658,246,comp,Are there more scrubs than roads?,more-than,scrub vs road,no,yes,0.6085748076438904,0.50-0.74,n/a,RSVQA Specialist v1,False,
24663,246,count,What is the amount of small roads in the image?,amount-of,road,31,8,0.22651422023773193,0.00-0.49,21-50,RSVQA Specialist v1,False,
24668,246,presence,Is there a small scrub?,is-there,scrub,yes,no,0.5495436787605286,0.50-0.74,n/a,RSVQA Specialist v1,False,
24669,246,count,How many rectangular parkings are there?,how-many,scene,1,0,0.7779350280761719,0.75-0.89,1,RSVQA Specialist v1,False,
24671,246,count,What is the number of buildings on the right of a  scrub in the image?,number-of,building,5,3,0.21638277173042297,0.00-0.49,2-5,RSVQA Specialist v1,False,
24673,246,count,What is the number of scrubs at the bottom of a  road?,number-of,scrub,6,5,0.23484118282794952,0.00-0.49,6-10,RSVQA Specialist v1,False,
24678,246,count,What is the number of large scrubs?,number-of,scrub,4,1,0.44818630814552307,0.00-0.49,2-5,RSVQA Specialist v1,False,
24679,246,presence,Is there a road next to a  medium scrub?,is-there,road,yes,no,0.9221488237380981,0.90-1.00,n/a,RSVQA Specialist v1,False,
24696,246,count,What is the amount of scrubs next to a  commercial building?,amount-of,scrub,0,1,0.6528581380844116,0.50-0.74,0,RSVQA Specialist v1,False,
24697,246,comp,Is the number of square residential buildings equal to the number of commercial buildings?,equal-to,building vs building,yes,no,0.8585121631622314,0.75-0.89,n/a,RSVQA Specialist v1,False,
24698,246,count,What is the amount of wetlands?,amount-of,wetland,1,4,0.2446739226579666,0.00-0.49,1,RSVQA Specialist v1,False,
24711,247,count,What is the number of residential buildings?,number-of,building,3660,201+,0.9985118508338928,0.90-1.00,201+,RSVQA Specialist v1,False,
24712,247,count,How many buildings are there?,how-many,building,3859,201+,0.9969692826271057,0.90-1.00,201+,RSVQA Specialist v1,False,
24713,247,count,What is the number of grass areas?,number-of,grassland,159,201+,0.544719398021698,0.50-0.74,101-200,RSVQA Specialist v1,False,
24715,247,count,How many water areas are there?,how-many,water,108,201+,0.0618007630109787,0.00-0.49,101-200,RSVQA Specialist v1,False,
24719,247,comp,Are there less farmlands than water areas?,less-than,agriculture vs water,yes,no,0.5344815850257874,0.50-0.74,n/a,RSVQA Specialist v1,False,
24722,247,count,What is the number of residential areas?,number-of,scene,6,4,0.19039836525917053,0.00-0.49,6-10,RSVQA Specialist v1,False,
24724,247,count,What is the number of commercial buildings?,number-of,building,187,201+,0.14979632198810577,0.00-0.49,101-200,RSVQA Specialist v1,False,
24725,247,count,How many pitchs are there?,how-many,scene,145,9,0.28687527775764465,0.00-0.49,101-200,RSVQA Specialist v1,False,
24731,247,count,What is the amount of small water areas in the image?,amount-of,water,57,19,0.07481005042791367,0.00-0.49,51-100,RSVQA Specialist v1,False,
24732,247,count,What is the amount of farmlands in the image?,amount-of,agriculture,41,28,0.05546867102384567,0.00-0.49,21-50,RSVQA Specialist v1,False,
24735,247,count,What is the number of roads?,number-of,road,830,201+,0.9937180280685425,0.90-1.00,201+,RSVQA Specialist v1,False,
24739,247,count,What is the amount of forests?,amount-of,forest,55,119,0.030954357236623764,0.00-0.49,51-100,RSVQA Specialist v1,False,
24743,247,count,What is the amount of circular water areas?,amount-of,water,1,2,0.18507514894008636,0.00-0.49,1,RSVQA Specialist v1,False,
24745,247,comp,Are there less commercial buildings than farmlands?,less-than,building vs agriculture,no,yes,0.7268510460853577,0.50-0.74,n/a,RSVQA Specialist v1,False,
24761,247,count,What is the amount of large commercial buildings?,amount-of,building,5,0,0.32299524545669556,0.00-0.49,2-5,RSVQA Specialist v1,False,
24769,247,count,What is the amount of medium water areas?,amount-of,water,18,8,0.08097268640995026,0.00-0.49,11-20,RSVQA Specialist v1,False,
24770,247,count,What is the number of parkings?,number-of,scene,11,9,0.10949942469596863,0.00-0.49,11-20,RSVQA Specialist v1,False,
24771,247,count,How many circular residential buildings are there in the image?,how-many,building,4,1,0.23369859158992767,0.00-0.49,2-5,RSVQA Specialist v1,False,
24772,247,count,How many commercial buildings at the bottom of a  road are there?,how-many,building,187,20,0.07231304049491882,0.00-0.49,101-200,RSVQA Specialist v1,False,
24774,247,count,What is the amount of place of worships in the image?,amount-of,scene,4,1,0.4205905497074127,0.00-0.49,2-5,RSVQA Specialist v1,False,
24779,247,count,What is the number of square grass areas?,number-of,grassland,2,1,0.5453314781188965,0.50-0.74,2-5,RSVQA Specialist v1,False,
24782,247,count,What is the amount of circular grass areas?,amount-of,grassland,2,1,0.48436036705970764,0.00-0.49,2-5,RSVQA Specialist v1,False,
24788,247,count,What is the amount of large residential buildings next to a  grass area?,amount-of,building,4,1,0.20969854295253754,0.00-0.49,2-5,RSVQA Specialist v1,False,
24795,247,count,How many small residential buildings are there?,how-many,building,3638,201+,0.9979800581932068,0.90-1.00,201+,RSVQA Specialist v1,False,
24796,247,count,How many medium grass areas are there in the image?,how-many,grassland,61,19,0.06099163368344307,0.00-0.49,51-100,RSVQA Specialist v1,False,
24799,247,count,What is the amount of playgrounds?,amount-of,scene,2,6,0.21798038482666016,0.00-0.49,2-5,RSVQA Specialist v1,False,
24800,247,comp,Are there more circular water areas than buildings?,more-than,water vs building,no,yes,0.5348421335220337,0.50-0.74,n/a,RSVQA Specialist v1,False,
24804,247,comp,Are there less commercial buildings than grass areas?,less-than,building vs grassland,no,yes,0.9596530795097351,0.90-1.00,n/a,RSVQA Specialist v1,False,
24805,247,count,What is the amount of large grass areas?,amount-of,grassland,52,97,0.037671659141778946,0.00-0.49,51-100,RSVQA Specialist v1,False,
24811,248,count,What is the number of water areas?,number-of,water,34,17,0.057743094861507416,0.00-0.49,21-50,RSVQA Specialist v1,False,
24812,248,comp,Are there less forests than water areas in the image?,less-than,forest vs water,yes,no,0.6348099112510681,0.50-0.74,n/a,RSVQA Specialist v1,False,
24814,248,count,What is the amount of residential buildings?,amount-of,building,106,74,0.05969732627272606,0.00-0.49,101-200,RSVQA Specialist v1,False,
24816,248,count,What is the amount of roads?,amount-of,road,47,49,0.034947413951158524,0.00-0.49,21-50,RSVQA Specialist v1,False,
24818,248,count,What is the amount of medium water areas in the image?,amount-of,water,7,2,0.21843349933624268,0.00-0.49,6-10,RSVQA Specialist v1,False,
24819,248,comp,Are there less water areas than roads?,less-than,water vs road,no,yes,0.8178889751434326,0.75-0.89,n/a,RSVQA Specialist v1,False,
24821,248,count,What is the amount of commercial buildings?,amount-of,building,7,0,0.42803099751472473,0.00-0.49,6-10,RSVQA Specialist v1,False,
24823,248,comp,Are there more buildings than water areas?,more-than,building vs water,no,yes,0.9373033046722412,0.90-1.00,n/a,RSVQA Specialist v1,False,
24829,248,count,What is the amount of grass areas?,amount-of,grassland,139,201+,0.21356789767742157,0.00-0.49,101-200,RSVQA Specialist v1,False,
24831,248,count,What is the number of buildings?,number-of,building,115,74,0.05233433470129967,0.00-0.49,101-200,RSVQA Specialist v1,False,
24832,248,count,What is the number of farmlands?,number-of,agriculture,17,15,0.07739926874637604,0.00-0.49,11-20,RSVQA Specialist v1,False,
24833,248,presence,Is a large residential building present in the image?,present,building,no,yes,0.5096426606178284,0.50-0.74,n/a,RSVQA Specialist v1,False,
24837,248,count,What is the number of residential buildings on the left of a  forest?,number-of,building,20,50,0.040873512625694275,0.00-0.49,11-20,RSVQA Specialist v1,False,
24839,248,presence,Is there a square building?,is-there,building,yes,no,0.9047617316246033,0.90-1.00,n/a,RSVQA Specialist v1,False,
24845,248,count,What is the number of medium buildings?,number-of,building,7,2,0.2963622510433197,0.00-0.49,6-10,RSVQA Specialist v1,False,
24849,248,comp,Are there more farmlands next to a  residential building than grass areas?,more-than,agriculture vs grassland,no,yes,0.5683643221855164,0.50-0.74,n/a,RSVQA Specialist v1,False,
24857,248,presence,Is a circular residential building present?,present,building,yes,no,0.7440582513809204,0.50-0.74,n/a,RSVQA Specialist v1,False,
24867,248,comp,Are there more roads than circular grass areas?,more-than,road vs grassland,yes,no,0.6277098059654236,0.50-0.74,n/a,RSVQA Specialist v1,False,
24872,248,comp,Are there more water areas on the right of a  road than residential buildings?,more-than,water vs building,no,yes,0.5022086501121521,0.50-0.74,n/a,RSVQA Specialist v1,False,
24874,248,presence,Is a circular grass area present?,present,grassland,yes,no,0.9907853603363037,0.90-1.00,n/a,RSVQA Specialist v1,False,
24876,248,count,What is the number of medium grass areas?,number-of,grassland,14,8,0.09489767998456955,0.00-0.49,11-20,RSVQA Specialist v1,False,
24879,248,count,What is the amount of small roads?,amount-of,road,47,116,0.035399433225393295,0.00-0.49,21-50,RSVQA Specialist v1,False,
24881,248,presence,Is a circular building present?,present,building,yes,no,0.922103226184845,0.90-1.00,n/a,RSVQA Specialist v1,False,
24889,248,count,What is the number of rectangular water areas?,number-of,water,5,2,0.22842471301555634,0.00-0.49,2-5,RSVQA Specialist v1,False,
24891,248,count,What is the amount of large commercial buildings?,amount-of,building,2,0,0.9283635020256042,0.90-1.00,2-5,RSVQA Specialist v1,False,
24896,248,count,What is the number of rectangular commercial buildings?,number-of,building,4,0,0.878589391708374,0.75-0.89,2-5,RSVQA Specialist v1,False,
24898,248,count,What is the number of circular buildings?,number-of,building,2,0,0.9492332935333252,0.90-1.00,2-5,RSVQA Specialist v1,False,
24901,248,count,What is the amount of large buildings?,amount-of,building,2,0,0.5485284924507141,0.50-0.74,2-5,RSVQA Specialist v1,False,
24909,249,count,What is the amount of buildings?,amount-of,building,60,115,0.028474166989326477,0.00-0.49,51-100,RSVQA Specialist v1,False,
24912,249,count,What is the number of water areas?,number-of,water,23,14,0.0912284255027771,0.00-0.49,21-50,RSVQA Specialist v1,False,
24915,249,count,How many medium buildings are there?,how-many,building,4,8,0.08642464131116867,0.00-0.49,2-5,RSVQA Specialist v1,False,
24919,249,count,What is the amount of residential buildings?,amount-of,building,58,57,0.034537605941295624,0.00-0.49,51-100,RSVQA Specialist v1,False,
24922,249,presence,Is a square building present?,present,building,no,yes,0.9087366461753845,0.90-1.00,n/a,RSVQA Specialist v1,False,
24923,249,count,What is the amount of orchards?,amount-of,scene,10,5,0.19611725211143494,0.00-0.49,6-10,RSVQA Specialist v1,False,
24924,249,count,What is the amount of grass areas?,amount-of,grassland,47,49,0.05083119124174118,0.00-0.49,21-50,RSVQA Specialist v1,False,
24928,249,count,What is the amount of forests in the image?,amount-of,forest,101,12,0.040598951280117035,0.00-0.49,101-200,RSVQA Specialist v1,False,
24929,249,count,What is the number of roads next to a  residential building in the image?,number-of,road,37,50,0.03279295563697815,0.00-0.49,21-50,RSVQA Specialist v1,False,
24933,249,presence,Is a large parking present?,present,scene,yes,no,0.7930507063865662,0.75-0.89,n/a,RSVQA Specialist v1,False,
24939,249,count,What is the amount of square water areas?,amount-of,water,1,0,0.24558991193771362,0.00-0.49,1,RSVQA Specialist v1,False,
24945,249,count,How many farmlands are there?,how-many,agriculture,34,44,0.05064650997519493,0.00-0.49,21-50,RSVQA Specialist v1,False,
24951,249,count,What is the amount of roads on the right of a  water area?,amount-of,road,39,49,0.03428420051932335,0.00-0.49,21-50,RSVQA Specialist v1,False,
24953,249,count,How many small farmlands are there in the image?,how-many,agriculture,1,0,0.932468831539154,0.90-1.00,1,RSVQA Specialist v1,False,
24954,249,count,What is the number of small roads in the image?,number-of,road,40,142,0.07729486376047134,0.00-0.49,21-50,RSVQA Specialist v1,False,
24958,249,count,How many square buildings are there?,how-many,building,0,3,0.28677183389663696,0.00-0.49,0,RSVQA Specialist v1,False,
24962,249,count,How many circular buildings are there?,how-many,building,0,1,0.3881956934928894,0.00-0.49,0,RSVQA Specialist v1,False,
24963,249,count,What is the number of medium water areas?,number-of,water,7,2,0.14896509051322937,0.00-0.49,6-10,RSVQA Specialist v1,False,
24967,249,comp,Are there less forests than buildings?,less-than,forest vs building,no,yes,0.8386609554290771,0.75-0.89,n/a,RSVQA Specialist v1,False,
24968,249,count,What is the amount of circular residential buildings in the image?,amount-of,building,0,2,0.284514456987381,0.00-0.49,0,RSVQA Specialist v1,False,
24970,249,comp,Are there more residential buildings than parkings?,more-than,building,yes,no,0.7794473767280579,0.75-0.89,n/a,RSVQA Specialist v1,False,
24972,249,comp,Are there more forests than residential buildings?,more-than,forest vs building,yes,no,0.7440264225006104,0.50-0.74,n/a,RSVQA Specialist v1,False,
24978,249,count,What is the amount of rectangular forests in the image?,amount-of,forest,42,6,0.18070948123931885,0.00-0.49,21-50,RSVQA Specialist v1,False,
24981,249,count,What is the amount of large grass areas?,amount-of,grassland,25,40,0.04403887316584587,0.00-0.49,21-50,RSVQA Specialist v1,False,
24983,249,count,How many large residential buildings are there?,how-many,building,1,0,0.6698552966117859,0.50-0.74,1,RSVQA Specialist v1,False,
24987,249,count,What is the number of small water areas?,number-of,water,7,5,0.10239586234092712,0.00-0.49,6-10,RSVQA Specialist v1,False,
24991,249,count,What is the amount of rectangular residential buildings?,amount-of,building,45,50,0.0307315681129694,0.00-0.49,21-50,RSVQA Specialist v1,False,
24992,249,count,How many rectangular buildings are there?,how-many,building,46,50,0.03232204169034958,0.00-0.49,21-50,RSVQA Specialist v1,False,
24993,249,comp,Are there less large forests than roads?,less-than,forest vs road,no,yes,0.823059618473053,0.75-0.89,n/a,RSVQA Specialist v1,False,
24996,249,count,How many medium grass areas are there?,how-many,grassland,10,8,0.09163443744182587,0.00-0.49,6-10,RSVQA Specialist v1,False,
24998,249,count,What is the number of residential buildings at the bottom of a  water area?,number-of,building,33,23,0.03692169114947319,0.00-0.49,21-50,RSVQA Specialist v1,False,
25000,249,comp,Are there more roads than forests?,more-than,road vs forest,no,yes,0.7536047697067261,0.75-0.89,n/a,RSVQA Specialist v1,False,
25001,249,comp,Are there less roads than forests in the image?,less-than,road vs forest,yes,no,0.6346924304962158,0.50-0.74,n/a,RSVQA Specialist v1,False,
25002,249,count,What is the amount of water areas at the bottom of a  forest?,amount-of,water,21,14,0.11052215099334717,0.00-0.49,21-50,RSVQA Specialist v1,False,
25003,249,count,How many large buildings are there?,how-many,building,1,0,0.4160078763961792,0.00-0.49,1,RSVQA Specialist v1,False,
25006,249,count,What is the amount of roads at the top of a  water area?,amount-of,road,40,49,0.03272823244333267,0.00-0.49,21-50,RSVQA Specialist v1,False,
25007,249,presence,Is a rectangular commercial building present?,present,building,no,yes,0.5736007690429688,0.50-0.74,n/a,RSVQA Specialist v1,False,
25010,250,count,What is the number of residential buildings?,number-of,building,1296,201+,0.996503472328186,0.90-1.00,201+,RSVQA Specialist v1,False,
25011,250,count,What is the amount of commercial buildings?,amount-of,building,1,4,0.2614574134349823,0.00-0.49,1,RSVQA Specialist v1,False,
25013,250,count,What is the number of grass areas?,number-of,grassland,312,201+,0.845189094543457,0.75-0.89,201+,RSVQA Specialist v1,False,
25015,250,count,What is the number of buildings?,number-of,building,1298,201+,0.9968992471694946,0.90-1.00,201+,RSVQA Specialist v1,False,
25019,250,count,What is the number of small roads in the image?,number-of,road,333,201+,0.8863427042961121,0.75-0.89,201+,RSVQA Specialist v1,False,
25023,250,count,How many water areas are there?,how-many,water,61,31,0.048270512372255325,0.00-0.49,51-100,RSVQA Specialist v1,False,
25024,250,count,What is the number of roads?,number-of,road,333,201+,0.9185977578163147,0.90-1.00,201+,RSVQA Specialist v1,False,
25030,250,count,What is the amount of square buildings?,amount-of,building,2,0,0.5789480805397034,0.50-0.74,2-5,RSVQA Specialist v1,False,
25033,250,comp,Are there more medium grass areas than roads?,more-than,grassland vs road,no,yes,0.6549129486083984,0.50-0.74,n/a,RSVQA Specialist v1,False,
25036,250,count,How many rectangular water areas are there?,how-many,water,14,9,0.15774387121200562,0.00-0.49,11-20,RSVQA Specialist v1,False,
25037,250,count,What is the amount of forests?,amount-of,forest,19,23,0.06605738401412964,0.00-0.49,11-20,RSVQA Specialist v1,False,
25040,250,count,How many rectangular commercial buildings are there?,how-many,building,1,3,0.18153472244739532,0.00-0.49,1,RSVQA Specialist v1,False,
25042,250,count,How many small residential buildings are there in the image?,how-many,building,1282,201+,0.9966589212417603,0.90-1.00,201+,RSVQA Specialist v1,False,
25047,250,count,What is the number of small commercial buildings?,number-of,building,1,4,0.13933111727237701,0.00-0.49,1,RSVQA Specialist v1,False,
25059,250,count,What is the number of farmlands?,number-of,agriculture,12,27,0.06188970431685448,0.00-0.49,11-20,RSVQA Specialist v1,False,
25061,250,count,What is the amount of circular buildings?,amount-of,building,2,0,0.4716818630695343,0.00-0.49,2-5,RSVQA Specialist v1,False,
25066,250,count,What is the number of water areas on the right of a  large residential building?,number-of,water,0,2,0.1072283536195755,0.00-0.49,0,RSVQA Specialist v1,False,
25070,250,presence,Is a square water area present?,present,water,no,yes,0.7642044425010681,0.75-0.89,n/a,RSVQA Specialist v1,False,
25071,250,count,What is the amount of medium residential buildings?,amount-of,building,14,8,0.2118620127439499,0.00-0.49,11-20,RSVQA Specialist v1,False,
25072,250,count,How many rectangular residential buildings are there?,how-many,building,522,201+,0.9917997717857361,0.90-1.00,201+,RSVQA Specialist v1,False,
25081,250,count,What is the amount of large water areas?,amount-of,water,22,5,0.14624962210655212,0.00-0.49,21-50,RSVQA Specialist v1,False,
25087,250,count,What is the number of water areas on the right of the  commercial building?,number-of,water,6,23,0.06417931616306305,0.00-0.49,6-10,RSVQA Specialist v1,False,
25088,250,count,What is the amount of rectangular grass areas?,amount-of,grassland,19,8,0.0739469826221466,0.00-0.49,11-20,RSVQA Specialist v1,False,
25093,250,count,What is the amount of residential areas?,amount-of,scene,6,4,0.2604675590991974,0.00-0.49,6-10,RSVQA Specialist v1,False,
25100,250,presence,Is there a medium commercial building on the right of a  residential building in the image?,is-there,building,no,yes,0.5974750518798828,0.50-0.74,n/a,RSVQA Specialist v1,False,
25102,250,presence,Is a medium commercial building present?,present,building,no,yes,0.7616575360298157,0.75-0.89,n/a,RSVQA Specialist v1,False,
25104,250,count,What is the number of commercial buildings next to a  water area?,number-of,building,1,6,0.10540566593408585,0.00-0.49,1,RSVQA Specialist v1,False,
25105,250,count,What is the amount of cemeterys?,amount-of,scene,2,1,0.5397159457206726,0.50-0.74,2-5,RSVQA Specialist v1,False,
25106,250,comp,Are there less water areas than farmlands?,less-than,water vs agriculture,no,yes,0.7646602988243103,0.75-0.89,n/a,RSVQA Specialist v1,False,
25110,251,count,What is the number of roads?,number-of,road,47,48,0.060535941272974014,0.00-0.49,21-50,RSVQA Specialist v1,False,
25112,251,count,What is the number of meadows?,number-of,scene,45,10,0.06478626281023026,0.00-0.49,21-50,RSVQA Specialist v1,False,
25114,251,count,What is the number of rectangular residential buildings?,number-of,building,196,201+,0.8032550811767578,0.75-0.89,101-200,RSVQA Specialist v1,False,
25116,251,count,How many pitchs are there?,how-many,scene,3,1,0.38893771171569824,0.00-0.49,2-5,RSVQA Specialist v1,False,
25117,251,count,How many grass areas are there?,how-many,grassland,90,201+,0.3202131688594818,0.00-0.49,51-100,RSVQA Specialist v1,False,
25120,251,count,How many water areas are there?,how-many,water,27,47,0.07300634682178497,0.00-0.49,21-50,RSVQA Specialist v1,False,
25123,251,count,What is the amount of residential buildings at the top of a  forest?,amount-of,building,315,201+,0.8471307158470154,0.75-0.89,201+,RSVQA Specialist v1,False,
25126,251,count,What is the amount of residential buildings?,amount-of,building,315,201+,0.983881950378418,0.90-1.00,201+,RSVQA Specialist v1,False,
25128,251,count,How many circular residential buildings are there in the image?,how-many,building,3,0,0.6576796770095825,0.50-0.74,2-5,RSVQA Specialist v1,False,
25131,251,count,What is the amount of commercial buildings?,amount-of,building,8,4,0.2569091320037842,0.00-0.49,6-10,RSVQA Specialist v1,False,
25132,251,count,What is the number of buildings?,number-of,building,336,201+,0.9347956776618958,0.90-1.00,201+,RSVQA Specialist v1,False,
25133,251,count,How many farmlands are there in the image?,how-many,agriculture,34,44,0.04724029451608658,0.00-0.49,21-50,RSVQA Specialist v1,False,
25151,251,count,What is the amount of large grass areas?,amount-of,grassland,78,201+,0.12614746391773224,0.00-0.49,51-100,RSVQA Specialist v1,False,
25154,251,count,What is the number of forests?,number-of,forest,14,40,0.06945012509822845,0.00-0.49,11-20,RSVQA Specialist v1,False,
25162,251,count,What is the amount of rectangular commercial buildings?,amount-of,building,4,0,0.309846967458725,0.00-0.49,2-5,RSVQA Specialist v1,False,
25164,251,count,How many small roads are there?,how-many,road,47,48,0.09984489530324936,0.00-0.49,21-50,RSVQA Specialist v1,False,
25165,251,count,What is the amount of rectangular buildings?,amount-of,building,207,201+,0.8031437397003174,0.75-0.89,201+,RSVQA Specialist v1,False,
25168,251,comp,Are there more medium farmlands than roads?,more-than,agriculture vs road,no,yes,0.6913247108459473,0.50-0.74,n/a,RSVQA Specialist v1,False,
25175,251,count,What is the number of medium water areas?,number-of,water,4,2,0.14154769480228424,0.00-0.49,2-5,RSVQA Specialist v1,False,
25176,251,presence,Is a large residential building present?,present,building,yes,no,0.8435544371604919,0.75-0.89,n/a,RSVQA Specialist v1,False,
25181,251,count,What is the number of roads on the right of a  meadow?,number-of,road,40,47,0.07429900765419006,0.00-0.49,21-50,RSVQA Specialist v1,False,
25182,251,presence,Is there a medium commercial building?,is-there,building,yes,no,0.5027362704277039,0.50-0.74,n/a,RSVQA Specialist v1,False,
25189,251,comp,Are there more forests than water areas?,more-than,forest vs water,no,yes,0.8218024969100952,0.75-0.89,n/a,RSVQA Specialist v1,False,
25192,251,count,How many medium commercial buildings are there?,how-many,building,2,0,0.6955097913742065,0.50-0.74,2-5,RSVQA Specialist v1,False,
25197,251,presence,Is there a circular building?,is-there,building,yes,no,0.6456236243247986,0.50-0.74,n/a,RSVQA Specialist v1,False,
25200,251,count,What is the amount of rectangular water areas?,amount-of,water,7,4,0.14552748203277588,0.00-0.49,6-10,RSVQA Specialist v1,False,
25204,251,count,What is the number of medium residential buildings?,number-of,building,4,8,0.1569717675447464,0.00-0.49,2-5,RSVQA Specialist v1,False,
25205,251,count,What is the number of small water areas?,number-of,water,8,15,0.045255180448293686,0.00-0.49,6-10,RSVQA Specialist v1,False,
25206,251,count,What is the number of medium buildings?,number-of,building,10,8,0.10392523556947708,0.00-0.49,6-10,RSVQA Specialist v1,False,
25211,252,count,What is the amount of commercial buildings?,amount-of,building,6,4,0.17424532771110535,0.00-0.49,6-10,RSVQA Specialist v1,False,
25213,252,count,What is the number of rectangular residential buildings?,number-of,building,162,201+,0.8262166976928711,0.75-0.89,101-200,RSVQA Specialist v1,False,
25216,252,count,What is the amount of medium water areas?,amount-of,water,8,4,0.1564217209815979,0.00-0.49,6-10,RSVQA Specialist v1,False,
25217,252,count,What is the amount of grass areas?,amount-of,grassland,251,201+,0.4628410339355469,0.00-0.49,201+,RSVQA Specialist v1,False,
25219,252,count,What is the amount of roads?,amount-of,road,59,106,0.09398730844259262,0.00-0.49,51-100,RSVQA Specialist v1,False,
25223,252,count,What is the amount of buildings?,amount-of,building,308,201+,0.985945999622345,0.90-1.00,201+,RSVQA Specialist v1,False,
25227,252,count,What is the number of residential buildings?,number-of,building,297,201+,0.9665823578834534,0.90-1.00,201+,RSVQA Specialist v1,False,
25229,252,count,How many water areas are there?,how-many,water,26,10,0.06840039789676666,0.00-0.49,21-50,RSVQA Specialist v1,False,
25232,252,count,How many rectangular commercial buildings are there?,how-many,building,4,1,0.22506751120090485,0.00-0.49,2-5,RSVQA Specialist v1,False,
25233,252,count,How many rectangular grass areas at the top of a  small commercial building are there?,how-many,grassland,10,3,0.12967795133590698,0.00-0.49,6-10,RSVQA Specialist v1,False,
25238,252,count,What is the number of square buildings?,number-of,building,8,3,0.23081623017787933,0.00-0.49,6-10,RSVQA Specialist v1,False,
25240,252,count,How many farmlands are there?,how-many,agriculture,18,47,0.0582985021173954,0.00-0.49,11-20,RSVQA Specialist v1,False,
25248,252,count,How many forests are there?,how-many,forest,13,23,0.05670129880309105,0.00-0.49,11-20,RSVQA Specialist v1,False,
25254,252,count,What is the number of medium grass areas?,number-of,grassland,23,8,0.11165756732225418,0.00-0.49,21-50,RSVQA Specialist v1,False,
25261,252,count,How many circular residential buildings are there?,how-many,building,8,1,0.22291776537895203,0.00-0.49,6-10,RSVQA Specialist v1,False,
25278,252,count,What is the number of small water areas?,number-of,water,13,6,0.1106368750333786,0.00-0.49,11-20,RSVQA Specialist v1,False,
25280,252,count,What is the amount of small commercial buildings?,amount-of,building,6,3,0.3046235144138336,0.00-0.49,6-10,RSVQA Specialist v1,False,
25286,252,count,What is the number of rectangular grass areas?,number-of,grassland,10,8,0.15597642958164215,0.00-0.49,6-10,RSVQA Specialist v1,False,
25292,252,count,How many large grass areas are there in the image?,how-many,grassland,215,201+,0.5258504152297974,0.50-0.74,201+,RSVQA Specialist v1,False,
25293,252,count,How many water areas on the left of a  residential building are there?,how-many,water,23,10,0.1724451780319214,0.00-0.49,21-50,RSVQA Specialist v1,False,
25300,252,count,What is the number of roads at the bottom of a  commercial building?,number-of,road,40,39,0.02471913956105709,0.00-0.49,21-50,RSVQA Specialist v1,False,
25303,252,count,How many medium residential buildings are there in the image?,how-many,building,11,4,0.2204345315694809,0.00-0.49,11-20,RSVQA Specialist v1,False,
25311,253,count,How many buildings are there?,how-many,building,1025,201+,0.9967940449714661,0.90-1.00,201+,RSVQA Specialist v1,False,
25313,253,count,How many water areas are there?,how-many,water,13,31,0.05999237298965454,0.00-0.49,11-20,RSVQA Specialist v1,False,
25315,253,count,How many roads are there?,how-many,road,77,201+,0.12117462605237961,0.00-0.49,51-100,RSVQA Specialist v1,False,
25318,253,count,What is the amount of farmlands?,amount-of,agriculture,45,41,0.04926319792866707,0.00-0.49,21-50,RSVQA Specialist v1,False,
25322,253,count,How many commercial buildings are there?,how-many,building,10,6,0.14274826645851135,0.00-0.49,6-10,RSVQA Specialist v1,False,
25327,253,count,What is the amount of residential buildings?,amount-of,building,1007,201+,0.9973998069763184,0.90-1.00,201+,RSVQA Specialist v1,False,
25328,253,count,What is the number of grass areas?,number-of,grassland,329,201+,0.9494245052337646,0.90-1.00,201+,RSVQA Specialist v1,False,
25330,253,count,How many small roads are there?,how-many,road,77,201+,0.11406664550304413,0.00-0.49,51-100,RSVQA Specialist v1,False,
25346,253,presence,Is there a square grass area?,is-there,grassland,yes,no,0.7851101756095886,0.75-0.89,n/a,RSVQA Specialist v1,False,
25349,253,presence,Is a square commercial building present?,present,building,yes,no,0.9838601350784302,0.90-1.00,n/a,RSVQA Specialist v1,False,
25350,253,count,What is the number of forests?,number-of,forest,36,23,0.05425702780485153,0.00-0.49,21-50,RSVQA Specialist v1,False,
25351,253,count,What is the amount of medium water areas?,amount-of,water,4,8,0.16419416666030884,0.00-0.49,2-5,RSVQA Specialist v1,False,
25354,253,presence,Is there a circular grass area?,is-there,grassland,yes,no,0.7615242004394531,0.75-0.89,n/a,RSVQA Specialist v1,False,
25356,253,count,What is the amount of square water areas?,amount-of,water,0,1,0.3002628982067108,0.00-0.49,0,RSVQA Specialist v1,False,
25359,253,count,What is the amount of roads at the bottom of a  water area?,amount-of,road,74,201+,0.1167493537068367,0.00-0.49,51-100,RSVQA Specialist v1,False,
25373,253,count,What is the number of rectangular commercial buildings?,number-of,building,4,3,0.18746906518936157,0.00-0.49,2-5,RSVQA Specialist v1,False,
25376,253,count,What is the amount of circular water areas?,amount-of,water,0,1,0.34250974655151367,0.00-0.49,0,RSVQA Specialist v1,False,
25381,253,count,How many large water areas are there?,how-many,water,4,6,0.1807117611169815,0.00-0.49,2-5,RSVQA Specialist v1,False,
25384,253,count,What is the number of roads next to a  water area?,number-of,road,77,201+,0.10541106015443802,0.00-0.49,51-100,RSVQA Specialist v1,False,
25385,253,count,What is the number of small buildings?,number-of,building,1011,201+,0.9955446124076843,0.90-1.00,201+,RSVQA Specialist v1,False,
25388,253,count,What is the amount of small commercial buildings?,amount-of,building,8,6,0.0774865448474884,0.00-0.49,6-10,RSVQA Specialist v1,False,
25398,253,count,How many small grass areas are there?,how-many,grassland,16,17,0.07502145320177078,0.00-0.49,11-20,RSVQA Specialist v1,False,
25406,253,count,What is the number of circular grass areas?,number-of,grassland,1,0,0.7430243492126465,0.50-0.74,1,RSVQA Specialist v1,False,
25409,254,count,What is the amount of roads?,amount-of,road,17,201+,0.20134763419628143,0.00-0.49,11-20,RSVQA Specialist v1,False,
25410,254,count,What is the number of water areas?,number-of,water,4,5,0.12645190954208374,0.00-0.49,2-5,RSVQA Specialist v1,False,
25411,254,count,How many forests are there?,how-many,forest,73,201+,0.2922288775444031,0.00-0.49,51-100,RSVQA Specialist v1,False,
25417,254,count,What is the number of rectangular water areas?,number-of,water,2,1,0.27814123034477234,0.00-0.49,2-5,RSVQA Specialist v1,False,
25418,254,count,What is the amount of grass areas?,amount-of,grassland,10,49,0.05315694212913513,0.00-0.49,6-10,RSVQA Specialist v1,False,
25423,254,count,What is the number of rectangular forests?,number-of,forest,3,11,0.1501053273677826,0.00-0.49,2-5,RSVQA Specialist v1,False,
25426,254,count,What is the amount of heaths?,amount-of,scene,7,9,0.21295170485973358,0.00-0.49,6-10,RSVQA Specialist v1,False,
25434,254,comp,Are there less roads than forests?,less-than,road vs forest,yes,no,0.8326115608215332,0.75-0.89,n/a,RSVQA Specialist v1,False,
25438,254,count,What is the number of water areas at the bottom of a  road?,number-of,water,4,5,0.11525460332632065,0.00-0.49,2-5,RSVQA Specialist v1,False,
25441,254,count,What is the number of small roads?,number-of,road,17,193,0.06791435927152634,0.00-0.49,11-20,RSVQA Specialist v1,False,
25446,254,comp,Are there more forests than roads?,more-than,forest vs road,yes,no,0.642255425453186,0.50-0.74,n/a,RSVQA Specialist v1,False,
25448,254,count,What is the amount of roads on the left of a  water area?,amount-of,road,10,193,0.032581429928541183,0.00-0.49,6-10,RSVQA Specialist v1,False,
25451,254,comp,Are there less small water areas than heaths?,less-than,water,yes,no,0.8776146173477173,0.75-0.89,n/a,RSVQA Specialist v1,False,
25454,254,comp,Are there less forests than roads?,less-than,forest vs road,no,yes,0.593311071395874,0.50-0.74,n/a,RSVQA Specialist v1,False,
25456,254,count,How many small forests are there?,how-many,forest,9,11,0.049193788319826126,0.00-0.49,6-10,RSVQA Specialist v1,False,
25457,254,count,How many large forests are there?,how-many,forest,55,116,0.06598231941461563,0.00-0.49,51-100,RSVQA Specialist v1,False,
25461,254,comp,Are there more heaths than water areas?,more-than,water,yes,no,0.8588033318519592,0.75-0.89,n/a,RSVQA Specialist v1,False,
25463,254,count,How many forests on the left of a  road are there in the image?,how-many,forest,73,201+,0.05404876172542572,0.00-0.49,51-100,RSVQA Specialist v1,False,
25475,254,comp,Are there less circular roads than forests?,less-than,road vs forest,yes,no,0.8061650991439819,0.75-0.89,n/a,RSVQA Specialist v1,False,
25476,254,count,How many medium water areas are there?,how-many,water,0,1,0.3739549219608307,0.00-0.49,0,RSVQA Specialist v1,False,
25477,254,comp,Are there more roads than forests?,more-than,road vs forest,no,yes,0.7327384948730469,0.50-0.74,n/a,RSVQA Specialist v1,False,
25478,254,comp,Are there less square water areas than rectangular roads?,less-than,water vs road,no,yes,0.8389613032341003,0.75-0.89,n/a,RSVQA Specialist v1,False,
25481,254,count,How many scrubs are there in the image?,how-many,scrub,1,5,0.1794111132621765,0.00-0.49,1,RSVQA Specialist v1,False,
25482,254,presence,Is there a medium water area?,is-there,water,no,yes,0.5585958361625671,0.50-0.74,n/a,RSVQA Specialist v1,False,
25483,254,presence,Is there a large water area in the image?,is-there,water,no,yes,0.5366597771644592,0.50-0.74,n/a,RSVQA Specialist v1,False,
25484,254,count,How many small heaths are there in the image?,how-many,scene,0,9,0.19436222314834595,0.00-0.49,0,RSVQA Specialist v1,False,
25487,254,count,What is the number of square water areas?,number-of,water,2,1,0.5051462054252625,0.50-0.74,2-5,RSVQA Specialist v1,False,
25493,254,count,What is the number of small water areas?,number-of,water,4,3,0.15360650420188904,0.00-0.49,2-5,RSVQA Specialist v1,False,
25499,254,presence,Is a small grass area present?,present,grassland,no,yes,0.956416666507721,0.90-1.00,n/a,RSVQA Specialist v1,False,
25506,254,comp,Are there less forests on the left of a  road than roads?,less-than,forest vs road,no,yes,0.8033721446990967,0.75-0.89,n/a,RSVQA Specialist v1,False,
25510,255,count,What is the amount of water areas?,amount-of,water,21,15,0.10385270416736603,0.00-0.49,21-50,RSVQA Specialist v1,False,
25511,255,count,How many roads are there?,how-many,road,233,116,0.1357606202363968,0.00-0.49,201+,RSVQA Specialist v1,False,
25512,255,count,How many residential buildings are there?,how-many,building,141,201+,0.5761299133300781,0.50-0.74,101-200,RSVQA Specialist v1,False,
25513,255,presence,Is there a circular water area in the image?,is-there,water,no,yes,0.8169409036636353,0.75-0.89,n/a,RSVQA Specialist v1,False,
25516,255,count,What is the amount of commercial buildings?,amount-of,building,1,3,0.1135522723197937,0.00-0.49,1,RSVQA Specialist v1,False,
25519,255,count,What is the number of buildings?,number-of,building,144,201+,0.8134861588478088,0.75-0.89,101-200,RSVQA Specialist v1,False,
25522,255,count,What is the amount of grass areas?,amount-of,grassland,124,35,0.04816070571541786,0.00-0.49,101-200,RSVQA Specialist v1,False,
25523,255,count,What is the amount of forests?,amount-of,forest,64,14,0.09218264371156693,0.00-0.49,51-100,RSVQA Specialist v1,False,
25526,255,count,What is the amount of circular water areas?,amount-of,water,0,1,0.43899354338645935,0.00-0.49,0,RSVQA Specialist v1,False,
25529,255,count,What is the amount of parkings?,amount-of,scene,9,1,0.3889855146408081,0.00-0.49,6-10,RSVQA Specialist v1,False,
25542,255,presence,Is there a square water area on the left of a  water area?,is-there,water,no,yes,0.6210955381393433,0.50-0.74,n/a,RSVQA Specialist v1,False,
25543,255,comp,Are there less buildings than small roads in the image?,less-than,building vs road,yes,no,0.5972955822944641,0.50-0.74,n/a,RSVQA Specialist v1,False,
25548,255,presence,Is there a medium building in the image?,is-there,building,no,yes,0.9993305206298828,0.90-1.00,n/a,RSVQA Specialist v1,False,
25551,255,count,What is the amount of medium grass areas?,amount-of,grassland,25,7,0.07847175002098083,0.00-0.49,21-50,RSVQA Specialist v1,False,
25552,255,count,How many circular residential buildings at the top of a  grass area are there?,how-many,building,0,1,0.37867316603660583,0.00-0.49,0,RSVQA Specialist v1,False,
25553,255,presence,Is a square residential building present?,present,building,no,yes,0.9733981490135193,0.90-1.00,n/a,RSVQA Specialist v1,False,
25554,255,count,What is the amount of small residential buildings?,amount-of,building,141,201+,0.08590492606163025,0.00-0.49,101-200,RSVQA Specialist v1,False,
25558,255,comp,Are there more roads than buildings?,more-than,road vs building,yes,no,0.6273031234741211,0.50-0.74,n/a,RSVQA Specialist v1,False,
25559,255,count,What is the number of medium commercial buildings?,number-of,building,0,1,0.4860773980617523,0.00-0.49,0,RSVQA Specialist v1,False,
25571,255,presence,Is a circular residential building present?,present,building,no,yes,0.9960579872131348,0.90-1.00,n/a,RSVQA Specialist v1,False,
25573,255,count,What is the amount of large buildings?,amount-of,building,0,1,0.6216177940368652,0.50-0.74,0,RSVQA Specialist v1,False,
25575,255,count,What is the amount of square buildings?,amount-of,building,0,1,0.5477094054222107,0.50-0.74,0,RSVQA Specialist v1,False,
25577,255,count,What is the amount of small roads?,amount-of,road,233,116,0.11118432134389877,0.00-0.49,201+,RSVQA Specialist v1,False,
25578,255,presence,Is a circular grass area present?,present,grassland,yes,no,0.8250710368156433,0.75-0.89,n/a,RSVQA Specialist v1,False,
25581,255,count,How many circular buildings are there?,how-many,building,0,1,0.6073916554450989,0.50-0.74,0,RSVQA Specialist v1,False,
25584,255,count,What is the number of medium water areas?,number-of,water,2,1,0.34618207812309265,0.00-0.49,2-5,RSVQA Specialist v1,False,
25594,255,count,What is the amount of circular residential buildings in the image?,amount-of,building,0,1,0.5049116015434265,0.50-0.74,0,RSVQA Specialist v1,False,
25596,255,comp,Are there more residential buildings than water areas?,more-than,building vs water,no,yes,0.9739723801612854,0.90-1.00,n/a,RSVQA Specialist v1,False,
25603,255,count,What is the amount of commercial buildings at the top of a  road?,amount-of,building,1,2,0.14431600272655487,0.00-0.49,1,RSVQA Specialist v1,False,
25606,255,count,What is the number of water areas on the left of a  building?,number-of,water,16,17,0.11163997650146484,0.00-0.49,11-20,RSVQA Specialist v1,False,
25609,256,presence,Is there a large commercial building?,is-there,building,yes,no,0.7494487166404724,0.50-0.74,n/a,RSVQA Specialist v1,False,
25611,256,count,How many water areas are there?,how-many,water,78,31,0.053755927830934525,0.00-0.49,51-100,RSVQA Specialist v1,False,
25614,256,count,What is the amount of buildings?,amount-of,building,619,201+,0.9931220412254333,0.90-1.00,201+,RSVQA Specialist v1,False,
25620,256,count,How many roads are there?,how-many,road,79,93,0.03656893968582153,0.00-0.49,51-100,RSVQA Specialist v1,False,
25621,256,count,How many residential buildings are there?,how-many,building,598,201+,0.9847308397293091,0.90-1.00,201+,RSVQA Specialist v1,False,
25623,256,count,What is the amount of commercial buildings?,amount-of,building,15,6,0.10397540777921677,0.00-0.49,11-20,RSVQA Specialist v1,False,
25625,256,count,How many small commercial buildings are there?,how-many,building,7,3,0.24200180172920227,0.00-0.49,6-10,RSVQA Specialist v1,False,
25626,256,count,How many grass areas are there?,how-many,grassland,124,201+,0.2127823680639267,0.00-0.49,101-200,RSVQA Specialist v1,False,
25631,256,count,What is the number of rectangular grass areas?,number-of,grassland,13,12,0.07055007666349411,0.00-0.49,11-20,RSVQA Specialist v1,False,
25638,256,count,What is the amount of farmlands?,amount-of,agriculture,53,48,0.06311457604169846,0.00-0.49,51-100,RSVQA Specialist v1,False,
25639,256,presence,Is a circular water area present?,present,water,no,yes,0.598199188709259,0.50-0.74,n/a,RSVQA Specialist v1,False,
25646,256,count,How many large grass areas are there in the image?,how-many,grassland,84,201+,0.11333780735731125,0.00-0.49,51-100,RSVQA Specialist v1,False,
25651,256,count,How many medium water areas are there?,how-many,water,22,2,0.1920614093542099,0.00-0.49,21-50,RSVQA Specialist v1,False,
25659,256,count,What is the number of forests?,number-of,forest,17,30,0.055909205228090286,0.00-0.49,11-20,RSVQA Specialist v1,False,
25662,256,presence,Is a large residential building present?,present,building,yes,no,0.7472568154335022,0.50-0.74,n/a,RSVQA Specialist v1,False,
25664,256,count,What is the amount of medium commercial buildings?,amount-of,building,7,2,0.24402445554733276,0.00-0.49,6-10,RSVQA Specialist v1,False,
25665,256,count,How many rectangular commercial buildings are there?,how-many,building,8,3,0.2382126748561859,0.00-0.49,6-10,RSVQA Specialist v1,False,
25666,256,count,How many small grass areas are there?,how-many,grassland,13,12,0.0588206984102726,0.00-0.49,11-20,RSVQA Specialist v1,False,
25667,256,count,What is the number of large farmlands?,number-of,agriculture,52,47,0.17866002023220062,0.00-0.49,51-100,RSVQA Specialist v1,False,
25672,256,count,What is the number of rectangular water areas at the top of a  building?,number-of,water,19,9,0.19124917685985565,0.00-0.49,11-20,RSVQA Specialist v1,False,
25677,256,count,What is the number of large residential buildings?,number-of,building,5,0,0.824146568775177,0.75-0.89,2-5,RSVQA Specialist v1,False,
25679,256,count,What is the number of rectangular residential buildings in the image?,number-of,building,294,201+,0.9356069564819336,0.90-1.00,201+,RSVQA Specialist v1,False,
25683,256,count,What is the number of large commercial buildings?,number-of,building,1,0,0.8348879218101501,0.75-0.89,1,RSVQA Specialist v1,False,
25685,256,count,How many medium grass areas are there?,how-many,grassland,27,19,0.0533335879445076,0.00-0.49,21-50,RSVQA Specialist v1,False,
25686,256,count,What is the number of large water areas in the image?,number-of,water,17,1,0.20543283224105835,0.00-0.49,11-20,RSVQA Specialist v1,False,
25690,256,count,What is the number of small roads?,number-of,road,79,142,0.09543094784021378,0.00-0.49,51-100,RSVQA Specialist v1,False,
25691,256,count,What is the number of rectangular water areas?,number-of,water,19,5,0.12699949741363525,0.00-0.49,11-20,RSVQA Specialist v1,False,
25696,256,count,What is the amount of large buildings?,amount-of,building,7,1,0.4160214364528656,0.00-0.49,6-10,RSVQA Specialist v1,False,
25699,256,count,What is the amount of circular residential buildings?,amount-of,building,3,0,0.3596354126930237,0.00-0.49,2-5,RSVQA Specialist v1,False,
25701,256,count,What is the number of orchards in the image?,number-of,scene,15,4,0.08958116918802261,0.00-0.49,11-20,RSVQA Specialist v1,False,
25706,256,count,How many rectangular buildings are there?,how-many,building,304,201+,0.9317170977592468,0.90-1.00,201+,RSVQA Specialist v1,False,
25707,256,comp,Are there more medium roads than residential buildings?,more-than,road vs building,no,yes,0.6609521508216858,0.50-0.74,n/a,RSVQA Specialist v1,False,
25710,257,count,What is the amount of buildings?,amount-of,building,4064,201+,0.9978479146957397,0.90-1.00,201+,RSVQA Specialist v1,False,
25712,257,count,What is the amount of residential buildings?,amount-of,building,3921,201+,0.9987866282463074,0.90-1.00,201+,RSVQA Specialist v1,False,
25714,257,count,What is the amount of grass areas?,amount-of,grassland,255,201+,0.9119181036949158,0.90-1.00,201+,RSVQA Specialist v1,False,
25715,257,count,What is the amount of water areas?,amount-of,water,52,65,0.04322259500622749,0.00-0.49,51-100,RSVQA Specialist v1,False,
25718,257,count,What is the amount of roads?,amount-of,road,780,201+,0.989585816860199,0.90-1.00,201+,RSVQA Specialist v1,False,
25720,257,count,How many commercial buildings are there?,how-many,building,142,201+,0.2501600384712219,0.00-0.49,101-200,RSVQA Specialist v1,False,
25727,257,count,What is the amount of circular buildings?,amount-of,building,30,6,0.09290740638971329,0.00-0.49,21-50,RSVQA Specialist v1,False,
25728,257,presence,Is there a square grass area?,is-there,grassland,yes,no,0.5850390791893005,0.50-0.74,n/a,RSVQA Specialist v1,False,
25729,257,count,What is the number of rectangular buildings?,number-of,building,2319,201+,0.9973951578140259,0.90-1.00,201+,RSVQA Specialist v1,False,
25735,257,count,What is the amount of square residential buildings?,amount-of,building,30,6,0.10982454568147659,0.00-0.49,21-50,RSVQA Specialist v1,False,
25736,257,count,What is the number of large buildings?,number-of,building,7,6,0.13638031482696533,0.00-0.49,6-10,RSVQA Specialist v1,False,
25737,257,presence,Is a residential building at the bottom of a  square road present?,present,building,no,yes,0.9175001978874207,0.90-1.00,n/a,RSVQA Specialist v1,False,
25738,257,count,How many forests are there?,how-many,forest,104,201+,0.04118596017360687,0.00-0.49,101-200,RSVQA Specialist v1,False,
25740,257,count,What is the number of farmlands?,number-of,agriculture,4,11,0.04790638014674187,0.00-0.49,2-5,RSVQA Specialist v1,False,
25746,257,comp,Are there more commercial buildings than forests?,more-than,building vs forest,yes,no,0.8862705230712891,0.75-0.89,n/a,RSVQA Specialist v1,False,
25753,257,count,What is the amount of small buildings?,amount-of,building,4001,201+,0.9979220032691956,0.90-1.00,201+,RSVQA Specialist v1,False,
25775,257,count,How many large forests are there?,how-many,forest,10,14,0.06073283776640892,0.00-0.49,6-10,RSVQA Specialist v1,False,
25779,257,comp,Are there more square grass areas than water areas?,more-than,grassland vs water,no,yes,0.5534065961837769,0.50-0.74,n/a,RSVQA Specialist v1,False,
25781,257,count,What is the number of rectangular residential buildings?,number-of,building,2259,201+,0.9980607628822327,0.90-1.00,201+,RSVQA Specialist v1,False,
25782,257,count,What is the amount of small water areas?,amount-of,water,31,35,0.08374092727899551,0.00-0.49,21-50,RSVQA Specialist v1,False,
25783,257,count,How many woods are there?,how-many,forest,2,3,0.07492528110742569,0.00-0.49,2-5,RSVQA Specialist v1,False,
25788,257,count,How many parkings are there?,how-many,scene,12,7,0.11472627520561218,0.00-0.49,11-20,RSVQA Specialist v1,False,
25794,257,count,What is the amount of medium forests?,amount-of,forest,39,27,0.06297367811203003,0.00-0.49,21-50,RSVQA Specialist v1,False,
25795,257,count,How many medium residential buildings next to a  water area are there?,how-many,building,33,201+,0.12108038365840912,0.00-0.49,21-50,RSVQA Specialist v1,False,
25801,257,count,What is the number of small forests?,number-of,forest,55,28,0.0856083407998085,0.00-0.49,51-100,RSVQA Specialist v1,False,
25809,258,count,What is the number of roads?,number-of,road,203,201+,0.7408326864242554,0.50-0.74,201+,RSVQA Specialist v1,False,
25810,258,count,What is the number of buildings?,number-of,building,644,201+,0.9954074025154114,0.90-1.00,201+,RSVQA Specialist v1,False,
25812,258,count,What is the number of grass areas?,number-of,grassland,215,201+,0.6663599610328674,0.50-0.74,201+,RSVQA Specialist v1,False,
25813,258,count,What is the number of water areas?,number-of,water,40,47,0.044639673084020615,0.00-0.49,21-50,RSVQA Specialist v1,False,
25815,258,count,What is the number of forests?,number-of,forest,84,14,0.050928279757499695,0.00-0.49,51-100,RSVQA Specialist v1,False,
25819,258,count,What is the number of commercial buildings in the image?,number-of,building,34,4,0.0944102555513382,0.00-0.49,21-50,RSVQA Specialist v1,False,
25823,258,count,What is the amount of residential buildings?,amount-of,building,597,201+,0.997533917427063,0.90-1.00,201+,RSVQA Specialist v1,False,
25832,258,presence,Is a small commercial building next to a  rectangular road present?,present,building,no,yes,0.9802554845809937,0.90-1.00,n/a,RSVQA Specialist v1,False,
25854,258,count,What is the amount of water areas on the right of a  commercial building?,amount-of,water,15,17,0.04409884661436081,0.00-0.49,11-20,RSVQA Specialist v1,False,
25861,258,count,How many rectangular water areas are there?,how-many,water,9,10,0.10734906792640686,0.00-0.49,6-10,RSVQA Specialist v1,False,
25862,258,count,How many small commercial buildings are there in the image?,how-many,building,25,3,0.06968939304351807,0.00-0.49,21-50,RSVQA Specialist v1,False,
25863,258,count,How many medium buildings are there?,how-many,building,24,9,0.1216403990983963,0.00-0.49,21-50,RSVQA Specialist v1,False,
25874,258,count,What is the amount of rectangular commercial buildings?,amount-of,building,8,3,0.24893391132354736,0.00-0.49,6-10,RSVQA Specialist v1,False,
25876,258,count,What is the amount of large commercial buildings?,amount-of,building,3,1,0.38318055868148804,0.00-0.49,2-5,RSVQA Specialist v1,False,
25878,258,count,What is the number of medium residential buildings?,number-of,building,18,4,0.148122638463974,0.00-0.49,11-20,RSVQA Specialist v1,False,
25880,258,count,What is the number of circular water areas?,number-of,water,6,0,0.6500930190086365,0.50-0.74,6-10,RSVQA Specialist v1,False,
25884,258,count,What is the number of rectangular forests?,number-of,forest,19,8,0.09939075261354446,0.00-0.49,11-20,RSVQA Specialist v1,False,
25887,258,count,What is the amount of small residential buildings?,amount-of,building,577,201+,0.9979792237281799,0.90-1.00,201+,RSVQA Specialist v1,False,
25891,258,count,What is the amount of square buildings?,amount-of,building,9,1,0.3278045058250427,0.00-0.49,6-10,RSVQA Specialist v1,False,
25895,258,comp,Are there more small grass areas than commercial buildings?,more-than,grassland vs building,no,yes,0.5515443682670593,0.50-0.74,n/a,RSVQA Specialist v1,False,
25896,258,comp,Are there less forests than roads?,less-than,forest vs road,yes,no,0.5825888514518738,0.50-0.74,n/a,RSVQA Specialist v1,False,
25910,259,count,What is the amount of commercial buildings in the image?,amount-of,building,5,4,0.24210983514785767,0.00-0.49,2-5,RSVQA Specialist v1,False,
25913,259,count,What is the amount of water areas?,amount-of,water,25,31,0.08474468439817429,0.00-0.49,21-50,RSVQA Specialist v1,False,
25915,259,count,How many grass areas are there?,how-many,grassland,209,201+,0.7056532502174377,0.50-0.74,201+,RSVQA Specialist v1,False,
25916,259,count,What is the amount of buildings in the image?,amount-of,building,681,201+,0.9940648674964905,0.90-1.00,201+,RSVQA Specialist v1,False,
25917,259,count,What is the number of circular buildings?,number-of,building,4,0,0.47676950693130493,0.00-0.49,2-5,RSVQA Specialist v1,False,
25918,259,presence,Is there a medium commercial building?,is-there,building,yes,no,0.5860876441001892,0.50-0.74,n/a,RSVQA Specialist v1,False,
25920,259,count,What is the amount of residential buildings?,amount-of,building,563,201+,0.9951761960983276,0.90-1.00,201+,RSVQA Specialist v1,False,
25921,259,count,What is the amount of roads?,amount-of,road,80,106,0.05258402228355408,0.00-0.49,51-100,RSVQA Specialist v1,False,
25923,259,count,What is the amount of forests?,amount-of,forest,42,40,0.044981785118579865,0.00-0.49,21-50,RSVQA Specialist v1,False,
25929,259,count,What is the number of farmlands?,number-of,agriculture,32,47,0.1252487599849701,0.00-0.49,21-50,RSVQA Specialist v1,False,
25931,259,count,How many small water areas are there?,how-many,water,12,22,0.06845135986804962,0.00-0.49,11-20,RSVQA Specialist v1,False,
25943,259,count,How many small forests are there?,how-many,forest,5,29,0.07376597076654434,0.00-0.49,2-5,RSVQA Specialist v1,False,
25956,259,count,How many cemeterys are there?,how-many,scene,2,1,0.5403345823287964,0.50-0.74,2-5,RSVQA Specialist v1,False,
25960,259,count,How many rectangular water areas are there?,how-many,water,4,8,0.13047735393047333,0.00-0.49,2-5,RSVQA Specialist v1,False,
25961,259,count,What is the amount of residential areas?,amount-of,scene,3,1,0.3533039391040802,0.00-0.49,2-5,RSVQA Specialist v1,False,
25963,259,count,What is the amount of small roads?,amount-of,road,80,93,0.062294378876686096,0.00-0.49,51-100,RSVQA Specialist v1,False,
25968,259,presence,Is there a circular grass area?,is-there,grassland,yes,no,0.9531320929527283,0.90-1.00,n/a,RSVQA Specialist v1,False,
25970,259,count,How many circular residential buildings are there?,how-many,building,4,0,0.48532620072364807,0.00-0.49,2-5,RSVQA Specialist v1,False,
25977,259,count,What is the amount of square grass areas in the image?,amount-of,grassland,1,0,0.9834463000297546,0.90-1.00,1,RSVQA Specialist v1,False,
25985,259,comp,Are there more commercial buildings than large roads?,more-than,building vs road,yes,no,0.8597171902656555,0.75-0.89,n/a,RSVQA Specialist v1,False,
25986,259,count,How many medium grass areas are there?,how-many,grassland,35,19,0.06379389017820358,0.00-0.49,21-50,RSVQA Specialist v1,False,
25987,259,count,What is the number of circular grass areas?,number-of,grassland,1,0,0.9575420022010803,0.90-1.00,1,RSVQA Specialist v1,False,
25996,259,count,What is the number of water areas on the right of a  residential building?,number-of,water,25,31,0.08886784315109253,0.00-0.49,21-50,RSVQA Specialist v1,False,
26004,259,count,What is the number of circular water areas?,number-of,water,1,0,0.5081512331962585,0.50-0.74,1,RSVQA Specialist v1,False,
26010,260,count,How many commercial buildings are there?,how-many,building,6,4,0.26587313413619995,0.00-0.49,6-10,RSVQA Specialist v1,False,
26013,260,count,What is the number of buildings?,number-of,building,230,201+,0.16280508041381836,0.00-0.49,201+,RSVQA Specialist v1,False,
26014,260,comp,Are there more water areas than forests?,more-than,water vs forest,yes,no,0.9666507840156555,0.90-1.00,n/a,RSVQA Specialist v1,False,
26015,260,count,What is the number of roads?,number-of,road,246,142,0.07371789216995239,0.00-0.49,201+,RSVQA Specialist v1,False,
26017,260,count,What is the number of residential buildings?,number-of,building,201,201+,0.10420306771993637,0.00-0.49,201+,RSVQA Specialist v1,False,
26018,260,count,What is the amount of medium grass areas?,amount-of,grassland,53,17,0.07574447989463806,0.00-0.49,51-100,RSVQA Specialist v1,False,
26022,260,count,How many grass areas are there?,how-many,grassland,533,201+,0.5004483461380005,0.50-0.74,201+,RSVQA Specialist v1,False,
26023,260,comp,Are there less buildings than grass areas?,less-than,building vs grassland,yes,no,0.5837822556495667,0.50-0.74,n/a,RSVQA Specialist v1,False,
26025,260,count,What is the amount of forests?,amount-of,forest,105,33,0.04019483923912048,0.00-0.49,101-200,RSVQA Specialist v1,False,
26028,260,comp,Are there more buildings than grass areas?,more-than,building vs grassland,no,yes,0.6985665559768677,0.50-0.74,n/a,RSVQA Specialist v1,False,
26033,260,comp,Are there less roads than buildings?,less-than,road vs building,no,yes,0.714526355266571,0.50-0.74,n/a,RSVQA Specialist v1,False,
26034,260,count,How many water areas are there in the image?,how-many,water,122,17,0.04380420967936516,0.00-0.49,101-200,RSVQA Specialist v1,False,
26035,260,count,What is the number of rectangular residential buildings?,number-of,building,145,201+,0.03777281194925308,0.00-0.49,101-200,RSVQA Specialist v1,False,
26037,260,count,What is the amount of rectangular commercial buildings in the image?,amount-of,building,1,2,0.26462653279304504,0.00-0.49,1,RSVQA Specialist v1,False,
26051,260,comp,Are there less residential buildings than roads?,less-than,building vs road,yes,no,0.5697175860404968,0.50-0.74,n/a,RSVQA Specialist v1,False,
26055,260,presence,Is a circular residential building at the top of a  road present?,present,building,yes,no,0.839240312576294,0.75-0.89,n/a,RSVQA Specialist v1,False,
26058,260,count,What is the amount of circular buildings?,amount-of,building,6,1,0.41780179738998413,0.00-0.49,6-10,RSVQA Specialist v1,False,
26059,260,comp,Are there less roads than residential buildings?,less-than,road vs building,no,yes,0.6734698414802551,0.50-0.74,n/a,RSVQA Specialist v1,False,
26063,260,count,What is the number of small residential buildings?,number-of,building,199,201+,0.14798083901405334,0.00-0.49,101-200,RSVQA Specialist v1,False,
26064,260,count,What is the amount of circular residential buildings?,amount-of,building,6,0,0.3622954189777374,0.00-0.49,6-10,RSVQA Specialist v1,False,
26074,260,presence,Is there a circular water area?,is-there,water,no,yes,0.7910662889480591,0.75-0.89,n/a,RSVQA Specialist v1,False,
26078,260,presence,Is a square building on the left of a  large grass area present?,present,building,yes,no,0.6621057987213135,0.50-0.74,n/a,RSVQA Specialist v1,False,
26087,260,count,How many small roads are there?,how-many,road,246,142,0.07058235257863998,0.00-0.49,201+,RSVQA Specialist v1,False,
26089,260,count,How many medium commercial buildings are there?,how-many,building,2,0,0.5910690426826477,0.50-0.74,2-5,RSVQA Specialist v1,False,
26091,260,count,What is the amount of commercial buildings on the right of a  grass area?,amount-of,building,6,2,0.2597566545009613,0.00-0.49,6-10,RSVQA Specialist v1,False,
26095,260,comp,Are there more residential buildings than circular water areas?,more-than,building vs water,yes,no,0.5223494172096252,0.50-0.74,n/a,RSVQA Specialist v1,False,
26097,260,presence,Is a square water area present?,present,water,no,yes,0.875756025314331,0.75-0.89,n/a,RSVQA Specialist v1,False,
26100,260,comp,Are there more buildings than roads?,more-than,building vs road,no,yes,0.7458919286727905,0.50-0.74,n/a,RSVQA Specialist v1,False,
26101,260,comp,Are there more grass areas than residential buildings?,more-than,grassland vs building,yes,no,0.5457186698913574,0.50-0.74,n/a,RSVQA Specialist v1,False,
26103,260,count,What is the amount of medium residential buildings?,amount-of,building,2,4,0.18877702951431274,0.00-0.49,2-5,RSVQA Specialist v1,False,
26105,260,presence,Is a large building present?,present,building,no,yes,0.7571859359741211,0.75-0.89,n/a,RSVQA Specialist v1,False,
26106,260,count,How many square buildings are there?,how-many,building,6,1,0.23457567393779755,0.00-0.49,6-10,RSVQA Specialist v1,False,
26108,261,rural_urban,Is it a rural or an urban area,rural-or-urban,scene,rural,urban,0.9995088577270508,0.90-1.00,n/a,RSVQA Specialist v1,False,
26109,261,count,How many commercial buildings are there?,how-many,building,3,0,0.2761916518211365,0.00-0.49,2-5,RSVQA Specialist v1,False,
26111,261,count,What is the number of buildings?,number-of,building,76,201+,0.9962332844734192,0.90-1.00,51-100,RSVQA Specialist v1,False,
26113,261,count,What is the amount of water areas?,amount-of,water,7,31,0.07122435420751572,0.00-0.49,6-10,RSVQA Specialist v1,False,
26116,261,count,What is the number of forests?,number-of,forest,402,201+,0.816379964351654,0.75-0.89,201+,RSVQA Specialist v1,False,
26117,261,count,What is the number of roads?,number-of,road,102,201+,0.9550923705101013,0.90-1.00,101-200,RSVQA Specialist v1,False,
26118,261,comp,Are there more small water areas than medium roads?,more-than,water vs road,yes,no,0.796808660030365,0.75-0.89,n/a,RSVQA Specialist v1,False,
26120,261,count,What is the number of buildings next to a  grass area?,number-of,building,72,201+,0.7492275834083557,0.50-0.74,51-100,RSVQA Specialist v1,False,
26122,261,count,What is the amount of residential buildings in the image?,amount-of,building,73,201+,0.997094988822937,0.90-1.00,51-100,RSVQA Specialist v1,False,
26128,261,comp,Are there more roads than forests?,more-than,road vs forest,no,yes,0.8028712868690491,0.75-0.89,n/a,RSVQA Specialist v1,False,
26132,261,presence,Is there a rectangular water area?,is-there,water,no,yes,0.994459867477417,0.90-1.00,n/a,RSVQA Specialist v1,False,
26137,261,count,What is the amount of small forests?,amount-of,forest,87,201+,0.2156224101781845,0.00-0.49,51-100,RSVQA Specialist v1,False,
26138,261,count,What is the amount of residential buildings on the right of a  water area?,amount-of,building,70,201+,0.9572595357894897,0.90-1.00,51-100,RSVQA Specialist v1,False,
26139,261,count,How many small commercial buildings are there?,how-many,building,3,0,0.4967666268348694,0.00-0.49,2-5,RSVQA Specialist v1,False,
26145,261,comp,Are there more roads than residential buildings?,more-than,road vs building,yes,no,0.9898393154144287,0.90-1.00,n/a,RSVQA Specialist v1,False,
26146,261,count,What is the number of small buildings?,number-of,building,75,201+,0.9956026077270508,0.90-1.00,51-100,RSVQA Specialist v1,False,
26149,261,comp,Are there more residential buildings than forests?,more-than,building vs forest,no,yes,0.9920328259468079,0.90-1.00,n/a,RSVQA Specialist v1,False,
26155,261,count,What is the number of square forests?,number-of,forest,4,1,0.41984495520591736,0.00-0.49,2-5,RSVQA Specialist v1,False,
26157,261,comp,Are there more roads than buildings?,more-than,road vs building,yes,no,0.9952948689460754,0.90-1.00,n/a,RSVQA Specialist v1,False,
26163,261,count,How many water areas on the right of a  residential building are there?,how-many,water,7,14,0.07072366029024124,0.00-0.49,6-10,RSVQA Specialist v1,False,
26165,261,count,How many large water areas are there in the image?,how-many,water,2,0,0.36083075404167175,0.00-0.49,2-5,RSVQA Specialist v1,False,
26166,261,comp,Are there more residential buildings at the top of a  forest than commercial buildings?,more-than,building vs building,yes,no,0.5590922832489014,0.50-0.74,n/a,RSVQA Specialist v1,False,
26168,261,count,How many medium residential buildings are there?,how-many,building,1,0,0.3956185281276703,0.00-0.49,1,RSVQA Specialist v1,False,
26171,261,comp,Are there less small residential buildings than forests?,less-than,building vs forest,yes,no,0.9835739135742188,0.90-1.00,n/a,RSVQA Specialist v1,False,
26175,261,count,What is the number of medium forests?,number-of,forest,58,71,0.06414801627397537,0.00-0.49,51-100,RSVQA Specialist v1,False,
26177,261,count,How many small roads are there?,how-many,road,102,201+,0.9797425866127014,0.90-1.00,101-200,RSVQA Specialist v1,False,
26178,261,count,How many rectangular residential buildings are there in the image?,how-many,building,43,201+,0.9846877455711365,0.90-1.00,21-50,RSVQA Specialist v1,False,
26181,261,comp,Are there less roads than buildings?,less-than,road vs building,no,yes,0.9834693670272827,0.90-1.00,n/a,RSVQA Specialist v1,False,
26183,261,comp,Are there more buildings than forests?,more-than,building vs forest,no,yes,0.9855925440788269,0.90-1.00,n/a,RSVQA Specialist v1,False,
26184,261,count,What is the number of grass areas?,number-of,grassland,15,201+,0.19799518585205078,0.00-0.49,11-20,RSVQA Specialist v1,False,
26185,261,comp,Are there less roads than residential buildings?,less-than,road vs building,no,yes,0.9863705635070801,0.90-1.00,n/a,RSVQA Specialist v1,False,
26188,261,comp,Are there more forests than buildings?,more-than,forest vs building,yes,no,0.9737321734428406,0.90-1.00,n/a,RSVQA Specialist v1,False,
26192,261,count,How many circular water areas are there?,how-many,water,0,1,0.36537644267082214,0.00-0.49,0,RSVQA Specialist v1,False,
26197,261,count,What is the amount of small water areas?,amount-of,water,4,19,0.07080772519111633,0.00-0.49,2-5,RSVQA Specialist v1,False,
26199,261,comp,Are there less residential buildings than roads in the image?,less-than,building vs road,yes,no,0.9945762157440186,0.90-1.00,n/a,RSVQA Specialist v1,False,
26202,261,count,What is the amount of rectangular water areas?,amount-of,water,0,1,0.1413147747516632,0.00-0.49,0,RSVQA Specialist v1,False,
26213,262,count,How many buildings are there in the image?,how-many,building,49,44,0.062275368720293045,0.00-0.49,21-50,RSVQA Specialist v1,False,
26217,262,count,What is the number of residential buildings?,number-of,building,48,32,0.07505636662244797,0.00-0.49,21-50,RSVQA Specialist v1,False,
26220,262,count,What is the number of forests?,number-of,forest,62,30,0.06219088286161423,0.00-0.49,51-100,RSVQA Specialist v1,False,
26223,262,count,What is the number of roads?,number-of,road,64,48,0.08473336696624756,0.00-0.49,51-100,RSVQA Specialist v1,False,
26224,262,count,What is the amount of water areas?,amount-of,water,13,15,0.13246043026447296,0.00-0.49,11-20,RSVQA Specialist v1,False,
26229,262,comp,Are there more residential buildings at the bottom of a  forest than residential buildings?,more-than,building vs building,no,yes,0.7386664748191833,0.50-0.74,n/a,RSVQA Specialist v1,False,
26234,262,count,What is the amount of grass areas?,amount-of,grassland,40,43,0.06119336560368538,0.00-0.49,21-50,RSVQA Specialist v1,False,
26237,262,comp,Are there less buildings than forests?,less-than,building vs forest,yes,no,0.9152191877365112,0.90-1.00,n/a,RSVQA Specialist v1,False,
26238,262,count,What is the amount of rectangular commercial buildings?,amount-of,building,1,0,0.6279892921447754,0.50-0.74,1,RSVQA Specialist v1,False,
26257,262,count,What is the number of square residential buildings?,number-of,building,4,0,0.6143918633460999,0.50-0.74,2-5,RSVQA Specialist v1,False,
26259,262,count,What is the number of rectangular buildings?,number-of,building,36,44,0.03922620788216591,0.00-0.49,21-50,RSVQA Specialist v1,False,
26261,262,count,What is the amount of circular residential buildings?,amount-of,building,4,0,0.6129546761512756,0.50-0.74,2-5,RSVQA Specialist v1,False,
26266,262,count,What is the amount of rectangular residential buildings?,amount-of,building,35,23,0.05344552546739578,0.00-0.49,21-50,RSVQA Specialist v1,False,
26271,262,comp,Are there more buildings than roads?,more-than,building vs road,no,yes,0.5661922693252563,0.50-0.74,n/a,RSVQA Specialist v1,False,
26272,262,presence,Is a residential building next to a  circular water area present?,present,building,no,yes,0.7060073614120483,0.50-0.74,n/a,RSVQA Specialist v1,False,
26276,262,count,What is the number of water areas at the top of a  road?,number-of,water,11,9,0.09769532084465027,0.00-0.49,11-20,RSVQA Specialist v1,False,
26280,262,count,What is the number of farmlands?,number-of,agriculture,17,47,0.05490575730800629,0.00-0.49,11-20,RSVQA Specialist v1,False,
26283,262,count,What is the number of commercial buildings at the top of a  water area?,number-of,building,1,2,0.1886550337076187,0.00-0.49,1,RSVQA Specialist v1,False,
26289,262,count,What is the number of medium residential buildings?,number-of,building,6,5,0.09248606115579605,0.00-0.49,6-10,RSVQA Specialist v1,False,
26295,262,comp,Are there less commercial buildings than circular forests?,less-than,building vs forest,no,yes,0.5253756046295166,0.50-0.74,n/a,RSVQA Specialist v1,False,
26298,262,comp,Are there more forests than buildings?,more-than,forest vs building,yes,no,0.8040781617164612,0.75-0.89,n/a,RSVQA Specialist v1,False,
26299,262,count,What is the amount of rectangular water areas?,amount-of,water,0,2,0.14753234386444092,0.00-0.49,0,RSVQA Specialist v1,False,
26300,262,count,What is the number of parkings?,number-of,scene,1,3,0.27488845586776733,0.00-0.49,1,RSVQA Specialist v1,False,
26306,262,comp,Is the number of commercial buildings equal to the number of medium water areas in the image?,equal-to,building vs water,yes,no,0.7332198023796082,0.50-0.74,n/a,RSVQA Specialist v1,False,
26310,263,count,What is the number of water areas?,number-of,water,112,10,0.08762294054031372,0.00-0.49,101-200,RSVQA Specialist v1,False,
26312,263,count,How many commercial buildings are there in the image?,how-many,building,0,3,0.22258086502552032,0.00-0.49,0,RSVQA Specialist v1,False,
26315,263,count,How many residential buildings are there?,how-many,building,63,201+,0.43750184774398804,0.00-0.49,51-100,RSVQA Specialist v1,False,
26318,263,presence,Is a commercial building present?,present,building,no,yes,0.9953197836875916,0.90-1.00,n/a,RSVQA Specialist v1,False,
26319,263,count,What is the amount of buildings?,amount-of,building,64,201+,0.4536840319633484,0.00-0.49,51-100,RSVQA Specialist v1,False,
26322,263,count,What is the amount of forests?,amount-of,forest,9,15,0.047777507454156876,0.00-0.49,6-10,RSVQA Specialist v1,False,
26323,263,comp,Are there more residential buildings than roads in the image?,more-than,building vs road,no,yes,0.9307580590248108,0.90-1.00,n/a,RSVQA Specialist v1,False,
26324,263,count,What is the number of roads in the image?,number-of,road,84,71,0.06792458891868591,0.00-0.49,51-100,RSVQA Specialist v1,False,
26325,263,presence,Is there a circular residential building in the image?,is-there,building,no,yes,0.8500367999076843,0.75-0.89,n/a,RSVQA Specialist v1,False,
26326,263,count,What is the number of rectangular residential buildings?,number-of,building,37,201+,0.06956955790519714,0.00-0.49,21-50,RSVQA Specialist v1,False,
26331,263,comp,Are there less medium residential buildings than square buildings?,less-than,building vs building,no,yes,0.6615708470344543,0.50-0.74,n/a,RSVQA Specialist v1,False,
26332,263,presence,Is a circular water area present?,present,water,no,yes,0.7661160230636597,0.75-0.89,n/a,RSVQA Specialist v1,False,
26333,263,count,What is the amount of grass areas?,amount-of,grassland,159,71,0.03956574201583862,0.00-0.49,101-200,RSVQA Specialist v1,False,
26334,263,count,What is the number of rectangular grass areas?,number-of,grassland,1,5,0.15355448424816132,0.00-0.49,1,RSVQA Specialist v1,False,
26336,263,comp,Are there less water areas than residential buildings?,less-than,water vs building,no,yes,0.9968613386154175,0.90-1.00,n/a,RSVQA Specialist v1,False,
26338,263,comp,Are there less buildings than water areas?,less-than,building vs water,yes,no,0.998508632183075,0.90-1.00,n/a,RSVQA Specialist v1,False,
26341,263,comp,Are there less residential buildings than water areas?,less-than,building vs water,yes,no,0.9917550086975098,0.90-1.00,n/a,RSVQA Specialist v1,False,
26343,263,comp,Are there less buildings than grass areas?,less-than,building vs grassland,yes,no,0.9897359609603882,0.90-1.00,n/a,RSVQA Specialist v1,False,
26344,263,count,What is the amount of medium buildings?,amount-of,building,0,2,0.2362358123064041,0.00-0.49,0,RSVQA Specialist v1,False,
26347,263,comp,Are there less water areas than roads?,less-than,water vs road,no,yes,0.9752498865127563,0.90-1.00,n/a,RSVQA Specialist v1,False,
26353,263,count,What is the number of rectangular forests in the image?,number-of,forest,1,2,0.14476868510246277,0.00-0.49,1,RSVQA Specialist v1,False,
26354,263,presence,Is a medium residential building present in the image?,present,building,no,yes,0.9459642171859741,0.90-1.00,n/a,RSVQA Specialist v1,False,
26355,263,comp,Are there more grass areas than residential buildings?,more-than,grassland vs building,yes,no,0.9532496929168701,0.90-1.00,n/a,RSVQA Specialist v1,False,
26358,263,presence,Is there a small commercial building?,is-there,building,no,yes,0.994499921798706,0.90-1.00,n/a,RSVQA Specialist v1,False,
26359,263,count,How many buildings on the right of a  grass area are there?,how-many,building,64,201+,0.2536364793777466,0.00-0.49,51-100,RSVQA Specialist v1,False,
26360,263,presence,Is there a medium building?,is-there,building,no,yes,0.9903623461723328,0.90-1.00,n/a,RSVQA Specialist v1,False,
26364,263,count,How many buildings next to a  water area are there?,how-many,building,64,201+,0.12560419738292694,0.00-0.49,51-100,RSVQA Specialist v1,False,
26366,263,count,What is the number of wetlands?,number-of,wetland,10,4,0.19025234878063202,0.00-0.49,6-10,RSVQA Specialist v1,False,
26367,263,count,What is the number of residential areas?,number-of,scene,3,1,0.42549067735671997,0.00-0.49,2-5,RSVQA Specialist v1,False,
26368,263,count,What is the number of medium forests?,number-of,forest,3,2,0.18926091492176056,0.00-0.49,2-5,RSVQA Specialist v1,False,
26369,263,count,How many pitchs are there?,how-many,scene,8,1,0.45752012729644775,0.00-0.49,6-10,RSVQA Specialist v1,False,
26370,263,count,What is the amount of residential buildings next to a  pitch?,amount-of,building,57,5,0.06935235857963562,0.00-0.49,51-100,RSVQA Specialist v1,False,
26373,263,count,How many rectangular water areas are there in the image?,how-many,water,19,3,0.2356344759464264,0.00-0.49,11-20,RSVQA Specialist v1,False,
26381,263,count,How many large grass areas are there in the image?,how-many,grassland,141,55,0.045232921838760376,0.00-0.49,101-200,RSVQA Specialist v1,False,
26385,263,count,What is the number of circular buildings?,number-of,building,0,1,0.36954712867736816,0.00-0.49,0,RSVQA Specialist v1,False,
26386,263,comp,Are there more buildings than roads?,more-than,building vs road,no,yes,0.9810991883277893,0.90-1.00,n/a,RSVQA Specialist v1,False,
26388,263,comp,Are there less residential buildings than grass areas?,less-than,building vs grassland,yes,no,0.9619163274765015,0.90-1.00,n/a,RSVQA Specialist v1,False,
26389,263,count,What is the amount of sports centres?,amount-of,scene,2,1,0.8789625763893127,0.75-0.89,2-5,RSVQA Specialist v1,False,
26390,263,comp,Are there less residential buildings than roads?,less-than,building vs road,yes,no,0.9803651571273804,0.90-1.00,n/a,RSVQA Specialist v1,False,
26391,263,count,What is the number of buildings on the right of a  road?,number-of,building,64,201+,0.19746941328048706,0.00-0.49,51-100,RSVQA Specialist v1,False,
26398,263,comp,Are there more roads than buildings?,more-than,road vs building,yes,no,0.9969174861907959,0.90-1.00,n/a,RSVQA Specialist v1,False,
26399,263,count,What is the amount of roads on the left of a  building?,amount-of,road,78,71,0.07183413207530975,0.00-0.49,51-100,RSVQA Specialist v1,False,
26402,263,comp,Are there less commercial buildings than commercial buildings?,less-than,building vs building,no,yes,0.8080994486808777,0.75-0.89,n/a,RSVQA Specialist v1,False,
26403,263,comp,Are there less roads than water areas?,less-than,road vs water,yes,no,0.9674845933914185,0.90-1.00,n/a,RSVQA Specialist v1,False,
26406,263,comp,Are there less roads than buildings?,less-than,road vs building,no,yes,0.990967333316803,0.90-1.00,n/a,RSVQA Specialist v1,False,
26412,264,count,What is the number of roads?,number-of,road,177,95,0.04821474105119705,0.00-0.49,101-200,RSVQA Specialist v1,False,
26414,264,count,How many commercial buildings next to a  grass area are there?,how-many,building,8,1,0.24484989047050476,0.00-0.49,6-10,RSVQA Specialist v1,False,
26416,264,count,What is the amount of commercial buildings?,amount-of,building,8,0,0.24810057878494263,0.00-0.49,6-10,RSVQA Specialist v1,False,
26417,264,count,What is the amount of medium commercial buildings?,amount-of,building,1,0,0.8945208191871643,0.75-0.89,1,RSVQA Specialist v1,False,
26420,264,count,What is the amount of buildings?,amount-of,building,317,201+,0.9071401357650757,0.90-1.00,201+,RSVQA Specialist v1,False,
26421,264,count,What is the number of water areas?,number-of,water,149,17,0.06406460702419281,0.00-0.49,101-200,RSVQA Specialist v1,False,
26423,264,count,What is the amount of residential buildings?,amount-of,building,304,201+,0.8811818361282349,0.75-0.89,201+,RSVQA Specialist v1,False,
26424,264,count,What is the number of wetlands?,number-of,wetland,38,5,0.08689755946397781,0.00-0.49,21-50,RSVQA Specialist v1,False,
26427,264,presence,Is a large building present in the image?,present,building,no,yes,0.593075156211853,0.50-0.74,n/a,RSVQA Specialist v1,False,
26428,264,comp,Are there less roads than residential buildings?,less-than,road vs building,no,yes,0.9840373992919922,0.90-1.00,n/a,RSVQA Specialist v1,False,
26429,264,count,How many grass areas are there?,how-many,grassland,246,201+,0.9127721786499023,0.90-1.00,201+,RSVQA Specialist v1,False,
26432,264,count,What is the number of rectangular buildings?,number-of,building,199,201+,0.3552086353302002,0.00-0.49,101-200,RSVQA Specialist v1,False,
26439,264,count,What is the number of residential buildings on the right of a  water area?,number-of,building,304,201+,0.26882582902908325,0.00-0.49,201+,RSVQA Specialist v1,False,
26442,264,comp,Are there more commercial buildings next to a  water area than water areas?,more-than,building vs water,no,yes,0.767691433429718,0.75-0.89,n/a,RSVQA Specialist v1,False,
26443,264,count,What is the amount of circular water areas?,amount-of,water,1,0,0.5986723899841309,0.50-0.74,1,RSVQA Specialist v1,False,
26451,264,count,How many rectangular water areas are there?,how-many,water,25,5,0.08775580674409866,0.00-0.49,21-50,RSVQA Specialist v1,False,
26453,264,count,How many rectangular commercial buildings are there?,how-many,building,3,0,0.579929530620575,0.50-0.74,2-5,RSVQA Specialist v1,False,
26456,264,count,What is the number of large grass areas?,number-of,grassland,208,201+,0.898649275302887,0.75-0.89,201+,RSVQA Specialist v1,False,
26458,264,presence,Is there a rectangular cemetery in the image?,is-there,scene,no,yes,0.7460426092147827,0.50-0.74,n/a,RSVQA Specialist v1,False,
26460,264,comp,Are there less water areas than grass areas?,less-than,water vs grassland,no,yes,0.9745463132858276,0.90-1.00,n/a,RSVQA Specialist v1,False,
26461,264,comp,Are there less residential buildings than grass areas in the image?,less-than,building vs grassland,no,yes,0.5386549234390259,0.50-0.74,n/a,RSVQA Specialist v1,False,
26476,264,count,What is the amount of parkings?,amount-of,scene,1,3,0.16567550599575043,0.00-0.49,1,RSVQA Specialist v1,False,
26479,264,count,What is the amount of square buildings in the image?,amount-of,building,3,4,0.21072937548160553,0.00-0.49,2-5,RSVQA Specialist v1,False,
26482,264,count,How many forests are there?,how-many,forest,26,201+,0.2829996347427368,0.00-0.49,21-50,RSVQA Specialist v1,False,
26484,264,comp,Are there less roads next to a  commercial building than water areas?,less-than,road vs water,yes,no,0.958220362663269,0.90-1.00,n/a,RSVQA Specialist v1,False,
26486,264,count,What is the amount of circular residential buildings?,amount-of,building,3,4,0.2394164353609085,0.00-0.49,2-5,RSVQA Specialist v1,False,
26492,264,count,What is the number of residential areas on the left of a  road?,number-of,road,6,2,0.10055162757635117,0.00-0.49,6-10,RSVQA Specialist v1,False,
26495,264,count,What is the number of industrials?,number-of,scene,4,1,0.6603457927703857,0.50-0.74,2-5,RSVQA Specialist v1,False,
26499,264,count,How many small residential buildings are there?,how-many,building,300,201+,0.8856292963027954,0.75-0.89,201+,RSVQA Specialist v1,False,
26509,265,count,How many forests are there?,how-many,forest,225,55,0.04074092581868172,0.00-0.49,201+,RSVQA Specialist v1,False,
26512,265,count,What is the number of residential buildings?,number-of,building,3752,201+,0.9981727600097656,0.90-1.00,201+,RSVQA Specialist v1,False,
26514,265,count,How many commercial buildings are there?,how-many,building,7,19,0.07936547696590424,0.00-0.49,6-10,RSVQA Specialist v1,False,
26521,265,comp,Are there more water areas than forests?,more-than,water vs forest,yes,no,0.9705199599266052,0.90-1.00,n/a,RSVQA Specialist v1,False,
26523,265,count,What is the number of water areas?,number-of,water,80,31,0.09622933715581894,0.00-0.49,51-100,RSVQA Specialist v1,False,
26525,265,presence,Is a circular building present?,present,building,no,yes,0.6412761211395264,0.50-0.74,n/a,RSVQA Specialist v1,False,
26527,265,count,What is the amount of roads?,amount-of,road,1929,201+,0.9895456433296204,0.90-1.00,201+,RSVQA Specialist v1,False,
26528,265,count,How many parks are there?,how-many,scene,6,3,0.5049191117286682,0.50-0.74,6-10,RSVQA Specialist v1,False,
26530,265,count,What is the amount of buildings?,amount-of,building,3849,201+,0.9981256127357483,0.90-1.00,201+,RSVQA Specialist v1,False,
26534,265,presence,Is a large scrub present?,present,scrub,no,yes,0.9960899949073792,0.90-1.00,n/a,RSVQA Specialist v1,False,
26538,265,count,What is the number of hedges next to a  water area?,number-of,water,1,23,0.10067202150821686,0.00-0.49,1,RSVQA Specialist v1,False,
26541,265,presence,Is a circular forest present?,present,forest,yes,no,0.7980780601501465,0.75-0.89,n/a,RSVQA Specialist v1,False,
26545,265,count,How many rectangular forests are there?,how-many,forest,62,12,0.10657774657011032,0.00-0.49,51-100,RSVQA Specialist v1,False,
26547,265,count,What is the amount of rectangular residential buildings?,amount-of,building,1740,201+,0.997208297252655,0.90-1.00,201+,RSVQA Specialist v1,False,
26548,265,presence,Is there a square building?,is-there,building,no,yes,0.7103018760681152,0.50-0.74,n/a,RSVQA Specialist v1,False,
26550,265,count,What is the number of grass areas?,number-of,grassland,156,201+,0.46340411901474,0.00-0.49,101-200,RSVQA Specialist v1,False,
26553,265,count,How many small commercial buildings are there?,how-many,building,6,19,0.08794337511062622,0.00-0.49,6-10,RSVQA Specialist v1,False,
26554,265,count,How many farmlands are there?,how-many,agriculture,16,48,0.043407805263996124,0.00-0.49,11-20,RSVQA Specialist v1,False,
26559,265,comp,Are there more grass areas than square buildings?,more-than,grassland vs building,yes,no,0.6803457140922546,0.50-0.74,n/a,RSVQA Specialist v1,False,
26567,265,count,What is the amount of scrubs?,amount-of,scrub,33,3,0.2114696353673935,0.00-0.49,21-50,RSVQA Specialist v1,False,
26569,265,count,What is the amount of parkings?,amount-of,scene,20,9,0.22016684710979462,0.00-0.49,11-20,RSVQA Specialist v1,False,
26571,265,count,What is the amount of small grass areas?,amount-of,grassland,70,28,0.09877566248178482,0.00-0.49,51-100,RSVQA Specialist v1,False,
26572,265,count,What is the amount of square water areas?,amount-of,water,4,1,0.29735589027404785,0.00-0.49,2-5,RSVQA Specialist v1,False,
26582,265,count,What is the amount of medium water areas?,amount-of,water,20,7,0.11406653374433517,0.00-0.49,11-20,RSVQA Specialist v1,False,
26584,265,count,What is the number of circular forests in the image?,number-of,forest,1,0,0.8132725358009338,0.75-0.89,1,RSVQA Specialist v1,False,
26586,265,count,What is the amount of medium buildings?,amount-of,building,10,9,0.10805084556341171,0.00-0.49,6-10,RSVQA Specialist v1,False,
26590,265,count,How many rectangular commercial buildings are there?,how-many,building,1,7,0.12993039190769196,0.00-0.49,1,RSVQA Specialist v1,False,
26593,265,count,What is the number of small buildings?,number-of,building,3834,201+,0.9969282746315002,0.90-1.00,201+,RSVQA Specialist v1,False,
26604,265,count,What is the amount of medium grass areas?,amount-of,grassland,57,48,0.034598831087350845,0.00-0.49,51-100,RSVQA Specialist v1,False,
26605,265,presence,Is there a circular residential building?,is-there,building,no,yes,0.629396915435791,0.50-0.74,n/a,RSVQA Specialist v1,False,
26607,265,count,What is the number of cemeterys?,number-of,scene,2,3,0.4239518940448761,0.00-0.49,2-5,RSVQA Specialist v1,False,
26611,266,count,What is the number of residential buildings in the image?,number-of,building,109,201+,0.06252950429916382,0.00-0.49,101-200,RSVQA Specialist v1,False,
26613,266,count,What is the number of farmlands?,number-of,agriculture,16,15,0.1277552992105484,0.00-0.49,11-20,RSVQA Specialist v1,False,
26615,266,count,How many buildings are there?,how-many,building,115,127,0.0542142316699028,0.00-0.49,101-200,RSVQA Specialist v1,False,
26616,266,count,What is the amount of roads?,amount-of,road,48,66,0.10582499206066132,0.00-0.49,21-50,RSVQA Specialist v1,False,
26618,266,count,What is the number of commercial buildings?,number-of,building,6,1,0.2840539813041687,0.00-0.49,6-10,RSVQA Specialist v1,False,
26621,266,count,What is the number of water areas?,number-of,water,6,15,0.10244587808847427,0.00-0.49,6-10,RSVQA Specialist v1,False,
26624,266,count,What is the number of grass areas?,number-of,grassland,31,35,0.03709157556295395,0.00-0.49,21-50,RSVQA Specialist v1,False,
26627,266,count,What is the amount of forests?,amount-of,forest,32,15,0.061106666922569275,0.00-0.49,21-50,RSVQA Specialist v1,False,
26630,266,presence,Is a circular residential building present?,present,building,no,yes,0.803619384765625,0.75-0.89,n/a,RSVQA Specialist v1,False,
26631,266,presence,Is a square residential building present?,present,building,no,yes,0.5396470427513123,0.50-0.74,n/a,RSVQA Specialist v1,False,
26632,266,count,What is the number of small buildings?,number-of,building,111,159,0.041991762816905975,0.00-0.49,101-200,RSVQA Specialist v1,False,
26633,266,presence,Is there a large building?,is-there,building,no,yes,0.8159949779510498,0.75-0.89,n/a,RSVQA Specialist v1,False,
26643,266,count,What is the amount of rectangular grass areas?,amount-of,grassland,6,1,0.273808091878891,0.00-0.49,6-10,RSVQA Specialist v1,False,
26647,266,count,What is the amount of forests on the right of a  commercial building?,amount-of,forest,28,20,0.08273845165967941,0.00-0.49,21-50,RSVQA Specialist v1,False,
26648,266,count,What is the number of water areas next to a  residential building?,number-of,water,3,10,0.12834860384464264,0.00-0.49,2-5,RSVQA Specialist v1,False,
26654,266,count,What is the number of grass areas at the top of a  commercial building?,number-of,grassland,29,32,0.0618792325258255,0.00-0.49,21-50,RSVQA Specialist v1,False,
26662,266,presence,Is a circular building present?,present,building,no,yes,0.6601565480232239,0.50-0.74,n/a,RSVQA Specialist v1,False,
26668,266,count,How many small residential buildings are there?,how-many,building,105,89,0.03811979666352272,0.00-0.49,101-200,RSVQA Specialist v1,False,
26675,266,comp,Are there more water areas than commercial buildings?,more-than,water vs building,no,yes,0.9287638664245605,0.90-1.00,n/a,RSVQA Specialist v1,False,
26678,266,presence,Is there a small building next to a  square road?,is-there,building,no,yes,0.690879225730896,0.50-0.74,n/a,RSVQA Specialist v1,False,
26682,266,comp,Is the number of commercial buildings equal to the number of water areas?,equal-to,building vs water,yes,no,0.9929934144020081,0.90-1.00,n/a,RSVQA Specialist v1,False,
26683,266,comp,Are there less commercial buildings than water areas?,less-than,building vs water,no,yes,0.9367061257362366,0.90-1.00,n/a,RSVQA Specialist v1,False,
26685,266,count,How many small commercial buildings are there in the image?,how-many,building,6,3,0.36440056562423706,0.00-0.49,6-10,RSVQA Specialist v1,False,
26687,266,count,How many water areas at the bottom of a  road are there?,how-many,water,6,15,0.08754964172840118,0.00-0.49,6-10,RSVQA Specialist v1,False,
26689,266,count,What is the amount of residential buildings on the left of a  medium forest in the image?,amount-of,building,106,2,0.2835548222064972,0.00-0.49,101-200,RSVQA Specialist v1,False,
26694,266,count,What is the number of water areas next to a  grass area?,number-of,water,6,20,0.12393446266651154,0.00-0.49,6-10,RSVQA Specialist v1,False,
26698,266,count,What is the number of small roads?,number-of,road,48,116,0.05947219207882881,0.00-0.49,21-50,RSVQA Specialist v1,False,
26699,266,presence,Is there a circular water area?,is-there,water,yes,no,0.6614850163459778,0.50-0.74,n/a,RSVQA Specialist v1,False,
26700,266,presence,Is there a medium commercial building?,is-there,building,no,yes,0.6108816862106323,0.50-0.74,n/a,RSVQA Specialist v1,False,
26701,266,count,What is the amount of forests next to a  road?,amount-of,forest,32,28,0.07593992352485657,0.00-0.49,21-50,RSVQA Specialist v1,False,
26702,266,count,What is the number of large forests?,number-of,forest,6,2,0.10006948560476303,0.00-0.49,6-10,RSVQA Specialist v1,False,
26705,266,count,How many rectangular residential buildings are there?,how-many,building,62,28,0.04476550966501236,0.00-0.49,51-100,RSVQA Specialist v1,False,
26707,266,count,What is the amount of large water areas?,amount-of,water,6,5,0.13402554392814636,0.00-0.49,6-10,RSVQA Specialist v1,False,
26710,267,count,What is the number of grass areas?,number-of,grassland,7,8,0.1718706339597702,0.00-0.49,6-10,RSVQA Specialist v1,False,
26715,267,count,What is the number of buildings?,number-of,building,11,17,0.478299617767334,0.00-0.49,11-20,RSVQA Specialist v1,False,
26716,267,count,How many roads are there?,how-many,road,40,8,0.09640315920114517,0.00-0.49,21-50,RSVQA Specialist v1,False,
26719,267,count,What is the number of water areas?,number-of,water,3,1,0.368526428937912,0.00-0.49,2-5,RSVQA Specialist v1,False,
26722,267,count,How many small roads are there?,how-many,road,40,13,0.10626011341810226,0.00-0.49,21-50,RSVQA Specialist v1,False,
26727,267,count,What is the number of rectangular wetlands?,number-of,wetland,1,0,0.983795166015625,0.90-1.00,1,RSVQA Specialist v1,False,
26732,267,count,What is the number of residential buildings?,number-of,building,11,17,0.2696269154548645,0.00-0.49,11-20,RSVQA Specialist v1,False,
26740,267,count,What is the number of water areas on the right of a  residential building?,number-of,water,2,1,0.26940202713012695,0.00-0.49,2-5,RSVQA Specialist v1,False,
26744,267,presence,Is a medium water area present?,present,water,yes,no,0.9778547286987305,0.90-1.00,n/a,RSVQA Specialist v1,False,
26746,267,count,What is the number of medium grass areas?,number-of,grassland,1,0,0.39053502678871155,0.00-0.49,1,RSVQA Specialist v1,False,
26759,267,count,What is the amount of large wetlands?,amount-of,wetland,0,4,0.323639452457428,0.00-0.49,0,RSVQA Specialist v1,False,
26762,267,comp,Are there more rectangular grass areas than circular water areas in the image?,more-than,grassland vs water,yes,no,0.5153743028640747,0.50-0.74,n/a,RSVQA Specialist v1,False,
26772,267,comp,Are there less buildings than roads?,less-than,building vs road,yes,no,0.6875889301300049,0.50-0.74,n/a,RSVQA Specialist v1,False,
26773,267,comp,Are there more residential buildings than roads?,more-than,building vs road,no,yes,0.8063459992408752,0.75-0.89,n/a,RSVQA Specialist v1,False,
26776,267,count,What is the number of rectangular residential buildings?,number-of,building,8,6,0.1641736626625061,0.00-0.49,6-10,RSVQA Specialist v1,False,
26786,267,comp,Are there more roads than buildings?,more-than,road vs building,yes,no,0.8913877010345459,0.75-0.89,n/a,RSVQA Specialist v1,False,
26787,267,presence,Is there a rectangular water area?,is-there,water,yes,no,0.946648359298706,0.90-1.00,n/a,RSVQA Specialist v1,False,
26793,267,presence,Is a small water area present?,present,water,yes,no,0.9125964045524597,0.90-1.00,n/a,RSVQA Specialist v1,False,
26799,267,comp,Are there more buildings than roads?,more-than,building vs road,no,yes,0.8091906905174255,0.75-0.89,n/a,RSVQA Specialist v1,False,
26801,267,presence,Is a rectangular grass area present?,present,grassland,yes,no,0.7630609273910522,0.75-0.89,n/a,RSVQA Specialist v1,False,
26805,267,count,What is the number of forests?,number-of,forest,1,2,0.3054715394973755,0.00-0.49,1,RSVQA Specialist v1,False,
26812,268,count,What is the number of residential buildings?,number-of,building,246,201+,0.09293829649686813,0.00-0.49,201+,RSVQA Specialist v1,False,
26813,268,count,What is the amount of small residential buildings?,amount-of,building,226,201+,0.07219924032688141,0.00-0.49,201+,RSVQA Specialist v1,False,
26815,268,count,How many grass areas are there?,how-many,grassland,79,44,0.049838822335004807,0.00-0.49,51-100,RSVQA Specialist v1,False,
26817,268,comp,Are there more roads than commercial buildings?,more-than,road vs building,no,yes,0.9982507824897766,0.90-1.00,n/a,RSVQA Specialist v1,False,
26818,268,count,How many water areas are there?,how-many,water,20,14,0.10926935821771622,0.00-0.49,11-20,RSVQA Specialist v1,False,
26824,268,count,What is the number of medium commercial buildings in the image?,number-of,building,10,0,0.44015294313430786,0.00-0.49,6-10,RSVQA Specialist v1,False,
26825,268,count,How many roads are there?,how-many,road,94,142,0.11595677584409714,0.00-0.49,51-100,RSVQA Specialist v1,False,
26827,268,count,How many buildings are there?,how-many,building,311,44,0.03382369130849838,0.00-0.49,201+,RSVQA Specialist v1,False,
26829,268,presence,Is a square residential building present?,present,building,yes,no,0.6607632637023926,0.50-0.74,n/a,RSVQA Specialist v1,False,
26831,268,count,How many farmlands are there?,how-many,agriculture,35,48,0.04016546905040741,0.00-0.49,21-50,RSVQA Specialist v1,False,
26835,268,count,How many commercial buildings at the bottom of a  water area are there?,how-many,building,30,8,0.1481657773256302,0.00-0.49,21-50,RSVQA Specialist v1,False,
26836,268,count,What is the number of commercial buildings in the image?,number-of,building,30,3,0.1953306645154953,0.00-0.49,21-50,RSVQA Specialist v1,False,
26841,268,count,What is the number of circular buildings?,number-of,building,4,0,0.88818359375,0.75-0.89,2-5,RSVQA Specialist v1,False,
26847,268,count,What is the number of small roads?,number-of,road,94,201+,0.5083996057510376,0.50-0.74,51-100,RSVQA Specialist v1,False,
26851,268,comp,Are there less water areas next to a  commercial building than water areas?,less-than,water vs water,yes,no,0.9536951184272766,0.90-1.00,n/a,RSVQA Specialist v1,False,
26854,268,comp,Are there more roads than residential buildings?,more-than,road vs building,no,yes,0.5579077005386353,0.50-0.74,n/a,RSVQA Specialist v1,False,
26858,268,comp,Are there less commercial buildings than water areas in the image?,less-than,building vs water,no,yes,0.8701432943344116,0.75-0.89,n/a,RSVQA Specialist v1,False,
26868,268,comp,Are there less water areas than commercial buildings?,less-than,water vs building,yes,no,0.9798868894577026,0.90-1.00,n/a,RSVQA Specialist v1,False,
26872,268,count,How many large buildings are there?,how-many,building,1,0,0.476651668548584,0.00-0.49,1,RSVQA Specialist v1,False,
26875,268,comp,Are there more water areas than commercial buildings?,more-than,water vs building,no,yes,0.9352022409439087,0.90-1.00,n/a,RSVQA Specialist v1,False,
26876,268,presence,Is a large residential building present?,present,building,yes,no,0.735175371170044,0.50-0.74,n/a,RSVQA Specialist v1,False,
26877,268,comp,Are there less buildings than roads?,less-than,building vs road,no,yes,0.5197182297706604,0.50-0.74,n/a,RSVQA Specialist v1,False,
26881,268,count,How many rectangular buildings are there?,how-many,building,204,30,0.03109182044863701,0.00-0.49,201+,RSVQA Specialist v1,False,
26888,268,count,What is the number of rectangular water areas?,number-of,water,6,3,0.15528574585914612,0.00-0.49,6-10,RSVQA Specialist v1,False,
26893,268,count,What is the amount of medium buildings?,amount-of,building,29,8,0.14596232771873474,0.00-0.49,21-50,RSVQA Specialist v1,False,
26895,268,count,How many rectangular grass areas are there?,how-many,grassland,9,3,0.15119746327400208,0.00-0.49,6-10,RSVQA Specialist v1,False,
26897,268,comp,Is the number of residential buildings on the right of a  road equal to the number of residential buildings?,equal-to,building vs building,yes,no,0.99936443567276,0.90-1.00,n/a,RSVQA Specialist v1,False,
26898,268,presence,Is a circular residential building present?,present,building,yes,no,0.7942019701004028,0.75-0.89,n/a,RSVQA Specialist v1,False,
26909,269,count,How many water areas are there?,how-many,water,118,31,0.06529825180768967,0.00-0.49,101-200,RSVQA Specialist v1,False,
26911,269,count,What is the number of commercial buildings?,number-of,building,590,201+,0.08925508707761765,0.00-0.49,201+,RSVQA Specialist v1,False,
26913,269,count,What is the number of grass areas?,number-of,grassland,201,201+,0.13211199641227722,0.00-0.49,201+,RSVQA Specialist v1,False,
26914,269,count,How many residential buildings are there?,how-many,building,4006,201+,0.9980731010437012,0.90-1.00,201+,RSVQA Specialist v1,False,
26917,269,count,What is the number of roads?,number-of,road,610,201+,0.9825382232666016,0.90-1.00,201+,RSVQA Specialist v1,False,
26919,269,count,What is the amount of buildings?,amount-of,building,4108,201+,0.9983989596366882,0.90-1.00,201+,RSVQA Specialist v1,False,
26926,269,count,How many square water areas are there?,how-many,water,0,2,0.3149482011795044,0.00-0.49,0,RSVQA Specialist v1,False,
26931,269,count,What is the number of forests?,number-of,forest,99,201+,0.04648243635892868,0.00-0.49,51-100,RSVQA Specialist v1,False,
26942,269,count,How many farmyards are there?,how-many,scene,93,4,0.13201385736465454,0.00-0.49,51-100,RSVQA Specialist v1,False,
26945,269,count,What is the amount of rectangular residential buildings?,amount-of,building,3049,201+,0.9983256459236145,0.90-1.00,201+,RSVQA Specialist v1,False,
26952,269,count,What is the number of medium commercial buildings?,number-of,building,2,0,0.35819384455680847,0.00-0.49,2-5,RSVQA Specialist v1,False,
26961,269,count,How many circular water areas are there?,how-many,water,0,2,0.2593376934528351,0.00-0.49,0,RSVQA Specialist v1,False,
26962,269,comp,Is the number of commercial buildings equal to the number of commercial buildings next to a  road?,equal-to,building vs building,yes,no,0.9989030361175537,0.90-1.00,n/a,RSVQA Specialist v1,False,
26965,269,comp,Are there more grass areas on the right of a  square water area than water areas?,more-than,grassland vs water,no,yes,0.8228331804275513,0.75-0.89,n/a,RSVQA Specialist v1,False,
26969,269,count,What is the number of small roads?,number-of,road,610,201+,0.9794705510139465,0.90-1.00,201+,RSVQA Specialist v1,False,
26971,269,count,What is the amount of large buildings?,amount-of,building,2,0,0.45066583156585693,0.00-0.49,2-5,RSVQA Specialist v1,False,
26974,269,count,How many medium grass areas are there?,how-many,grassland,50,27,0.04765759035944939,0.00-0.49,21-50,RSVQA Specialist v1,False,
26978,269,presence,Is a square water area present?,present,water,no,yes,0.9766131639480591,0.90-1.00,n/a,RSVQA Specialist v1,False,
26979,269,count,What is the number of rectangular buildings in the image?,number-of,building,3091,201+,0.9974641799926758,0.90-1.00,201+,RSVQA Specialist v1,False,
26980,269,count,What is the number of circular residential buildings?,number-of,building,1,2,0.3648034930229187,0.00-0.49,1,RSVQA Specialist v1,False,
26986,269,count,What is the amount of small residential buildings?,amount-of,building,3996,201+,0.9986616373062134,0.90-1.00,201+,RSVQA Specialist v1,False,
26990,269,count,What is the number of rectangular commercial buildings?,number-of,building,42,7,0.0845492035150528,0.00-0.49,21-50,RSVQA Specialist v1,False,
27000,269,count,What is the number of small buildings?,number-of,building,4090,201+,0.9977228045463562,0.90-1.00,201+,RSVQA Specialist v1,False,
27001,269,count,How many rectangular water areas are there?,how-many,water,34,3,0.1511116325855255,0.00-0.49,21-50,RSVQA Specialist v1,False,
27002,269,count,What is the number of rectangular forests?,number-of,forest,12,11,0.07991468906402588,0.00-0.49,11-20,RSVQA Specialist v1,False,
27009,270,count,How many commercial buildings are there?,how-many,building,0,1,0.38021010160446167,0.00-0.49,0,RSVQA Specialist v1,False,
27011,270,count,What is the number of water areas?,number-of,water,9,10,0.10102621465921402,0.00-0.49,6-10,RSVQA Specialist v1,False,
27014,270,count,How many buildings are there?,how-many,building,57,44,0.09270981699228287,0.00-0.49,51-100,RSVQA Specialist v1,False,
27018,270,count,How many residential buildings are there?,how-many,building,57,44,0.06490761041641235,0.00-0.49,51-100,RSVQA Specialist v1,False,
27019,270,comp,Are there more buildings than forests?,more-than,building vs forest,no,yes,0.5162783265113831,0.50-0.74,n/a,RSVQA Specialist v1,False,
27021,270,presence,Is a commercial building present?,present,building,no,yes,0.8918237090110779,0.75-0.89,n/a,RSVQA Specialist v1,False,
27022,270,count,What is the amount of grass areas?,amount-of,grassland,68,43,0.055645428597927094,0.00-0.49,51-100,RSVQA Specialist v1,False,
27025,270,count,What is the number of roads?,number-of,road,35,40,0.05670822411775589,0.00-0.49,21-50,RSVQA Specialist v1,False,
27026,270,count,What is the amount of forests?,amount-of,forest,99,16,0.052837882190942764,0.00-0.49,51-100,RSVQA Specialist v1,False,
27033,270,count,What is the amount of farmlands?,amount-of,agriculture,27,48,0.055930353701114655,0.00-0.49,21-50,RSVQA Specialist v1,False,
27037,270,count,How many buildings at the bottom of a  road are there?,how-many,building,57,44,0.10806198418140411,0.00-0.49,51-100,RSVQA Specialist v1,False,
27038,270,count,What is the number of small buildings?,number-of,building,53,45,0.06786233931779861,0.00-0.49,51-100,RSVQA Specialist v1,False,
27039,270,count,How many residential buildings next to a  forest are there?,how-many,building,57,44,0.06875748932361603,0.00-0.49,51-100,RSVQA Specialist v1,False,
27047,270,count,How many large grass areas are there?,how-many,grassland,25,44,0.0650729313492775,0.00-0.49,21-50,RSVQA Specialist v1,False,
27048,270,comp,Are there more large roads than buildings in the image?,more-than,road vs building,no,yes,0.6643938422203064,0.50-0.74,n/a,RSVQA Specialist v1,False,
27049,270,count,How many large water areas are there?,how-many,water,6,2,0.2015581876039505,0.00-0.49,6-10,RSVQA Specialist v1,False,
27052,270,count,How many medium residential buildings are there?,how-many,building,4,2,0.18193070590496063,0.00-0.49,2-5,RSVQA Specialist v1,False,
27057,270,comp,Are there less small roads than farmlands?,less-than,road vs agriculture,no,yes,0.7852513790130615,0.75-0.89,n/a,RSVQA Specialist v1,False,
27060,270,count,What is the number of small forests?,number-of,forest,25,12,0.09403703361749649,0.00-0.49,21-50,RSVQA Specialist v1,False,
27061,270,count,What is the number of rectangular residential buildings?,number-of,building,39,23,0.04471784457564354,0.00-0.49,21-50,RSVQA Specialist v1,False,
27063,270,count,What is the number of small roads?,number-of,road,35,142,0.07142607867717743,0.00-0.49,21-50,RSVQA Specialist v1,False,
27067,270,count,What is the number of roads next to a  residential building?,number-of,road,25,26,0.052011795341968536,0.00-0.49,21-50,RSVQA Specialist v1,False,
27068,270,comp,Are there less commercial buildings than commercial buildings?,less-than,building vs building,no,yes,0.6555761098861694,0.50-0.74,n/a,RSVQA Specialist v1,False,
27072,270,presence,Is there a road on the right of a  commercial building?,is-there,road,no,yes,0.7122784852981567,0.50-0.74,n/a,RSVQA Specialist v1,False,
27074,270,count,What is the number of medium forests?,number-of,forest,19,12,0.10089359432458878,0.00-0.49,11-20,RSVQA Specialist v1,False,
27079,270,count,What is the amount of grass areas next to a  commercial building in the image?,amount-of,grassland,0,1,0.1808558851480484,0.00-0.49,0,RSVQA Specialist v1,False,
27081,270,count,What is the amount of buildings at the top of a  water area in the image?,amount-of,building,57,44,0.08014219254255295,0.00-0.49,51-100,RSVQA Specialist v1,False,
27092,270,comp,Are there more roads than forests?,more-than,road vs forest,no,yes,0.8158671259880066,0.75-0.89,n/a,RSVQA Specialist v1,False,
27101,270,count,How many water areas at the top of a  building are there?,how-many,water,7,3,0.11809041351079941,0.00-0.49,6-10,RSVQA Specialist v1,False,
27104,270,comp,Are there less buildings than forests?,less-than,building vs forest,yes,no,0.8408428430557251,0.75-0.89,n/a,RSVQA Specialist v1,False,
27107,270,comp,Are there less forests than buildings?,less-than,forest vs building,no,yes,0.7372329235076904,0.50-0.74,n/a,RSVQA Specialist v1,False,
27111,271,count,How many commercial buildings are there?,how-many,building,8,6,0.0865931361913681,0.00-0.49,6-10,RSVQA Specialist v1,False,
27112,271,count,What is the amount of roads in the image?,amount-of,road,309,201+,0.9668147563934326,0.90-1.00,201+,RSVQA Specialist v1,False,
27115,271,count,How many water areas are there?,how-many,water,143,22,0.05570926144719124,0.00-0.49,101-200,RSVQA Specialist v1,False,
27118,271,count,How many forests are there?,how-many,forest,215,201+,0.10171561688184738,0.00-0.49,201+,RSVQA Specialist v1,False,
27121,271,count,How many wetlands are there?,how-many,wetland,12,7,0.15790009498596191,0.00-0.49,11-20,RSVQA Specialist v1,False,
27122,271,count,What is the amount of residential buildings?,amount-of,building,1850,201+,0.9926324486732483,0.90-1.00,201+,RSVQA Specialist v1,False,
27124,271,count,What is the amount of grass areas?,amount-of,grassland,336,201+,0.03632784262299538,0.00-0.49,201+,RSVQA Specialist v1,False,
27133,271,count,What is the number of buildings?,number-of,building,1859,201+,0.9821668863296509,0.90-1.00,201+,RSVQA Specialist v1,False,
27135,271,count,What is the number of parkings?,number-of,scene,3,7,0.3465758264064789,0.00-0.49,2-5,RSVQA Specialist v1,False,
27138,271,count,What is the amount of pitchs?,amount-of,scene,20,4,0.19821791350841522,0.00-0.49,11-20,RSVQA Specialist v1,False,
27146,271,count,What is the amount of medium buildings in the image?,amount-of,building,4,7,0.31881818175315857,0.00-0.49,2-5,RSVQA Specialist v1,False,
27152,271,count,How many small roads are there?,how-many,road,309,201+,0.8293913006782532,0.75-0.89,201+,RSVQA Specialist v1,False,
27155,271,count,How many circular buildings are there?,how-many,building,0,1,0.5062215328216553,0.50-0.74,0,RSVQA Specialist v1,False,
27163,271,count,What is the amount of small grass areas?,amount-of,grassland,102,7,0.09207545965909958,0.00-0.49,101-200,RSVQA Specialist v1,False,
27166,271,count,How many circular commercial buildings are there?,how-many,building,83,0,0.9607778191566467,0.90-1.00,51-100,RSVQA Specialist v1,False,
27167,271,presence,Is there a circular residential building?,is-there,building,no,yes,0.7564265727996826,0.75-0.89,n/a,RSVQA Specialist v1,False,
27168,271,count,How many commercial buildings at the top of a  road are there?,how-many,building,8,6,0.11615138500928879,0.00-0.49,6-10,RSVQA Specialist v1,False,
27177,271,comp,Are there more grass areas than roads?,more-than,grassland vs road,yes,no,0.7572860717773438,0.75-0.89,n/a,RSVQA Specialist v1,False,
27187,271,count,What is the amount of circular water areas?,amount-of,water,4,3,0.21473412215709686,0.00-0.49,2-5,RSVQA Specialist v1,False,
27192,271,comp,Are there less grass areas than roads?,less-than,grassland vs road,no,yes,0.6637304425239563,0.50-0.74,n/a,RSVQA Specialist v1,False,
27193,271,count,What is the number of square water areas?,number-of,water,4,3,0.2204805165529251,0.00-0.49,2-5,RSVQA Specialist v1,False,
27198,271,count,What is the amount of meadows in the image?,amount-of,scene,5,7,0.19089636206626892,0.00-0.49,2-5,RSVQA Specialist v1,False,
27211,272,count,How many roads are there?,how-many,road,1034,201+,0.9827811121940613,0.90-1.00,201+,RSVQA Specialist v1,False,
27212,272,presence,Is there a circular road?,is-there,road,yes,no,0.9942915439605713,0.90-1.00,n/a,RSVQA Specialist v1,False,
27213,272,count,What is the number of residential buildings?,number-of,building,5077,201+,0.9986567497253418,0.90-1.00,201+,RSVQA Specialist v1,False,
27215,272,count,What is the number of parkings?,number-of,scene,234,11,0.10471688956022263,0.00-0.49,201+,RSVQA Specialist v1,False,
27216,272,count,What is the amount of grass areas?,amount-of,grassland,483,201+,0.23963239789009094,0.00-0.49,201+,RSVQA Specialist v1,False,
27217,272,count,What is the number of commercial buildings?,number-of,building,38,201+,0.1334100067615509,0.00-0.49,21-50,RSVQA Specialist v1,False,
27219,272,count,What is the amount of water areas?,amount-of,water,114,31,0.09783857315778732,0.00-0.49,101-200,RSVQA Specialist v1,False,
27223,272,count,What is the amount of buildings?,amount-of,building,4870,201+,0.9984580278396606,0.90-1.00,201+,RSVQA Specialist v1,False,
27226,272,count,What is the number of circular forests?,number-of,forest,3,0,0.549407958984375,0.50-0.74,2-5,RSVQA Specialist v1,False,
27227,272,comp,Are there less commercial buildings than water areas?,less-than,building vs water,yes,no,0.5018730163574219,0.50-0.74,n/a,RSVQA Specialist v1,False,
27230,272,count,How many circular village greens are there?,how-many,scene,1,0,0.6350476145744324,0.50-0.74,1,RSVQA Specialist v1,False,
27234,272,count,What is the number of village greens?,number-of,scene,120,28,0.0693720132112503,0.00-0.49,101-200,RSVQA Specialist v1,False,
27235,272,count,How many rectangular residential buildings are there?,how-many,building,2688,201+,0.9967137575149536,0.90-1.00,201+,RSVQA Specialist v1,False,
27236,272,comp,Are there less water areas than commercial buildings?,less-than,water vs building,no,yes,0.7994028329849243,0.75-0.89,n/a,RSVQA Specialist v1,False,
27240,272,count,What is the number of gardens?,number-of,scene,213,11,0.19215819239616394,0.00-0.49,201+,RSVQA Specialist v1,False,
27241,272,count,How many medium water areas are there?,how-many,water,14,2,0.3059712052345276,0.00-0.49,11-20,RSVQA Specialist v1,False,
27243,272,count,How many large grass areas are there?,how-many,grassland,60,117,0.02584311179816723,0.00-0.49,51-100,RSVQA Specialist v1,False,
27249,272,count,What is the number of forests?,number-of,forest,265,201+,0.37351495027542114,0.00-0.49,201+,RSVQA Specialist v1,False,
27256,272,comp,Are there less parkings than large water areas?,less-than,water,no,yes,0.6652920842170715,0.50-0.74,n/a,RSVQA Specialist v1,False,
27257,272,comp,Are there more commercial buildings than water areas?,more-than,building vs water,no,yes,0.6162802577018738,0.50-0.74,n/a,RSVQA Specialist v1,False,
27258,272,count,What is the amount of small gardens in the image?,amount-of,scene,130,201+,0.15146119892597198,0.00-0.49,101-200,RSVQA Specialist v1,False,
27259,272,presence,Is there a large commercial building in the image?,is-there,building,yes,no,0.7099594473838806,0.50-0.74,n/a,RSVQA Specialist v1,False,
27262,272,count,How many pitchs are there?,how-many,scene,25,9,0.17228461802005768,0.00-0.49,21-50,RSVQA Specialist v1,False,
27265,272,count,What is the number of residential areas?,number-of,scene,13,2,0.2533895969390869,0.00-0.49,11-20,RSVQA Specialist v1,False,
27267,272,comp,Are there more commercial buildings than small water areas?,more-than,building vs water,no,yes,0.6365460157394409,0.50-0.74,n/a,RSVQA Specialist v1,False,
27272,272,presence,Is there a circular residential building?,is-there,building,no,yes,0.9747298359870911,0.90-1.00,n/a,RSVQA Specialist v1,False,
27277,272,count,How many circular buildings are there?,how-many,building,1,2,0.4043387770652771,0.00-0.49,1,RSVQA Specialist v1,False,
27286,272,count,What is the number of small roads?,number-of,road,1034,201+,0.9830561876296997,0.90-1.00,201+,RSVQA Specialist v1,False,
27299,272,count,What is the number of square gardens in the image?,number-of,scene,1,0,0.9025679230690002,0.90-1.00,1,RSVQA Specialist v1,False,
27301,272,count,How many rectangular water areas are there?,how-many,water,68,3,0.1497705578804016,0.00-0.49,51-100,RSVQA Specialist v1,False,
27302,272,comp,Are there less roads than parkings?,less-than,road,no,yes,0.7924339175224304,0.75-0.89,n/a,RSVQA Specialist v1,False,
27304,272,count,How many small residential buildings are there?,how-many,building,4747,201+,0.998451828956604,0.90-1.00,201+,RSVQA Specialist v1,False,
27306,272,count,How many square water areas are there?,how-many,water,22,2,0.36875903606414795,0.00-0.49,21-50,RSVQA Specialist v1,False,
27309,273,count,How many buildings are there in the image?,how-many,building,41,201+,0.3343805968761444,0.00-0.49,21-50,RSVQA Specialist v1,False,
27310,273,count,What is the number of residential buildings?,number-of,building,35,17,0.04890548810362816,0.00-0.49,21-50,RSVQA Specialist v1,False,
27313,273,count,How many commercial buildings are there in the image?,how-many,building,5,3,0.40285536646842957,0.00-0.49,2-5,RSVQA Specialist v1,False,
27314,273,count,What is the amount of wetlands on the left of a  road?,amount-of,wetland,4,9,0.08509287238121033,0.00-0.49,2-5,RSVQA Specialist v1,False,
27316,273,count,What is the number of roads?,number-of,road,14,29,0.060466546565294266,0.00-0.49,11-20,RSVQA Specialist v1,False,
27320,273,count,What is the number of grass areas?,number-of,grassland,78,35,0.037508152425289154,0.00-0.49,51-100,RSVQA Specialist v1,False,
27321,273,count,How many square buildings are there?,how-many,building,5,0,0.4129911959171295,0.00-0.49,2-5,RSVQA Specialist v1,False,
27326,273,comp,Are there more buildings than roads in the image?,more-than,building vs road,yes,no,0.6775879263877869,0.50-0.74,n/a,RSVQA Specialist v1,False,
27328,273,count,What is the amount of farmlands?,amount-of,agriculture,14,15,0.06759312003850937,0.00-0.49,11-20,RSVQA Specialist v1,False,
27329,273,count,How many large water areas are there?,how-many,water,7,2,0.3181570768356323,0.00-0.49,6-10,RSVQA Specialist v1,False,
27330,273,comp,Are there less roads than water areas?,less-than,road vs water,yes,no,0.9535987377166748,0.90-1.00,n/a,RSVQA Specialist v1,False,
27331,273,count,How many water areas are there?,how-many,water,20,15,0.08028465509414673,0.00-0.49,11-20,RSVQA Specialist v1,False,
27340,273,count,How many forests are there?,how-many,forest,23,3,0.1146693304181099,0.00-0.49,21-50,RSVQA Specialist v1,False,
27341,273,count,What is the number of square forests?,number-of,forest,3,0,0.9729022979736328,0.90-1.00,2-5,RSVQA Specialist v1,False,
27342,273,presence,Is a circular water area present?,present,water,no,yes,0.8506478071212769,0.75-0.89,n/a,RSVQA Specialist v1,False,
27343,273,count,How many rectangular grass areas are there?,how-many,grassland,6,3,0.15473365783691406,0.00-0.49,6-10,RSVQA Specialist v1,False,
27345,273,count,What is the number of circular residential buildings?,number-of,building,5,0,0.5191110968589783,0.50-0.74,2-5,RSVQA Specialist v1,False,
27351,273,count,How many residential buildings on the left of a  road are there?,how-many,building,35,2,0.07911528646945953,0.00-0.49,21-50,RSVQA Specialist v1,False,
27356,273,comp,Are there less water areas than forests?,less-than,water vs forest,yes,no,0.5335331559181213,0.50-0.74,n/a,RSVQA Specialist v1,False,
27360,273,count,How many circular buildings are there?,how-many,building,5,1,0.5155498385429382,0.50-0.74,2-5,RSVQA Specialist v1,False,
27363,273,count,What is the amount of medium buildings?,amount-of,building,3,1,0.48316463828086853,0.00-0.49,2-5,RSVQA Specialist v1,False,
27365,273,presence,Is a square forest present?,present,forest,yes,no,0.9848029613494873,0.90-1.00,n/a,RSVQA Specialist v1,False,
27366,273,count,How many small residential buildings are there?,how-many,building,35,3,0.08384592831134796,0.00-0.49,21-50,RSVQA Specialist v1,False,
27367,273,count,What is the number of rectangular water areas?,number-of,water,4,2,0.2517375946044922,0.00-0.49,2-5,RSVQA Specialist v1,False,
27369,273,comp,Are there less commercial buildings than rectangular farmlands?,less-than,building vs agriculture,no,yes,0.8112566471099854,0.75-0.89,n/a,RSVQA Specialist v1,False,
27370,273,comp,Is the number of farmlands equal to the number of roads?,equal-to,agriculture vs road,yes,no,0.9988584518432617,0.90-1.00,n/a,RSVQA Specialist v1,False,
27376,273,comp,Are there less roads than residential buildings on the right of a  square forest?,less-than,road vs building,yes,no,0.9602699279785156,0.90-1.00,n/a,RSVQA Specialist v1,False,
27377,273,comp,Are there more residential buildings than roads in the image?,more-than,building vs road,yes,no,0.7960480451583862,0.75-0.89,n/a,RSVQA Specialist v1,False,
27380,273,comp,Are there less commercial buildings than square farmlands?,less-than,building vs agriculture,no,yes,0.6337557435035706,0.50-0.74,n/a,RSVQA Specialist v1,False,
27383,273,count,What is the number of medium commercial buildings?,number-of,building,2,0,0.9082650542259216,0.90-1.00,2-5,RSVQA Specialist v1,False,
27384,273,count,How many small buildings are there in the image?,how-many,building,38,201+,0.17387549579143524,0.00-0.49,21-50,RSVQA Specialist v1,False,
27385,273,comp,Are there less buildings than roads?,less-than,building vs road,no,yes,0.6605502963066101,0.50-0.74,n/a,RSVQA Specialist v1,False,
27390,273,count,How many residential buildings next to a  forest are there in the image?,how-many,building,23,3,0.19307737052440643,0.00-0.49,21-50,RSVQA Specialist v1,False,
27393,273,count,What is the amount of residential buildings on the right of a  road?,amount-of,building,29,2,0.06565336883068085,0.00-0.49,21-50,RSVQA Specialist v1,False,
27395,273,presence,Is a square building present in the image?,present,building,yes,no,0.5024240612983704,0.50-0.74,n/a,RSVQA Specialist v1,False,
27400,273,count,How many commercial buildings on the right of a  small water area are there?,how-many,building,3,2,0.37921255826950073,0.00-0.49,2-5,RSVQA Specialist v1,False,
27401,273,count,How many rectangular residential buildings are there?,how-many,building,27,2,0.21564194560050964,0.00-0.49,21-50,RSVQA Specialist v1,False,
27405,273,count,How many small grass areas are there?,how-many,grassland,8,7,0.09458456933498383,0.00-0.49,6-10,RSVQA Specialist v1,False,
27409,274,count,How many commercial buildings are there?,how-many,building,17,0,0.3873738944530487,0.00-0.49,11-20,RSVQA Specialist v1,False,
27410,274,count,How many roads are there?,how-many,road,205,116,0.15678635239601135,0.00-0.49,201+,RSVQA Specialist v1,False,
27413,274,count,What is the number of circular buildings?,number-of,building,0,1,0.5338007807731628,0.50-0.74,0,RSVQA Specialist v1,False,
27414,274,count,What is the number of residential buildings?,number-of,building,106,67,0.06878438591957092,0.00-0.49,101-200,RSVQA Specialist v1,False,
27415,274,count,How many water areas are there?,how-many,water,28,5,0.10639189928770065,0.00-0.49,21-50,RSVQA Specialist v1,False,
27418,274,count,What is the amount of buildings?,amount-of,building,141,90,0.07145900279283524,0.00-0.49,101-200,RSVQA Specialist v1,False,
27424,274,count,What is the amount of grass areas?,amount-of,grassland,73,14,0.21050108969211578,0.00-0.49,51-100,RSVQA Specialist v1,False,
27426,274,count,How many circular residential buildings are there?,how-many,building,0,1,0.6060521006584167,0.50-0.74,0,RSVQA Specialist v1,False,
27428,274,count,What is the number of medium forests?,number-of,forest,18,1,0.26919686794281006,0.00-0.49,11-20,RSVQA Specialist v1,False,
27429,274,count,How many small buildings are there?,how-many,building,135,74,0.05740776285529137,0.00-0.49,101-200,RSVQA Specialist v1,False,
27431,274,count,How many small residential buildings are there?,how-many,building,104,17,0.05899174511432648,0.00-0.49,101-200,RSVQA Specialist v1,False,
27434,274,count,What is the number of forests?,number-of,forest,45,5,0.16741307079792023,0.00-0.49,21-50,RSVQA Specialist v1,False,
27436,274,count,What is the number of medium buildings?,number-of,building,6,1,0.4300408363342285,0.00-0.49,6-10,RSVQA Specialist v1,False,
27440,274,count,What is the amount of wetlands?,amount-of,wetland,1,4,0.32546818256378174,0.00-0.49,1,RSVQA Specialist v1,False,
27442,274,count,What is the amount of small roads?,amount-of,road,205,116,0.10136078298091888,0.00-0.49,201+,RSVQA Specialist v1,False,
27443,274,count,What is the number of rectangular buildings in the image?,number-of,building,84,13,0.0602571964263916,0.00-0.49,51-100,RSVQA Specialist v1,False,
27446,274,count,What is the amount of medium water areas?,amount-of,water,1,0,0.3587280213832855,0.00-0.49,1,RSVQA Specialist v1,False,
27455,274,count,What is the number of medium commercial buildings?,number-of,building,4,0,0.8654943108558655,0.75-0.89,2-5,RSVQA Specialist v1,False,
27461,274,comp,Are there less buildings than forests?,less-than,building vs forest,yes,no,0.9147067070007324,0.90-1.00,n/a,RSVQA Specialist v1,False,
27471,274,count,How many parkings are there?,how-many,scene,3,1,0.39155223965644836,0.00-0.49,2-5,RSVQA Specialist v1,False,
27476,274,comp,Are there less buildings than roads?,less-than,building vs road,yes,no,0.5445674657821655,0.50-0.74,n/a,RSVQA Specialist v1,False,
27479,274,count,What is the number of residential areas?,number-of,scene,2,1,0.5245134234428406,0.50-0.74,2-5,RSVQA Specialist v1,False,
27486,274,count,What is the number of large grass areas?,number-of,grassland,27,14,0.12522277235984802,0.00-0.49,21-50,RSVQA Specialist v1,False,
27489,274,count,What is the number of medium residential buildings?,number-of,building,2,1,0.358538955450058,0.00-0.49,2-5,RSVQA Specialist v1,False,
27494,274,count,What is the number of rectangular residential buildings?,number-of,building,61,13,0.05686076730489731,0.00-0.49,51-100,RSVQA Specialist v1,False,
27496,274,count,How many rectangular forests are there?,how-many,forest,6,0,0.4273238480091095,0.00-0.49,6-10,RSVQA Specialist v1,False,
27505,274,count,How many square buildings are there?,how-many,building,0,1,0.47488176822662354,0.00-0.49,0,RSVQA Specialist v1,False,
27507,274,count,What is the number of buildings on the right of a  water area?,number-of,building,141,17,0.07664985954761505,0.00-0.49,101-200,RSVQA Specialist v1,False,
27509,275,count,What is the amount of circular grass areas?,amount-of,grassland,0,1,0.3888823091983795,0.00-0.49,0,RSVQA Specialist v1,False,
27511,275,count,What is the amount of commercial buildings?,amount-of,building,89,51,0.04601892828941345,0.00-0.49,51-100,RSVQA Specialist v1,False,
27513,275,count,What is the number of roads in the image?,number-of,road,597,201+,0.987375020980835,0.90-1.00,201+,RSVQA Specialist v1,False,
27516,275,count,What is the amount of buildings?,amount-of,building,4048,201+,0.997403085231781,0.90-1.00,201+,RSVQA Specialist v1,False,
27517,275,count,How many forests are there in the image?,how-many,forest,72,119,0.033873412758111954,0.00-0.49,51-100,RSVQA Specialist v1,False,
27519,275,count,How many small residential buildings are there?,how-many,building,3904,201+,0.9980366826057434,0.90-1.00,201+,RSVQA Specialist v1,False,
27520,275,count,What is the number of grass areas?,number-of,grassland,211,201+,0.8422483205795288,0.75-0.89,201+,RSVQA Specialist v1,False,
27521,275,count,What is the amount of rectangular grass areas?,amount-of,grassland,24,30,0.07725264877080917,0.00-0.49,21-50,RSVQA Specialist v1,False,
27522,275,count,What is the amount of water areas?,amount-of,water,116,31,0.04925521835684776,0.00-0.49,101-200,RSVQA Specialist v1,False,
27531,275,count,What is the amount of pitchs?,amount-of,scene,15,9,0.3698731064796448,0.00-0.49,11-20,RSVQA Specialist v1,False,
27533,275,count,What is the number of small roads?,number-of,road,597,201+,0.9828540086746216,0.90-1.00,201+,RSVQA Specialist v1,False,
27537,275,comp,Are there less pitchs than water areas?,less-than,water,yes,no,0.9132684469223022,0.90-1.00,n/a,RSVQA Specialist v1,False,
27541,275,count,What is the number of medium commercial buildings?,number-of,building,15,17,0.07471480965614319,0.00-0.49,11-20,RSVQA Specialist v1,False,
27542,275,count,How many residential buildings are there?,how-many,building,3939,201+,0.9973523616790771,0.90-1.00,201+,RSVQA Specialist v1,False,
27550,275,count,How many farmlands are there?,how-many,agriculture,22,49,0.03764883056282997,0.00-0.49,21-50,RSVQA Specialist v1,False,
27556,275,presence,Is there a rectangular farmland?,is-there,agriculture,no,yes,0.9453246593475342,0.90-1.00,n/a,RSVQA Specialist v1,False,
27573,275,count,What is the amount of sports centres?,amount-of,scene,2,1,0.49500954151153564,0.00-0.49,2-5,RSVQA Specialist v1,False,
27577,275,comp,Are there more commercial buildings than pitchs?,more-than,building,yes,no,0.6711117029190063,0.50-0.74,n/a,RSVQA Specialist v1,False,
27579,275,count,What is the number of large commercial buildings?,number-of,building,9,1,0.26879456639289856,0.00-0.49,6-10,RSVQA Specialist v1,False,
27592,275,comp,Are there more commercial buildings than water areas in the image?,more-than,building vs water,no,yes,0.7567023634910583,0.75-0.89,n/a,RSVQA Specialist v1,False,
27602,275,count,What is the number of large water areas?,number-of,water,16,8,0.11326997727155685,0.00-0.49,11-20,RSVQA Specialist v1,False,
27611,276,count,What is the amount of square buildings?,amount-of,building,1,0,0.5743005871772766,0.50-0.74,1,RSVQA Specialist v1,False,
27613,276,count,How many water areas are there?,how-many,water,36,44,0.08002356439828873,0.00-0.49,21-50,RSVQA Specialist v1,False,
27616,276,count,What is the amount of residential buildings?,amount-of,building,43,74,0.058311134576797485,0.00-0.49,21-50,RSVQA Specialist v1,False,
27617,276,count,How many grass areas are there?,how-many,grassland,182,201+,0.2744043171405792,0.00-0.49,101-200,RSVQA Specialist v1,False,
27618,276,count,What is the amount of large residential buildings?,amount-of,building,1,0,0.8941627144813538,0.75-0.89,1,RSVQA Specialist v1,False,
27621,276,count,What is the number of buildings?,number-of,building,44,74,0.053144000470638275,0.00-0.49,21-50,RSVQA Specialist v1,False,
27622,276,comp,Is the number of commercial buildings equal to the number of commercial buildings?,equal-to,building vs building,yes,no,0.6508702039718628,0.50-0.74,n/a,RSVQA Specialist v1,False,
27624,276,count,What is the amount of residential buildings next to a  road?,amount-of,building,43,74,0.08105481415987015,0.00-0.49,21-50,RSVQA Specialist v1,False,
27626,276,count,What is the number of square residential buildings in the image?,number-of,building,1,0,0.2994265854358673,0.00-0.49,1,RSVQA Specialist v1,False,
27628,276,count,What is the amount of roads?,amount-of,road,41,40,0.04424979165196419,0.00-0.49,21-50,RSVQA Specialist v1,False,
27633,276,comp,Are there less grass areas than roads?,less-than,grassland vs road,no,yes,0.6002482771873474,0.50-0.74,n/a,RSVQA Specialist v1,False,
27655,276,count,How many farmlands are there?,how-many,agriculture,6,16,0.11093487590551376,0.00-0.49,6-10,RSVQA Specialist v1,False,
27661,276,count,What is the amount of residential areas?,amount-of,scene,3,2,0.347541868686676,0.00-0.49,2-5,RSVQA Specialist v1,False,
27662,276,count,How many small water areas are there?,how-many,water,16,5,0.11194298416376114,0.00-0.49,11-20,RSVQA Specialist v1,False,
27671,276,count,How many large grass areas are there?,how-many,grassland,165,201+,0.4483678936958313,0.00-0.49,101-200,RSVQA Specialist v1,False,
27677,276,count,How many buildings at the bottom of a  road are there?,how-many,building,44,74,0.11682949215173721,0.00-0.49,21-50,RSVQA Specialist v1,False,
27680,276,presence,Is there a commercial building next to a  grass area?,is-there,building,no,yes,0.8533281087875366,0.75-0.89,n/a,RSVQA Specialist v1,False,
27684,276,count,How many rectangular residential buildings are there?,how-many,building,27,44,0.038378797471523285,0.00-0.49,21-50,RSVQA Specialist v1,False,
27692,276,count,What is the amount of farmyards?,amount-of,scene,3,1,0.2671830952167511,0.00-0.49,2-5,RSVQA Specialist v1,False,
27695,276,count,What is the amount of water areas at the top of a  road?,amount-of,water,33,18,0.0748167335987091,0.00-0.49,21-50,RSVQA Specialist v1,False,
27697,276,comp,Are there less buildings than small grass areas?,less-than,building vs grassland,no,yes,0.5065869092941284,0.50-0.74,n/a,RSVQA Specialist v1,False,
27702,276,count,How many rectangular buildings are there?,how-many,building,28,75,0.04375769570469856,0.00-0.49,21-50,RSVQA Specialist v1,False,
27704,276,count,What is the number of forests?,number-of,forest,6,16,0.09168680757284164,0.00-0.49,6-10,RSVQA Specialist v1,False,
27710,277,count,What is the number of water areas?,number-of,water,26,31,0.058915331959724426,0.00-0.49,21-50,RSVQA Specialist v1,False,
27712,277,count,How many large residential buildings at the top of a  road are there?,how-many,building,1,0,0.9758303761482239,0.90-1.00,1,RSVQA Specialist v1,False,
27714,277,count,How many grass areas are there?,how-many,grassland,262,201+,0.7253803610801697,0.50-0.74,201+,RSVQA Specialist v1,False,
27718,277,count,What is the number of roads?,number-of,road,81,142,0.14983759820461273,0.00-0.49,51-100,RSVQA Specialist v1,False,
27720,277,presence,Is there a commercial building next to a  building?,is-there,building,no,yes,0.6095985174179077,0.50-0.74,n/a,RSVQA Specialist v1,False,
27721,277,count,What is the number of commercial buildings?,number-of,building,0,4,0.3177940845489502,0.00-0.49,0,RSVQA Specialist v1,False,
27723,277,count,How many buildings are there in the image?,how-many,building,151,201+,0.8475796580314636,0.75-0.89,101-200,RSVQA Specialist v1,False,
27727,277,count,What is the amount of medium residential buildings in the image?,amount-of,building,9,8,0.3231527805328369,0.00-0.49,6-10,RSVQA Specialist v1,False,
27728,277,presence,Is a commercial building present?,present,building,no,yes,0.9938417673110962,0.90-1.00,n/a,RSVQA Specialist v1,False,
27730,277,count,What is the number of residential buildings?,number-of,building,146,201+,0.578028678894043,0.50-0.74,101-200,RSVQA Specialist v1,False,
27733,277,count,How many forests are there?,how-many,forest,21,23,0.08582168072462082,0.00-0.49,21-50,RSVQA Specialist v1,False,
27736,277,count,How many small roads are there?,how-many,road,81,142,0.13548417389392853,0.00-0.49,51-100,RSVQA Specialist v1,False,
27737,277,comp,Are there more grass areas than residential buildings?,more-than,grassland vs building,yes,no,0.8220319151878357,0.75-0.89,n/a,RSVQA Specialist v1,False,
27742,277,count,How many small residential buildings are there?,how-many,building,136,201+,0.36417916417121887,0.00-0.49,101-200,RSVQA Specialist v1,False,
27744,277,comp,Are there more residential buildings than grass areas in the image?,more-than,building vs grassland,no,yes,0.8856092691421509,0.75-0.89,n/a,RSVQA Specialist v1,False,
27751,277,count,What is the number of rectangular grass areas?,number-of,grassland,54,8,0.14822468161582947,0.00-0.49,51-100,RSVQA Specialist v1,False,
27759,277,count,What is the number of square water areas?,number-of,water,4,0,0.9401309490203857,0.90-1.00,2-5,RSVQA Specialist v1,False,
27761,277,comp,Are there less residential buildings than grass areas?,less-than,building vs grassland,yes,no,0.755838930606842,0.75-0.89,n/a,RSVQA Specialist v1,False,
27766,277,count,What is the amount of large residential buildings?,amount-of,building,1,0,0.9263797998428345,0.90-1.00,1,RSVQA Specialist v1,False,
27769,277,comp,Are there more water areas than circular roads?,more-than,water vs road,yes,no,0.601628839969635,0.50-0.74,n/a,RSVQA Specialist v1,False,
27777,277,comp,Is the number of water areas equal to the number of water areas next to a  road?,equal-to,water vs water,yes,no,0.9991797804832458,0.90-1.00,n/a,RSVQA Specialist v1,False,
27778,277,presence,Is a small commercial building present in the image?,present,building,no,yes,0.9877447485923767,0.90-1.00,n/a,RSVQA Specialist v1,False,
27779,277,count,What is the amount of small water areas?,amount-of,water,5,8,0.08667287230491638,0.00-0.49,2-5,RSVQA Specialist v1,False,
27784,277,count,What is the number of farmlands?,number-of,agriculture,5,22,0.05765177309513092,0.00-0.49,2-5,RSVQA Specialist v1,False,
27788,277,count,What is the number of small buildings?,number-of,building,141,201+,0.5833125710487366,0.50-0.74,101-200,RSVQA Specialist v1,False,
27789,277,comp,Are there more large grass areas than buildings?,more-than,grassland vs building,yes,no,0.8131309151649475,0.75-0.89,n/a,RSVQA Specialist v1,False,
27791,277,count,How many rectangular buildings are there?,how-many,building,98,201+,0.1143280416727066,0.00-0.49,51-100,RSVQA Specialist v1,False,
27805,277,comp,Are there less grass areas than residential buildings?,less-than,grassland vs building,no,yes,0.6697841286659241,0.50-0.74,n/a,RSVQA Specialist v1,False,
27806,277,count,What is the amount of commercial buildings on the left of a  water area?,amount-of,building,0,2,0.3803921043872833,0.00-0.49,0,RSVQA Specialist v1,False,
27810,278,count,What is the amount of water areas in the image?,amount-of,water,3,1,0.20080329477787018,0.00-0.49,2-5,RSVQA Specialist v1,False,
27812,278,count,What is the amount of forests?,amount-of,forest,379,201+,0.07091116160154343,0.00-0.49,201+,RSVQA Specialist v1,False,
27813,278,count,How many buildings are there?,how-many,building,67,201+,0.2894742786884308,0.00-0.49,51-100,RSVQA Specialist v1,False,
27814,278,count,How many square forests are there?,how-many,forest,1,0,0.939189612865448,0.90-1.00,1,RSVQA Specialist v1,False,
27815,278,comp,Are there less residential buildings than forests?,less-than,building vs forest,yes,no,0.7093083262443542,0.50-0.74,n/a,RSVQA Specialist v1,False,
27816,278,count,How many roads are there in the image?,how-many,road,273,201+,0.5359595417976379,0.50-0.74,201+,RSVQA Specialist v1,False,
27817,278,comp,Are there less commercial buildings than commercial buildings?,less-than,building vs building,no,yes,0.6050427556037903,0.50-0.74,n/a,RSVQA Specialist v1,False,
27819,278,count,What is the number of rectangular residential buildings?,number-of,building,37,30,0.12301679700613022,0.00-0.49,21-50,RSVQA Specialist v1,False,
27821,278,count,How many residential buildings are there?,how-many,building,67,201+,0.5203468799591064,0.50-0.74,51-100,RSVQA Specialist v1,False,
27824,278,comp,Are there less buildings than forests?,less-than,building vs forest,yes,no,0.9207249283790588,0.90-1.00,n/a,RSVQA Specialist v1,False,
27826,278,count,What is the amount of heaths?,amount-of,scene,16,5,0.15307660400867462,0.00-0.49,11-20,RSVQA Specialist v1,False,
27830,278,count,What is the number of rectangular forests?,number-of,forest,26,12,0.1117892637848854,0.00-0.49,21-50,RSVQA Specialist v1,False,
27832,278,comp,Are there more residential buildings than roads?,more-than,building vs road,no,yes,0.878007173538208,0.75-0.89,n/a,RSVQA Specialist v1,False,
27833,278,comp,Are there more roads than buildings?,more-than,road vs building,yes,no,0.871191143989563,0.75-0.89,n/a,RSVQA Specialist v1,False,
27834,278,presence,Is there a large residential building?,is-there,building,yes,no,0.950788140296936,0.90-1.00,n/a,RSVQA Specialist v1,False,
27836,278,count,How many large residential buildings are there in the image?,how-many,building,1,0,0.8419933319091797,0.75-0.89,1,RSVQA Specialist v1,False,
27837,278,presence,Is there a circular forest?,is-there,forest,yes,no,0.9394407868385315,0.90-1.00,n/a,RSVQA Specialist v1,False,
27844,278,count,How many small forests are there?,how-many,forest,57,2,0.06368178129196167,0.00-0.49,51-100,RSVQA Specialist v1,False,
27845,278,count,What is the amount of square water areas?,amount-of,water,2,0,0.742806077003479,0.50-0.74,2-5,RSVQA Specialist v1,False,
27847,278,count,What is the number of large buildings?,number-of,building,1,0,0.9630281329154968,0.90-1.00,1,RSVQA Specialist v1,False,
27863,278,comp,Are there less large commercial buildings than residential buildings in the image?,less-than,building vs building,yes,no,0.573336660861969,0.50-0.74,n/a,RSVQA Specialist v1,False,
27872,278,comp,Are there less residential buildings than roads?,less-than,building vs road,yes,no,0.9092726111412048,0.90-1.00,n/a,RSVQA Specialist v1,False,
27873,278,count,What is the number of rectangular water areas?,number-of,water,2,1,0.3283015787601471,0.00-0.49,2-5,RSVQA Specialist v1,False,
27876,278,count,What is the amount of circular water areas?,amount-of,water,2,0,0.6765725016593933,0.50-0.74,2-5,RSVQA Specialist v1,False,
27877,278,count,What is the number of forests at the bottom of a  water area?,number-of,forest,127,9,0.1394408792257309,0.00-0.49,101-200,RSVQA Specialist v1,False,
27880,278,count,What is the number of small residential buildings?,number-of,building,65,201+,0.4625495374202728,0.00-0.49,51-100,RSVQA Specialist v1,False,
27881,278,count,How many circular forests are there?,how-many,forest,1,0,0.9420874118804932,0.90-1.00,1,RSVQA Specialist v1,False,
27882,278,comp,Are there more heaths than water areas?,more-than,water,yes,no,0.7549504637718201,0.75-0.89,n/a,RSVQA Specialist v1,False,
27885,278,comp,Are there more roads than forests?,more-than,road vs forest,no,yes,0.8784389495849609,0.75-0.89,n/a,RSVQA Specialist v1,False,
27886,278,count,How many small roads are there?,how-many,road,273,201+,0.09474605321884155,0.00-0.49,201+,RSVQA Specialist v1,False,
27887,278,comp,Are there more residential buildings than forests?,more-than,building vs forest,no,yes,0.9661131501197815,0.90-1.00,n/a,RSVQA Specialist v1,False,
27890,278,comp,Are there more buildings than forests?,more-than,building vs forest,no,yes,0.8444873094558716,0.75-0.89,n/a,RSVQA Specialist v1,False,
27891,278,count,How many medium buildings are there?,how-many,building,1,0,0.9533980488777161,0.90-1.00,1,RSVQA Specialist v1,False,
27892,278,count,What is the amount of residential buildings at the top of a  water area?,amount-of,building,56,201+,0.31126129627227783,0.00-0.49,51-100,RSVQA Specialist v1,False,
27895,278,count,How many residential buildings on the left of a  road are there?,how-many,building,67,201+,0.35564738512039185,0.00-0.49,51-100,RSVQA Specialist v1,False,
27900,278,count,What is the number of small buildings?,number-of,building,65,201+,0.33915001153945923,0.00-0.49,51-100,RSVQA Specialist v1,False,
27901,278,comp,Are there more residential buildings than circular water areas?,more-than,building vs water,yes,no,0.5824874043464661,0.50-0.74,n/a,RSVQA Specialist v1,False,
27902,278,presence,Is a medium residential building present?,present,building,yes,no,0.9360135793685913,0.90-1.00,n/a,RSVQA Specialist v1,False,
27907,278,comp,Are there more buildings than roads in the image?,more-than,building vs road,no,yes,0.9413328766822815,0.90-1.00,n/a,RSVQA Specialist v1,False,
27908,279,rural_urban,Is it a rural or an urban area,rural-or-urban,scene,urban,rural,0.9999629259109497,0.90-1.00,n/a,RSVQA Specialist v1,False,
27909,279,count,How many commercial buildings are there?,how-many,building,16,3,0.25731635093688965,0.00-0.49,11-20,RSVQA Specialist v1,False,
27911,279,count,What is the number of roads?,number-of,road,111,142,0.08532164245843887,0.00-0.49,101-200,RSVQA Specialist v1,False,
27912,279,count,What is the number of residential buildings?,number-of,building,677,201+,0.9696823954582214,0.90-1.00,201+,RSVQA Specialist v1,False,
27914,279,comp,Are there more roads than water areas?,more-than,road vs water,no,yes,0.9598933458328247,0.90-1.00,n/a,RSVQA Specialist v1,False,
27915,279,count,What is the number of forests?,number-of,forest,51,40,0.06515350192785263,0.00-0.49,51-100,RSVQA Specialist v1,False,
27919,279,count,What is the amount of buildings?,amount-of,building,698,201+,0.9755967259407043,0.90-1.00,201+,RSVQA Specialist v1,False,
27922,279,count,What is the amount of water areas?,amount-of,water,186,31,0.057005781680345535,0.00-0.49,101-200,RSVQA Specialist v1,False,
27923,279,count,How many grass areas are there?,how-many,grassland,194,201+,0.5910322070121765,0.50-0.74,101-200,RSVQA Specialist v1,False,
27929,279,count,What is the amount of circular residential buildings?,amount-of,building,9,0,0.47903773188591003,0.00-0.49,6-10,RSVQA Specialist v1,False,
27936,279,count,What is the amount of rectangular grass areas?,amount-of,grassland,15,28,0.05775484815239906,0.00-0.49,11-20,RSVQA Specialist v1,False,
27939,279,count,What is the number of farmlands?,number-of,agriculture,15,22,0.05264829471707344,0.00-0.49,11-20,RSVQA Specialist v1,False,
27941,279,count,What is the amount of rectangular commercial buildings?,amount-of,building,9,2,0.28859975934028625,0.00-0.49,6-10,RSVQA Specialist v1,False,
27942,279,count,What is the number of square water areas?,number-of,water,1,0,0.40714025497436523,0.00-0.49,1,RSVQA Specialist v1,False,
27943,279,count,What is the amount of square residential buildings?,amount-of,building,9,0,0.47484779357910156,0.00-0.49,6-10,RSVQA Specialist v1,False,
27947,279,count,What is the number of small commercial buildings in the image?,number-of,building,14,3,0.33742234110832214,0.00-0.49,11-20,RSVQA Specialist v1,False,
27948,279,count,What is the number of small buildings?,number-of,building,693,201+,0.9680277705192566,0.90-1.00,201+,RSVQA Specialist v1,False,
27949,279,count,What is the amount of medium water areas?,amount-of,water,59,8,0.09843386709690094,0.00-0.49,51-100,RSVQA Specialist v1,False,
27950,279,presence,Is a square water area present in the image?,present,water,yes,no,0.712046205997467,0.50-0.74,n/a,RSVQA Specialist v1,False,
27958,279,count,What is the amount of commercial buildings at the top of a  grass area?,amount-of,building,16,4,0.2329777479171753,0.00-0.49,11-20,RSVQA Specialist v1,False,
27960,279,presence,Is there a circular water area?,is-there,water,yes,no,0.5158048272132874,0.50-0.74,n/a,RSVQA Specialist v1,False,
27962,279,presence,Is there a medium commercial building?,is-there,building,no,yes,0.8727402091026306,0.75-0.89,n/a,RSVQA Specialist v1,False,
27973,279,count,How many medium grass areas are there?,how-many,grassland,23,19,0.05883677303791046,0.00-0.49,21-50,RSVQA Specialist v1,False,
27977,279,comp,Are there less roads than water areas?,less-than,road vs water,yes,no,0.99481201171875,0.90-1.00,n/a,RSVQA Specialist v1,False,
27990,279,comp,Are there more water areas than forests?,more-than,water vs forest,yes,no,0.9675140380859375,0.90-1.00,n/a,RSVQA Specialist v1,False,
27993,279,count,How many circular buildings are there?,how-many,building,9,0,0.3858284056186676,0.00-0.49,6-10,RSVQA Specialist v1,False,
27995,279,count,What is the amount of meadows?,amount-of,scene,13,36,0.055458180606365204,0.00-0.49,11-20,RSVQA Specialist v1,False,
28010,280,count,What is the number of residential buildings?,number-of,building,3098,201+,0.9977977275848389,0.90-1.00,201+,RSVQA Specialist v1,False,
28011,280,count,What is the number of water areas?,number-of,water,72,31,0.04358752444386482,0.00-0.49,51-100,RSVQA Specialist v1,False,
28014,280,count,How many forests are there in the image?,how-many,forest,189,201+,0.040912508964538574,0.00-0.49,101-200,RSVQA Specialist v1,False,
28018,280,count,How many small scrubs are there?,how-many,scrub,6,3,0.23939922451972961,0.00-0.49,6-10,RSVQA Specialist v1,False,
28019,280,count,What is the number of commercial buildings?,number-of,building,64,201+,0.03978545963764191,0.00-0.49,51-100,RSVQA Specialist v1,False,
28020,280,count,What is the number of small buildings?,number-of,building,3112,201+,0.9962072372436523,0.90-1.00,201+,RSVQA Specialist v1,False,
28022,280,count,What is the number of roads?,number-of,road,297,201+,0.9807085394859314,0.90-1.00,201+,RSVQA Specialist v1,False,
28029,280,count,What is the number of medium residential buildings?,number-of,building,25,19,0.07480575889348984,0.00-0.49,21-50,RSVQA Specialist v1,False,
28032,280,count,How many buildings are there?,how-many,building,3164,201+,0.9964466691017151,0.90-1.00,201+,RSVQA Specialist v1,False,
28035,280,count,What is the amount of farmlands in the image?,amount-of,agriculture,122,41,0.035268206149339676,0.00-0.49,101-200,RSVQA Specialist v1,False,
28036,280,count,What is the number of medium forests?,number-of,forest,47,12,0.06083712354302406,0.00-0.49,21-50,RSVQA Specialist v1,False,
28037,280,comp,Are there less forests than roads?,less-than,forest vs road,no,yes,0.7700686454772949,0.75-0.89,n/a,RSVQA Specialist v1,False,
28040,280,count,What is the number of large water areas?,number-of,water,20,8,0.19737878441810608,0.00-0.49,11-20,RSVQA Specialist v1,False,
28044,280,count,What is the amount of circular residential buildings?,amount-of,building,2,0,0.2605709135532379,0.00-0.49,2-5,RSVQA Specialist v1,False,
28045,280,count,What is the number of pitchs in the image?,number-of,scene,15,9,0.4024965763092041,0.00-0.49,11-20,RSVQA Specialist v1,False,
28047,280,count,How many large commercial buildings are there?,how-many,building,2,1,0.1850464791059494,0.00-0.49,2-5,RSVQA Specialist v1,False,
28051,280,count,What is the number of rectangular water areas?,number-of,water,19,8,0.17723731696605682,0.00-0.49,11-20,RSVQA Specialist v1,False,
28053,280,count,What is the amount of small roads?,amount-of,road,297,201+,0.9816111922264099,0.90-1.00,201+,RSVQA Specialist v1,False,
28055,280,count,What is the amount of medium buildings?,amount-of,building,42,19,0.08558802306652069,0.00-0.49,21-50,RSVQA Specialist v1,False,
28058,280,count,What is the amount of grass areas?,amount-of,grassland,59,201+,0.5112670660018921,0.50-0.74,51-100,RSVQA Specialist v1,False,
28063,280,count,What is the number of square water areas?,number-of,water,2,0,0.3419739305973053,0.00-0.49,2-5,RSVQA Specialist v1,False,
28076,280,count,How many medium water areas are there?,how-many,water,19,8,0.1705915629863739,0.00-0.49,11-20,RSVQA Specialist v1,False,
28077,280,count,What is the number of rectangular residential buildings?,number-of,building,2065,201+,0.9960873126983643,0.90-1.00,201+,RSVQA Specialist v1,False,
28078,280,count,What is the amount of large forests in the image?,amount-of,forest,44,12,0.053332217037677765,0.00-0.49,21-50,RSVQA Specialist v1,False,
28079,280,count,How many rectangular grass areas are there?,how-many,grassland,1,30,0.061242666095495224,0.00-0.49,1,RSVQA Specialist v1,False,
28083,280,count,What is the number of small forests?,number-of,forest,98,28,0.09249875694513321,0.00-0.49,51-100,RSVQA Specialist v1,False,
28088,280,comp,Are there less commercial buildings than water areas?,less-than,building vs water,yes,no,0.7944323420524597,0.75-0.89,n/a,RSVQA Specialist v1,False,
28100,280,count,What is the number of parkings?,number-of,scene,7,9,0.15384730696678162,0.00-0.49,6-10,RSVQA Specialist v1,False,
28107,280,count,How many square forests are there?,how-many,forest,4,0,0.880861222743988,0.75-0.89,2-5,RSVQA Specialist v1,False,
28110,281,count,How many residential buildings are there?,how-many,building,15,35,0.062087755650281906,0.00-0.49,11-20,RSVQA Specialist v1,False,
28114,281,count,How many buildings are there?,how-many,building,15,74,0.04841321334242821,0.00-0.49,11-20,RSVQA Specialist v1,False,
28115,281,count,What is the amount of forests?,amount-of,forest,142,16,0.07897033542394638,0.00-0.49,101-200,RSVQA Specialist v1,False,
28120,281,count,What is the number of roads?,number-of,road,72,142,0.08039871603250504,0.00-0.49,51-100,RSVQA Specialist v1,False,
28122,281,presence,Is there a commercial building?,is-there,building,no,yes,0.6251649260520935,0.50-0.74,n/a,RSVQA Specialist v1,False,
28123,281,count,What is the amount of water areas?,amount-of,water,57,40,0.04557181894779205,0.00-0.49,51-100,RSVQA Specialist v1,False,
28125,281,count,How many circular grass areas are there?,how-many,grassland,2,0,0.9893145561218262,0.90-1.00,2-5,RSVQA Specialist v1,False,
28127,281,count,What is the number of residential buildings next to a  small water area?,number-of,building,12,50,0.036535006016492844,0.00-0.49,11-20,RSVQA Specialist v1,False,
28129,281,count,What is the amount of small water areas?,amount-of,water,14,19,0.036886923015117645,0.00-0.49,11-20,RSVQA Specialist v1,False,
28130,281,presence,Is there a square forest?,is-there,forest,yes,no,0.9877052307128906,0.90-1.00,n/a,RSVQA Specialist v1,False,
28136,281,presence,Is there a small commercial building?,is-there,building,no,yes,0.5787597298622131,0.50-0.74,n/a,RSVQA Specialist v1,False,
28138,281,count,How many grass areas are there?,how-many,grassland,117,44,0.06336276233196259,0.00-0.49,101-200,RSVQA Specialist v1,False,
28141,281,count,What is the number of medium water areas?,number-of,water,18,0,0.21370188891887665,0.00-0.49,11-20,RSVQA Specialist v1,False,
28144,281,count,How many circular water areas are there?,how-many,water,4,0,0.9904826879501343,0.90-1.00,2-5,RSVQA Specialist v1,False,
28146,281,comp,Are there more water areas than buildings?,more-than,water vs building,yes,no,0.9357990026473999,0.90-1.00,n/a,RSVQA Specialist v1,False,
28147,281,count,What is the number of square forests?,number-of,forest,2,0,0.9880414009094238,0.90-1.00,2-5,RSVQA Specialist v1,False,
28151,281,count,How many forests at the bottom of a  residential building are there?,how-many,forest,6,14,0.06062997505068779,0.00-0.49,6-10,RSVQA Specialist v1,False,
28155,281,comp,Are there less residential buildings than water areas?,less-than,building vs water,yes,no,0.9370677471160889,0.90-1.00,n/a,RSVQA Specialist v1,False,
28161,281,count,What is the number of rectangular residential buildings?,number-of,building,8,13,0.0372948944568634,0.00-0.49,6-10,RSVQA Specialist v1,False,
28165,281,count,How many small buildings are there?,how-many,building,11,35,0.04768950864672661,0.00-0.49,11-20,RSVQA Specialist v1,False,
28171,281,count,How many farmlands are there?,how-many,agriculture,11,16,0.09154405444860458,0.00-0.49,11-20,RSVQA Specialist v1,False,
28173,281,count,What is the amount of residential buildings on the left of a  forest?,amount-of,building,15,19,0.068703792989254,0.00-0.49,11-20,RSVQA Specialist v1,False,
28176,281,presence,Is a circular water area present?,present,water,yes,no,0.9903510212898254,0.90-1.00,n/a,RSVQA Specialist v1,False,
28190,281,comp,Are there more buildings than water areas?,more-than,building vs water,no,yes,0.8672869801521301,0.75-0.89,n/a,RSVQA Specialist v1,False,
28191,281,count,How many small residential buildings are there?,how-many,building,11,35,0.05382692068815231,0.00-0.49,11-20,RSVQA Specialist v1,False,
28193,281,count,What is the number of buildings at the bottom of a  grass area?,number-of,building,15,74,0.04345621168613434,0.00-0.49,11-20,RSVQA Specialist v1,False,
28200,281,comp,Are there less circular farmlands than grass areas?,less-than,agriculture vs grassland,yes,no,0.6922975182533264,0.50-0.74,n/a,RSVQA Specialist v1,False,
28202,281,count,What is the amount of rectangular buildings?,amount-of,building,8,16,0.0427519790828228,0.00-0.49,6-10,RSVQA Specialist v1,False,
28214,282,presence,Is there a medium residential building in the image?,is-there,building,no,yes,0.6844895482063293,0.50-0.74,n/a,RSVQA Specialist v1,False,
28215,282,count,How many forests are there in the image?,how-many,forest,317,201+,0.22055740654468536,0.00-0.49,201+,RSVQA Specialist v1,False,
28216,282,count,How many roads are there?,how-many,road,29,201+,0.11845402419567108,0.00-0.49,21-50,RSVQA Specialist v1,False,
28220,282,count,How many buildings are there?,how-many,building,196,90,0.07630924135446548,0.00-0.49,101-200,RSVQA Specialist v1,False,
28223,282,count,How many heaths are there?,how-many,scene,86,3,0.10241290181875229,0.00-0.49,51-100,RSVQA Specialist v1,False,
28225,282,count,What is the number of residential buildings?,number-of,building,196,188,0.06302585452795029,0.00-0.49,101-200,RSVQA Specialist v1,False,
28229,282,comp,Are there more buildings than roads?,more-than,building vs road,yes,no,0.8174225091934204,0.75-0.89,n/a,RSVQA Specialist v1,False,
28232,282,count,What is the number of rectangular buildings?,number-of,building,146,13,0.04985839128494263,0.00-0.49,101-200,RSVQA Specialist v1,False,
28233,282,count,How many rectangular residential buildings are there?,how-many,building,146,19,0.042774397879838943,0.00-0.49,101-200,RSVQA Specialist v1,False,
28242,282,count,What is the amount of water areas on the right of a  road?,amount-of,water,2,1,0.36984074115753174,0.00-0.49,2-5,RSVQA Specialist v1,False,
28248,282,comp,Are there more roads than buildings?,more-than,road vs building,no,yes,0.9401713013648987,0.90-1.00,n/a,RSVQA Specialist v1,False,
28251,282,comp,Are there less roads than buildings?,less-than,road vs building,yes,no,0.7987229228019714,0.75-0.89,n/a,RSVQA Specialist v1,False,
28256,282,comp,Are there less forests than roads?,less-than,forest vs road,no,yes,0.6788582801818848,0.50-0.74,n/a,RSVQA Specialist v1,False,
28260,282,count,What is the number of medium forests?,number-of,forest,75,23,0.04381425306200981,0.00-0.49,51-100,RSVQA Specialist v1,False,
28264,282,count,What is the number of residential buildings on the right of a  forest?,number-of,building,196,188,0.0862346887588501,0.00-0.49,101-200,RSVQA Specialist v1,False,
28271,282,count,What is the number of large heaths?,number-of,scene,64,9,0.08809269964694977,0.00-0.49,51-100,RSVQA Specialist v1,False,
28273,282,count,What is the number of rectangular heaths in the image?,number-of,scene,3,9,0.17797322571277618,0.00-0.49,2-5,RSVQA Specialist v1,False,
28276,282,comp,Are there more roads than commercial buildings?,more-than,road vs building,no,yes,0.9973474740982056,0.90-1.00,n/a,RSVQA Specialist v1,False,
28277,282,comp,Are there more roads than forests?,more-than,road vs forest,no,yes,0.9108049869537354,0.90-1.00,n/a,RSVQA Specialist v1,False,
28279,282,presence,Is there a large water area?,is-there,water,no,yes,0.6131070256233215,0.50-0.74,n/a,RSVQA Specialist v1,False,
28282,282,comp,Is the number of commercial buildings equal to the number of commercial buildings?,equal-to,building vs building,yes,no,0.8002957701683044,0.75-0.89,n/a,RSVQA Specialist v1,False,
28283,282,count,What is the number of buildings next to a  water area?,number-of,building,0,188,0.0687364712357521,0.00-0.49,0,RSVQA Specialist v1,False,
28289,282,count,What is the number of rectangular forests?,number-of,forest,27,11,0.1427019238471985,0.00-0.49,21-50,RSVQA Specialist v1,False,
28292,282,count,What is the amount of large forests?,amount-of,forest,143,116,0.0840664803981781,0.00-0.49,101-200,RSVQA Specialist v1,False,
28298,282,comp,Are there less roads than forests?,less-than,road vs forest,yes,no,0.8075755834579468,0.75-0.89,n/a,RSVQA Specialist v1,False,
28302,282,comp,Are there more residential buildings than roads?,more-than,building vs road,yes,no,0.80635005235672,0.75-0.89,n/a,RSVQA Specialist v1,False,
28309,283,count,What is the amount of commercial buildings?,amount-of,building,4,1,0.5503597259521484,0.50-0.74,2-5,RSVQA Specialist v1,False,
28312,283,count,What is the amount of grass areas next to the  medium commercial building?,amount-of,grassland,16,0,0.9168175458908081,0.90-1.00,11-20,RSVQA Specialist v1,False,
28313,283,count,How many buildings are there?,how-many,building,21,27,0.053645793348550797,0.00-0.49,21-50,RSVQA Specialist v1,False,
28316,283,count,How many small buildings are there?,how-many,building,19,57,0.053044434636831284,0.00-0.49,11-20,RSVQA Specialist v1,False,
28318,283,count,What is the amount of water areas?,amount-of,water,10,15,0.11993630230426788,0.00-0.49,6-10,RSVQA Specialist v1,False,
28319,283,count,What is the amount of residential buildings?,amount-of,building,17,57,0.08394593000411987,0.00-0.49,11-20,RSVQA Specialist v1,False,
28325,283,count,How many forests are there?,how-many,forest,10,8,0.09797432273626328,0.00-0.49,6-10,RSVQA Specialist v1,False,
28326,283,comp,Are there less buildings than roads?,less-than,building vs road,no,yes,0.5407744646072388,0.50-0.74,n/a,RSVQA Specialist v1,False,
28327,283,count,What is the number of roads?,number-of,road,14,29,0.040787432342767715,0.00-0.49,11-20,RSVQA Specialist v1,False,
28329,283,count,How many farmlands are there?,how-many,agriculture,17,15,0.07566454261541367,0.00-0.49,11-20,RSVQA Specialist v1,False,
28330,283,presence,Is there a medium commercial building?,is-there,building,yes,no,0.9499796032905579,0.90-1.00,n/a,RSVQA Specialist v1,False,
28334,283,count,How many grass areas are there in the image?,how-many,grassland,36,35,0.0758577212691307,0.00-0.49,21-50,RSVQA Specialist v1,False,
28338,283,comp,Are there more buildings than grass areas?,more-than,building vs grassland,no,yes,0.5188033580780029,0.50-0.74,n/a,RSVQA Specialist v1,False,
28340,283,presence,Is a rectangular commercial building present in the image?,present,building,yes,no,0.8736196756362915,0.75-0.89,n/a,RSVQA Specialist v1,False,
28341,283,count,What is the amount of commercial buildings at the bottom of a  water area?,amount-of,building,4,1,0.5115353465080261,0.50-0.74,2-5,RSVQA Specialist v1,False,
28343,283,count,What is the number of small residential buildings?,number-of,building,16,57,0.0728004202246666,0.00-0.49,11-20,RSVQA Specialist v1,False,
28345,283,count,What is the number of buildings at the bottom of a  grass area?,number-of,building,21,57,0.03455529361963272,0.00-0.49,21-50,RSVQA Specialist v1,False,
28346,283,comp,Is the number of water areas equal to the number of forests in the image?,equal-to,water vs forest,yes,no,0.990432858467102,0.90-1.00,n/a,RSVQA Specialist v1,False,
28351,283,count,How many large water areas are there?,how-many,water,4,5,0.1059672012925148,0.00-0.49,2-5,RSVQA Specialist v1,False,
28352,283,presence,Is there a circular water area?,is-there,water,yes,no,0.5729991793632507,0.50-0.74,n/a,RSVQA Specialist v1,False,
28355,283,count,What is the amount of rectangular buildings?,amount-of,building,12,57,0.05644943192601204,0.00-0.49,11-20,RSVQA Specialist v1,False,
28356,283,count,What is the amount of wetlands?,amount-of,wetland,2,4,0.13739536702632904,0.00-0.49,2-5,RSVQA Specialist v1,False,
28360,283,count,What is the number of commercial buildings at the top of a  medium water area?,number-of,building,4,0,0.8346529006958008,0.75-0.89,2-5,RSVQA Specialist v1,False,
28364,283,count,What is the amount of small grass areas at the bottom of a  road?,amount-of,grassland,3,28,0.09008507430553436,0.00-0.49,2-5,RSVQA Specialist v1,False,
28374,283,count,How many small roads are there?,how-many,road,14,116,0.06828620284795761,0.00-0.49,11-20,RSVQA Specialist v1,False,
28377,283,comp,Are there less buildings than grass areas?,less-than,building vs grassland,yes,no,0.5505970120429993,0.50-0.74,n/a,RSVQA Specialist v1,False,
28380,283,count,What is the amount of rectangular residential buildings?,amount-of,building,10,57,0.05488142371177673,0.00-0.49,6-10,RSVQA Specialist v1,False,
28384,283,comp,Are there more buildings than roads?,more-than,building vs road,yes,no,0.67196124792099,0.50-0.74,n/a,RSVQA Specialist v1,False,
28388,283,presence,Is a square water area present?,present,water,yes,no,0.6932114362716675,0.50-0.74,n/a,RSVQA Specialist v1,False,
28403,283,count,What is the number of medium commercial buildings?,number-of,building,1,0,0.865253210067749,0.75-0.89,1,RSVQA Specialist v1,False,
28404,283,comp,Are there less residential buildings than roads?,less-than,building vs road,no,yes,0.5218234062194824,0.50-0.74,n/a,RSVQA Specialist v1,False,
28406,283,count,How many farmlands next to a  commercial building are there?,how-many,agriculture,15,1,0.4537166953086853,0.00-0.49,11-20,RSVQA Specialist v1,False,
28409,284,count,What is the amount of residential buildings?,amount-of,building,820,201+,0.9970207810401917,0.90-1.00,201+,RSVQA Specialist v1,False,
28410,284,count,What is the amount of buildings in the image?,amount-of,building,841,201+,0.9951040744781494,0.90-1.00,201+,RSVQA Specialist v1,False,
28412,284,count,How many roads are there?,how-many,road,193,142,0.044321704655885696,0.00-0.49,101-200,RSVQA Specialist v1,False,
28415,284,count,How many water areas are there?,how-many,water,156,31,0.08403772860765457,0.00-0.49,101-200,RSVQA Specialist v1,False,
28419,284,comp,Are there less commercial buildings than orchards?,less-than,building,no,yes,0.6640022993087769,0.50-0.74,n/a,RSVQA Specialist v1,False,
28422,284,count,What is the amount of commercial buildings?,amount-of,building,13,6,0.09551359713077545,0.00-0.49,11-20,RSVQA Specialist v1,False,
28423,284,comp,Are there less circular commercial buildings than commercial buildings?,less-than,building vs building,yes,no,0.5627941489219666,0.50-0.74,n/a,RSVQA Specialist v1,False,
28426,284,count,What is the number of grass areas?,number-of,grassland,167,201+,0.6171652674674988,0.50-0.74,101-200,RSVQA Specialist v1,False,
28431,284,count,What is the amount of small roads?,amount-of,road,193,201+,0.12229026108980179,0.00-0.49,101-200,RSVQA Specialist v1,False,
28433,284,count,What is the number of medium buildings in the image?,number-of,building,14,8,0.14672061800956726,0.00-0.49,11-20,RSVQA Specialist v1,False,
28442,284,count,What is the amount of forests?,amount-of,forest,41,23,0.05750823765993118,0.00-0.49,21-50,RSVQA Specialist v1,False,
28447,284,presence,Is there a medium farmland?,is-there,agriculture,no,yes,0.6429897546768188,0.50-0.74,n/a,RSVQA Specialist v1,False,
28459,284,count,What is the number of square grass areas?,number-of,grassland,4,0,0.7826509475708008,0.75-0.89,2-5,RSVQA Specialist v1,False,
28464,284,count,What is the amount of farmlands?,amount-of,agriculture,52,48,0.04809602349996567,0.00-0.49,51-100,RSVQA Specialist v1,False,
28475,284,comp,Are there more water areas than forests in the image?,more-than,water vs forest,yes,no,0.8847435116767883,0.75-0.89,n/a,RSVQA Specialist v1,False,
28481,284,count,What is the amount of large water areas?,amount-of,water,15,6,0.15665461122989655,0.00-0.49,11-20,RSVQA Specialist v1,False,
28482,284,count,What is the number of medium commercial buildings?,number-of,building,6,2,0.2455669492483139,0.00-0.49,6-10,RSVQA Specialist v1,False,
28484,284,count,What is the amount of forests at the bottom of a  commercial building?,amount-of,forest,37,23,0.05615481734275818,0.00-0.49,21-50,RSVQA Specialist v1,False,
28490,284,count,How many rectangular buildings are there?,how-many,building,508,201+,0.9897745847702026,0.90-1.00,201+,RSVQA Specialist v1,False,
28499,284,count,What is the number of circular water areas at the top of a  building?,number-of,water,1,0,0.3072533905506134,0.00-0.49,1,RSVQA Specialist v1,False,
28501,284,count,What is the amount of small water areas?,amount-of,water,84,15,0.07190635800361633,0.00-0.49,51-100,RSVQA Specialist v1,False,
28504,284,count,How many rectangular commercial buildings are there?,how-many,building,5,7,0.2056233435869217,0.00-0.49,2-5,RSVQA Specialist v1,False,
28507,284,count,What is the amount of medium grass areas in the image?,amount-of,grassland,19,8,0.05854211375117302,0.00-0.49,11-20,RSVQA Specialist v1,False,
28510,285,count,What is the amount of roads?,amount-of,road,71,69,0.08018356561660767,0.00-0.49,51-100,RSVQA Specialist v1,False,
28512,285,count,How many commercial buildings are there?,how-many,building,13,1,0.28409796953201294,0.00-0.49,11-20,RSVQA Specialist v1,False,
28514,285,count,What is the amount of buildings?,amount-of,building,193,44,0.04524200037121773,0.00-0.49,101-200,RSVQA Specialist v1,False,
28515,285,count,What is the amount of forests?,amount-of,forest,65,16,0.06809628754854202,0.00-0.49,51-100,RSVQA Specialist v1,False,
28516,285,count,What is the amount of residential buildings?,amount-of,building,179,201+,0.057501956820487976,0.00-0.49,101-200,RSVQA Specialist v1,False,
28517,285,presence,Is a square grass area present?,present,grassland,yes,no,0.942409873008728,0.90-1.00,n/a,RSVQA Specialist v1,False,
28519,285,count,What is the number of water areas?,number-of,water,18,10,0.08628983050584793,0.00-0.49,11-20,RSVQA Specialist v1,False,
28520,285,count,How many circular water areas are there in the image?,how-many,water,3,0,0.6459997296333313,0.50-0.74,2-5,RSVQA Specialist v1,False,
28521,285,count,What is the number of small commercial buildings?,number-of,building,12,1,0.4047035276889801,0.00-0.49,11-20,RSVQA Specialist v1,False,
28522,285,count,How many farmlands are there?,how-many,agriculture,24,44,0.051129553467035294,0.00-0.49,21-50,RSVQA Specialist v1,False,
28525,285,count,What is the number of grass areas?,number-of,grassland,74,43,0.06920016556978226,0.00-0.49,51-100,RSVQA Specialist v1,False,
28527,285,count,How many medium residential buildings are there?,how-many,building,8,2,0.1523931473493576,0.00-0.49,6-10,RSVQA Specialist v1,False,
28534,285,presence,Is there a medium commercial building?,is-there,building,yes,no,0.7817306518554688,0.75-0.89,n/a,RSVQA Specialist v1,False,
28546,285,count,How many small buildings are there?,how-many,building,181,44,0.048171378672122955,0.00-0.49,101-200,RSVQA Specialist v1,False,
28547,285,count,What is the number of large buildings?,number-of,building,3,0,0.693926990032196,0.50-0.74,2-5,RSVQA Specialist v1,False,
28548,285,presence,Is a square grass area on the right of a  road present?,present,grassland,yes,no,0.9437019228935242,0.90-1.00,n/a,RSVQA Specialist v1,False,
28550,285,count,What is the number of medium buildings?,number-of,building,9,2,0.1233547106385231,0.00-0.49,6-10,RSVQA Specialist v1,False,
28551,285,presence,Is there a square water area?,is-there,water,yes,no,0.8359252214431763,0.75-0.89,n/a,RSVQA Specialist v1,False,
28553,285,presence,Is there a square residential building?,is-there,building,yes,no,0.728814959526062,0.50-0.74,n/a,RSVQA Specialist v1,False,
28554,285,count,How many square water areas are there?,how-many,water,3,0,0.8151567578315735,0.75-0.89,2-5,RSVQA Specialist v1,False,
28559,285,count,What is the amount of large grass areas?,amount-of,grassland,28,43,0.07701563835144043,0.00-0.49,21-50,RSVQA Specialist v1,False,
28565,285,count,What is the amount of medium water areas?,amount-of,water,4,2,0.23696206510066986,0.00-0.49,2-5,RSVQA Specialist v1,False,
28568,285,count,What is the amount of roads at the bottom of a  circular grass area?,amount-of,road,41,0,0.9946678876876831,0.90-1.00,21-50,RSVQA Specialist v1,False,
28569,285,count,How many small roads are there?,how-many,road,71,48,0.08827326446771622,0.00-0.49,51-100,RSVQA Specialist v1,False,
28570,285,comp,Are there more square roads than water areas?,more-than,road vs water,no,yes,0.5346262454986572,0.50-0.74,n/a,RSVQA Specialist v1,False,
28576,285,count,What is the amount of rectangular water areas in the image?,amount-of,water,5,2,0.21386796236038208,0.00-0.49,2-5,RSVQA Specialist v1,False,
28583,285,count,How many square residential buildings are there?,how-many,building,6,0,0.884879469871521,0.75-0.89,6-10,RSVQA Specialist v1,False,
28585,285,count,How many large water areas are there?,how-many,water,10,2,0.1732800006866455,0.00-0.49,6-10,RSVQA Specialist v1,False,
28594,285,count,How many medium commercial buildings are there?,how-many,building,1,0,0.8125826120376587,0.75-0.89,1,RSVQA Specialist v1,False,
28600,285,presence,Is there a circular residential building?,is-there,building,yes,no,0.824935793876648,0.75-0.89,n/a,RSVQA Specialist v1,False,
28603,285,presence,Is a circular building present?,present,building,yes,no,0.8590623140335083,0.75-0.89,n/a,RSVQA Specialist v1,False,
28605,285,presence,Is a circular residential building on the left of a  forest present?,present,building,yes,no,0.837709367275238,0.75-0.89,n/a,RSVQA Specialist v1,False,
28612,286,count,What is the amount of water areas?,amount-of,water,104,37,0.05719846487045288,0.00-0.49,101-200,RSVQA Specialist v1,False,
28613,286,count,What is the amount of square forests?,amount-of,forest,1,0,0.6683986783027649,0.50-0.74,1,RSVQA Specialist v1,False,
28614,286,count,How many large water areas are there in the image?,how-many,water,9,2,0.2015361785888672,0.00-0.49,6-10,RSVQA Specialist v1,False,
28616,286,count,How many grass areas are there?,how-many,grassland,260,201+,0.9166330099105835,0.90-1.00,201+,RSVQA Specialist v1,False,
28618,286,count,How many forests are there?,how-many,forest,231,201+,0.19274044036865234,0.00-0.49,201+,RSVQA Specialist v1,False,
28620,286,count,What is the amount of commercial buildings?,amount-of,building,51,14,0.09279453009366989,0.00-0.49,51-100,RSVQA Specialist v1,False,
28625,286,count,What is the amount of residential buildings?,amount-of,building,4176,201+,0.9990540146827698,0.90-1.00,201+,RSVQA Specialist v1,False,
28626,286,count,How many buildings are there?,how-many,building,4364,201+,0.9987170696258545,0.90-1.00,201+,RSVQA Specialist v1,False,
28629,286,count,What is the number of small residential buildings?,number-of,building,4155,201+,0.9984220266342163,0.90-1.00,201+,RSVQA Specialist v1,False,
28630,286,count,What is the amount of roads?,amount-of,road,637,201+,0.9888190627098083,0.90-1.00,201+,RSVQA Specialist v1,False,
28632,286,count,What is the amount of scrubs in the image?,amount-of,scrub,8,3,0.2774113416671753,0.00-0.49,6-10,RSVQA Specialist v1,False,
28634,286,count,How many rectangular water areas are there?,how-many,water,10,9,0.15716390311717987,0.00-0.49,6-10,RSVQA Specialist v1,False,
28643,286,presence,Is a square forest present?,present,forest,yes,no,0.6021944880485535,0.50-0.74,n/a,RSVQA Specialist v1,False,
28651,286,count,What is the amount of circular residential buildings?,amount-of,building,6,2,0.30595478415489197,0.00-0.49,6-10,RSVQA Specialist v1,False,
28654,286,count,What is the number of large residential buildings at the top of a  scrub in the image?,number-of,building,0,1,0.5023102164268494,0.50-0.74,0,RSVQA Specialist v1,False,
28658,286,count,How many rectangular commercial buildings are there in the image?,how-many,building,31,7,0.10663486272096634,0.00-0.49,21-50,RSVQA Specialist v1,False,
28664,286,count,What is the amount of large commercial buildings?,amount-of,building,0,1,0.5082802772521973,0.50-0.74,0,RSVQA Specialist v1,False,
28668,286,count,What is the amount of circular water areas?,amount-of,water,3,2,0.27543336153030396,0.00-0.49,2-5,RSVQA Specialist v1,False,
28678,286,count,How many small buildings are there?,how-many,building,4342,201+,0.9987164735794067,0.90-1.00,201+,RSVQA Specialist v1,False,
28691,286,count,What is the number of large buildings?,number-of,building,6,1,0.40284743905067444,0.00-0.49,6-10,RSVQA Specialist v1,False,
28698,286,count,What is the number of commercial buildings on the right of a  road?,number-of,building,51,14,0.08067959547042847,0.00-0.49,51-100,RSVQA Specialist v1,False,
28707,286,count,What is the number of parkings?,number-of,scene,10,11,0.1161302998661995,0.00-0.49,6-10,RSVQA Specialist v1,False,
28710,287,count,What is the amount of roads?,amount-of,road,935,201+,0.9963783621788025,0.90-1.00,201+,RSVQA Specialist v1,False,
28711,287,comp,Are there more grass areas than commercial buildings?,more-than,grassland vs building,no,yes,0.9328885078430176,0.90-1.00,n/a,RSVQA Specialist v1,False,
28714,287,count,What is the number of commercial buildings?,number-of,building,280,201+,0.34665659070014954,0.00-0.49,201+,RSVQA Specialist v1,False,
28717,287,count,What is the number of water areas in the image?,number-of,water,16,31,0.048294439911842346,0.00-0.49,11-20,RSVQA Specialist v1,False,
28718,287,count,How many forests are there?,how-many,forest,221,201+,0.23886053264141083,0.00-0.49,201+,RSVQA Specialist v1,False,
28720,287,count,How many grass areas are there?,how-many,grassland,204,201+,0.8922911286354065,0.75-0.89,201+,RSVQA Specialist v1,False,
28728,287,count,How many residential buildings are there?,how-many,building,7929,201+,0.9984326958656311,0.90-1.00,201+,RSVQA Specialist v1,False,
28731,287,count,What is the amount of buildings?,amount-of,building,8278,201+,0.9979888200759888,0.90-1.00,201+,RSVQA Specialist v1,False,
28738,287,count,What is the number of rectangular residential buildings?,number-of,building,4774,201+,0.9979992508888245,0.90-1.00,201+,RSVQA Specialist v1,False,
28742,287,count,What is the number of large commercial buildings?,number-of,building,7,1,0.13340970873832703,0.00-0.49,6-10,RSVQA Specialist v1,False,
28746,287,count,What is the number of small water areas?,number-of,water,13,19,0.06795100122690201,0.00-0.49,11-20,RSVQA Specialist v1,False,
28747,287,count,How many small roads are there?,how-many,road,935,201+,0.9959508180618286,0.90-1.00,201+,RSVQA Specialist v1,False,
28757,287,count,What is the number of large residential buildings?,number-of,building,498,6,0.1866673082113266,0.00-0.49,201+,RSVQA Specialist v1,False,
28763,287,count,How many rectangular water areas are there?,how-many,water,2,19,0.08414305746555328,0.00-0.49,2-5,RSVQA Specialist v1,False,
28764,287,count,What is the number of square buildings?,number-of,building,6,2,0.16891737282276154,0.00-0.49,6-10,RSVQA Specialist v1,False,
28767,287,presence,Is a rectangular farmland at the bottom of a  water area present?,present,agriculture,no,yes,0.932096540927887,0.90-1.00,n/a,RSVQA Specialist v1,False,
28768,287,count,What is the amount of medium buildings?,amount-of,building,66,201+,0.11332406103610992,0.00-0.49,51-100,RSVQA Specialist v1,False,
28772,287,count,How many place of worships are there?,how-many,scene,2,1,0.2969048321247101,0.00-0.49,2-5,RSVQA Specialist v1,False,
28779,287,count,What is the amount of large pitchs?,amount-of,scene,1,6,0.2116144895553589,0.00-0.49,1,RSVQA Specialist v1,False,
28780,287,count,What is the number of circular water areas?,number-of,water,1,2,0.204859659075737,0.00-0.49,1,RSVQA Specialist v1,False,
28783,287,count,How many square residential buildings are there?,how-many,building,6,2,0.2539871633052826,0.00-0.49,6-10,RSVQA Specialist v1,False,
28788,287,count,What is the amount of orchards?,amount-of,scene,7,13,0.1755901426076889,0.00-0.49,6-10,RSVQA Specialist v1,False,
28795,287,count,How many circular residential buildings are there in the image?,how-many,building,6,2,0.36808788776397705,0.00-0.49,6-10,RSVQA Specialist v1,False,
28796,287,count,How many water areas on the left of a  building are there?,how-many,water,15,201+,0.25209125876426697,0.00-0.49,11-20,RSVQA Specialist v1,False,
28797,287,comp,Are there more forests than commercial buildings in the image?,more-than,forest vs building,no,yes,0.5144609212875366,0.50-0.74,n/a,RSVQA Specialist v1,False,
28798,287,count,What is the number of medium commercial buildings in the image?,number-of,building,25,23,0.06590322405099869,0.00-0.49,21-50,RSVQA Specialist v1,False,
28804,287,count,What is the number of farmlands?,number-of,agriculture,17,28,0.050132155418395996,0.00-0.49,11-20,RSVQA Specialist v1,False,
28808,287,count,What is the number of rectangular forests?,number-of,forest,31,28,0.1376780867576599,0.00-0.49,21-50,RSVQA Specialist v1,False,
28811,288,count,What is the number of buildings?,number-of,building,11,13,0.06344996392726898,0.00-0.49,11-20,RSVQA Specialist v1,False,
28813,288,count,What is the number of roads?,number-of,road,95,116,0.07472606003284454,0.00-0.49,51-100,RSVQA Specialist v1,False,
28815,288,count,How many residential buildings are there?,how-many,building,4,2,0.07149887830018997,0.00-0.49,2-5,RSVQA Specialist v1,False,
28821,288,count,What is the number of forests?,number-of,forest,565,16,0.04482441768050194,0.00-0.49,201+,RSVQA Specialist v1,False,
28823,288,count,What is the amount of commercial buildings?,amount-of,building,4,1,0.6874791383743286,0.50-0.74,2-5,RSVQA Specialist v1,False,
28827,288,count,How many rectangular buildings are there in the image?,how-many,building,11,2,0.1272818148136139,0.00-0.49,11-20,RSVQA Specialist v1,False,
28829,288,count,What is the amount of small roads?,amount-of,road,95,116,0.08804823458194733,0.00-0.49,51-100,RSVQA Specialist v1,False,
28831,288,count,What is the amount of water areas?,amount-of,water,22,15,0.10615068674087524,0.00-0.49,21-50,RSVQA Specialist v1,False,
28837,288,count,What is the number of farmlands?,number-of,agriculture,8,6,0.07458256930112839,0.00-0.49,6-10,RSVQA Specialist v1,False,
28838,288,count,How many square residential buildings are there?,how-many,building,1,0,0.9529753923416138,0.90-1.00,1,RSVQA Specialist v1,False,
28839,288,presence,Is there a circular forest?,is-there,forest,yes,no,0.9844887256622314,0.90-1.00,n/a,RSVQA Specialist v1,False,
28840,288,count,How many grass areas are there?,how-many,grassland,76,35,0.04776185005903244,0.00-0.49,51-100,RSVQA Specialist v1,False,
28842,288,comp,Are there less buildings than water areas?,less-than,building vs water,yes,no,0.7892658710479736,0.75-0.89,n/a,RSVQA Specialist v1,False,
28846,288,count,How many medium grass areas are there?,how-many,grassland,27,3,0.161297008395195,0.00-0.49,21-50,RSVQA Specialist v1,False,
28848,288,count,How many small forests are there?,how-many,forest,104,1,0.1671268343925476,0.00-0.49,101-200,RSVQA Specialist v1,False,
28849,288,count,How many medium forests are there?,how-many,forest,197,1,0.16088108718395233,0.00-0.49,101-200,RSVQA Specialist v1,False,
28850,288,comp,Are there more forests than commercial buildings?,more-than,forest vs building,yes,no,0.5079224705696106,0.50-0.74,n/a,RSVQA Specialist v1,False,
28856,288,comp,Are there less circular forests than buildings?,less-than,forest vs building,yes,no,0.5647426247596741,0.50-0.74,n/a,RSVQA Specialist v1,False,
28858,288,count,What is the number of medium buildings?,number-of,building,0,1,0.6286857724189758,0.50-0.74,0,RSVQA Specialist v1,False,
28861,288,count,What is the number of circular water areas in the image?,number-of,water,0,1,0.315091073513031,0.00-0.49,0,RSVQA Specialist v1,False,
28864,288,count,How many residential buildings at the bottom of a  road are there in the image?,how-many,building,2,17,0.07434670627117157,0.00-0.49,2-5,RSVQA Specialist v1,False,
28867,288,count,What is the number of rectangular residential buildings?,number-of,building,4,2,0.21433010697364807,0.00-0.49,2-5,RSVQA Specialist v1,False,
28868,288,count,How many circular forests are there?,how-many,forest,1,0,0.9826329946517944,0.90-1.00,1,RSVQA Specialist v1,False,
28869,288,presence,Is a square forest present?,present,forest,yes,no,0.9765739440917969,0.90-1.00,n/a,RSVQA Specialist v1,False,
28875,288,presence,Is a commercial building at the top of the  square forest present?,present,building,yes,no,0.9880734086036682,0.90-1.00,n/a,RSVQA Specialist v1,False,
28883,288,comp,Are there less residential buildings than water areas?,less-than,building vs water,yes,no,0.6339522004127502,0.50-0.74,n/a,RSVQA Specialist v1,False,
28886,288,comp,Are there more roads than forests?,more-than,road vs forest,no,yes,0.9023144245147705,0.90-1.00,n/a,RSVQA Specialist v1,False,
28889,288,count,How many large water areas are there?,how-many,water,16,2,0.24195630848407745,0.00-0.49,11-20,RSVQA Specialist v1,False,
28896,288,comp,Is the number of commercial buildings equal to the number of small water areas?,equal-to,building vs water,yes,no,0.9490373730659485,0.90-1.00,n/a,RSVQA Specialist v1,False,
28899,288,comp,Are there more water areas than residential buildings in the image?,more-than,water vs building,yes,no,0.5195814371109009,0.50-0.74,n/a,RSVQA Specialist v1,False,
28905,288,comp,Are there less roads at the bottom of a  water area than forests in the image?,less-than,road vs forest,yes,no,0.5469353795051575,0.50-0.74,n/a,RSVQA Specialist v1,False,
28906,288,count,What is the amount of roads at the bottom of a  commercial building?,amount-of,road,51,0,0.5679755210876465,0.50-0.74,51-100,RSVQA Specialist v1,False,
28910,289,count,What is the amount of residential buildings?,amount-of,building,54,26,0.05537927523255348,0.00-0.49,51-100,RSVQA Specialist v1,False,
28911,289,count,What is the number of farmlands in the image?,number-of,agriculture,40,15,0.08678382635116577,0.00-0.49,21-50,RSVQA Specialist v1,False,
28917,289,count,What is the amount of roads?,amount-of,road,23,69,0.04889148101210594,0.00-0.49,21-50,RSVQA Specialist v1,False,
28921,289,count,What is the number of forests?,number-of,forest,28,5,0.0742686539888382,0.00-0.49,21-50,RSVQA Specialist v1,False,
28923,289,count,What is the amount of commercial buildings?,amount-of,building,6,1,0.5664449334144592,0.50-0.74,6-10,RSVQA Specialist v1,False,
28929,289,count,What is the number of buildings in the image?,number-of,building,60,159,0.04968784749507904,0.00-0.49,51-100,RSVQA Specialist v1,False,
28930,289,count,What is the number of water areas?,number-of,water,8,10,0.12314190715551376,0.00-0.49,6-10,RSVQA Specialist v1,False,
28932,289,count,What is the amount of square commercial buildings?,amount-of,building,1,0,0.9966166615486145,0.90-1.00,1,RSVQA Specialist v1,False,
28934,289,count,What is the amount of buildings next to a  road?,amount-of,building,60,44,0.08392578363418579,0.00-0.49,51-100,RSVQA Specialist v1,False,
28936,289,count,What is the number of grass areas?,number-of,grassland,22,32,0.06546016037464142,0.00-0.49,21-50,RSVQA Specialist v1,False,
28937,289,count,How many square buildings are there?,how-many,building,6,0,0.8462206125259399,0.75-0.89,6-10,RSVQA Specialist v1,False,
28948,289,presence,Is there a medium commercial building?,is-there,building,yes,no,0.8652281165122986,0.75-0.89,n/a,RSVQA Specialist v1,False,
28949,289,count,What is the number of rectangular buildings?,number-of,building,37,28,0.07411754131317139,0.00-0.49,21-50,RSVQA Specialist v1,False,
28952,289,count,What is the number of roads on the left of a  residential building?,number-of,road,18,26,0.07429037988185883,0.00-0.49,11-20,RSVQA Specialist v1,False,
28953,289,count,What is the number of circular water areas?,number-of,water,1,0,0.8971386551856995,0.75-0.89,1,RSVQA Specialist v1,False,
28956,289,presence,Is there a circular building?,is-there,building,yes,no,0.8588067293167114,0.75-0.89,n/a,RSVQA Specialist v1,False,
28957,289,count,How many rectangular commercial buildings are there?,how-many,building,4,0,0.4887528717517853,0.00-0.49,2-5,RSVQA Specialist v1,False,
28958,289,count,How many buildings on the left of a  road are there?,how-many,building,59,44,0.12929314374923706,0.00-0.49,51-100,RSVQA Specialist v1,False,
28960,289,comp,Are there more roads than forests?,more-than,road vs forest,no,yes,0.813119649887085,0.75-0.89,n/a,RSVQA Specialist v1,False,
28961,289,count,What is the amount of commercial buildings on the left of a  water area?,amount-of,building,6,0,0.4009559452533722,0.00-0.49,6-10,RSVQA Specialist v1,False,
28965,289,count,How many small roads are there?,how-many,road,23,48,0.05449476093053818,0.00-0.49,21-50,RSVQA Specialist v1,False,
28970,289,count,What is the amount of small water areas?,amount-of,water,2,0,0.5042041540145874,0.50-0.74,2-5,RSVQA Specialist v1,False,
28972,289,count,What is the number of residential buildings next to a  forest?,number-of,building,54,32,0.06609880924224854,0.00-0.49,51-100,RSVQA Specialist v1,False,
28974,289,comp,Are there less roads than forests?,less-than,road vs forest,yes,no,0.6633744835853577,0.50-0.74,n/a,RSVQA Specialist v1,False,
28979,289,count,What is the number of water areas at the top of a  forest?,number-of,water,5,3,0.1559702306985855,0.00-0.49,2-5,RSVQA Specialist v1,False,
28982,289,count,How many circular commercial buildings are there?,how-many,building,1,0,0.995624840259552,0.90-1.00,1,RSVQA Specialist v1,False,
28984,289,presence,Is there a square residential building?,is-there,building,yes,no,0.7442436814308167,0.50-0.74,n/a,RSVQA Specialist v1,False,
28989,289,count,What is the amount of small residential buildings?,amount-of,building,51,26,0.06900658458471298,0.00-0.49,51-100,RSVQA Specialist v1,False,
28994,289,count,What is the amount of roads on the right of a  large farmland?,amount-of,road,20,47,0.04197915643453598,0.00-0.49,11-20,RSVQA Specialist v1,False,
28995,289,count,What is the amount of square water areas?,amount-of,water,1,0,0.9832378625869751,0.90-1.00,1,RSVQA Specialist v1,False,
28999,289,presence,Is there a circular commercial building?,is-there,building,yes,no,0.9970157146453857,0.90-1.00,n/a,RSVQA Specialist v1,False,
29008,289,presence,Is a square commercial building present?,present,building,yes,no,0.9966932535171509,0.90-1.00,n/a,RSVQA Specialist v1,False,
29009,290,rural_urban,Is it a rural or an urban area,rural-or-urban,scene,rural,urban,0.9998101592063904,0.90-1.00,n/a,RSVQA Specialist v1,False,
29011,290,count,How many circular residential buildings are there?,how-many,building,5,1,0.29176586866378784,0.00-0.49,2-5,RSVQA Specialist v1,False,
29013,290,count,How many small commercial buildings are there?,how-many,building,61,3,0.14224398136138916,0.00-0.49,51-100,RSVQA Specialist v1,False,
29014,290,count,How many commercial buildings are there?,how-many,building,91,8,0.1066695973277092,0.00-0.49,51-100,RSVQA Specialist v1,False,
29015,290,count,What is the amount of water areas?,amount-of,water,43,31,0.06901782751083374,0.00-0.49,21-50,RSVQA Specialist v1,False,
29016,290,count,How many residential buildings are there?,how-many,building,199,201+,0.9941370487213135,0.90-1.00,101-200,RSVQA Specialist v1,False,
29018,290,count,What is the number of roads?,number-of,road,122,142,0.08995877206325531,0.00-0.49,101-200,RSVQA Specialist v1,False,
29021,290,comp,Are there more grass areas than residential buildings in the image?,more-than,grassland vs building,yes,no,0.7866965532302856,0.75-0.89,n/a,RSVQA Specialist v1,False,
29022,290,count,How many buildings are there?,how-many,building,296,201+,0.9964773058891296,0.90-1.00,201+,RSVQA Specialist v1,False,
29027,290,count,How many grass areas are there?,how-many,grassland,247,201+,0.9136187434196472,0.90-1.00,201+,RSVQA Specialist v1,False,
29031,290,count,How many roads at the bottom of a  water area are there?,how-many,road,113,201+,0.06335857510566711,0.00-0.49,101-200,RSVQA Specialist v1,False,
29032,290,comp,Are there more residential buildings than grass areas?,more-than,building vs grassland,no,yes,0.9960039258003235,0.90-1.00,n/a,RSVQA Specialist v1,False,
29035,290,count,What is the number of large water areas?,number-of,water,13,5,0.13707652688026428,0.00-0.49,11-20,RSVQA Specialist v1,False,
29038,290,count,What is the number of large residential buildings?,number-of,building,1,0,0.8618955612182617,0.75-0.89,1,RSVQA Specialist v1,False,
29040,290,count,What is the amount of circular grass areas?,amount-of,grassland,1,0,0.7729862928390503,0.75-0.89,1,RSVQA Specialist v1,False,
29041,290,presence,Is there a large commercial building?,is-there,building,yes,no,0.7594578862190247,0.75-0.89,n/a,RSVQA Specialist v1,False,
29042,290,count,How many square buildings are there?,how-many,building,5,1,0.2616199851036072,0.00-0.49,2-5,RSVQA Specialist v1,False,
29050,290,comp,Are there more grass areas than roads?,more-than,grassland vs road,yes,no,0.5206048488616943,0.50-0.74,n/a,RSVQA Specialist v1,False,
29054,290,comp,Are there less commercial buildings than forests?,less-than,building vs forest,no,yes,0.9675900340080261,0.90-1.00,n/a,RSVQA Specialist v1,False,
29060,290,count,What is the number of farmlands?,number-of,agriculture,28,47,0.08159051090478897,0.00-0.49,21-50,RSVQA Specialist v1,False,
29064,290,count,What is the number of square residential buildings?,number-of,building,5,2,0.2363622486591339,0.00-0.49,2-5,RSVQA Specialist v1,False,
29065,290,comp,Are there more circular buildings than circular roads?,more-than,building vs road,yes,no,0.805457353591919,0.75-0.89,n/a,RSVQA Specialist v1,False,
29069,290,comp,Is the number of large residential buildings equal to the number of circular grass areas?,equal-to,building vs grassland,yes,no,0.988223671913147,0.90-1.00,n/a,RSVQA Specialist v1,False,
29075,290,count,What is the amount of parkings?,amount-of,scene,6,3,0.21537776291370392,0.00-0.49,6-10,RSVQA Specialist v1,False,
29078,290,count,How many rectangular residential buildings are there?,how-many,building,131,201+,0.9852633476257324,0.90-1.00,101-200,RSVQA Specialist v1,False,
29079,290,count,What is the number of circular water areas on the right of a  building?,number-of,water,5,0,0.31768012046813965,0.00-0.49,2-5,RSVQA Specialist v1,False,
29081,290,presence,Is there a square grass area?,is-there,grassland,yes,no,0.8525246977806091,0.75-0.89,n/a,RSVQA Specialist v1,False,
29083,290,count,What is the amount of small grass areas?,amount-of,grassland,136,28,0.05681660398840904,0.00-0.49,101-200,RSVQA Specialist v1,False,
29087,290,count,How many rectangular water areas are there?,how-many,water,9,8,0.17869170010089874,0.00-0.49,6-10,RSVQA Specialist v1,False,
29091,290,count,What is the number of square grass areas?,number-of,grassland,1,0,0.7648736238479614,0.75-0.89,1,RSVQA Specialist v1,False,
29102,290,count,What is the amount of small buildings?,amount-of,building,252,201+,0.9957231283187866,0.90-1.00,201+,RSVQA Specialist v1,False,
29104,290,comp,Are there less residential buildings than grass areas?,less-than,building vs grassland,yes,no,0.9808217883110046,0.90-1.00,n/a,RSVQA Specialist v1,False,
29106,290,count,How many small roads are there?,how-many,road,122,93,0.05998498946428299,0.00-0.49,101-200,RSVQA Specialist v1,False,
29109,290,comp,Are there less commercial buildings than circular roads next to a  small residential building?,less-than,building vs road,no,yes,0.6823563575744629,0.50-0.74,n/a,RSVQA Specialist v1,False,
29111,291,count,How many water areas are there?,how-many,water,31,10,0.14040900766849518,0.00-0.49,21-50,RSVQA Specialist v1,False,
29113,291,count,What is the number of buildings?,number-of,building,90,75,0.038069840520620346,0.00-0.49,51-100,RSVQA Specialist v1,False,
29114,291,count,What is the number of roads?,number-of,road,33,40,0.06032402068376541,0.00-0.49,21-50,RSVQA Specialist v1,False,
29116,291,count,How many grass areas are there?,how-many,grassland,39,55,0.07863140851259232,0.00-0.49,21-50,RSVQA Specialist v1,False,
29120,291,count,What is the amount of residential buildings?,amount-of,building,79,89,0.05137396976351738,0.00-0.49,51-100,RSVQA Specialist v1,False,
29127,291,count,What is the amount of forests?,amount-of,forest,41,6,0.07417292892932892,0.00-0.49,21-50,RSVQA Specialist v1,False,
29132,291,count,What is the amount of farmlands?,amount-of,agriculture,64,15,0.07128828018903732,0.00-0.49,51-100,RSVQA Specialist v1,False,
29133,291,count,What is the number of water areas at the bottom of a  road?,number-of,water,30,15,0.09484261274337769,0.00-0.49,21-50,RSVQA Specialist v1,False,
29135,291,count,How many large grass areas are there?,how-many,grassland,25,43,0.06532002985477448,0.00-0.49,21-50,RSVQA Specialist v1,False,
29137,291,count,What is the number of commercial buildings?,number-of,building,8,1,0.3767947256565094,0.00-0.49,6-10,RSVQA Specialist v1,False,
29139,291,count,What is the number of water areas next to a  residential building?,number-of,water,30,10,0.13910888135433197,0.00-0.49,21-50,RSVQA Specialist v1,False,
29140,291,count,What is the amount of commercial buildings at the top of a  road?,amount-of,building,8,0,0.4112735390663147,0.00-0.49,6-10,RSVQA Specialist v1,False,
29147,291,comp,Are there less buildings than water areas at the top of a  road?,less-than,building vs water,no,yes,0.7733798027038574,0.75-0.89,n/a,RSVQA Specialist v1,False,
29148,291,comp,Are there more roads than farmlands?,more-than,road vs agriculture,no,yes,0.9203050136566162,0.90-1.00,n/a,RSVQA Specialist v1,False,
29149,291,presence,Is there a large residential building?,is-there,building,yes,no,0.9185162782669067,0.90-1.00,n/a,RSVQA Specialist v1,False,
29167,291,count,What is the number of large forests in the image?,number-of,forest,10,6,0.1387166827917099,0.00-0.49,6-10,RSVQA Specialist v1,False,
29169,291,count,What is the amount of rectangular buildings?,amount-of,building,62,28,0.049694545567035675,0.00-0.49,51-100,RSVQA Specialist v1,False,
29174,291,count,What is the amount of small commercial buildings?,amount-of,building,7,1,0.5262643098831177,0.50-0.74,6-10,RSVQA Specialist v1,False,
29180,291,count,What is the number of roads next to a  water area?,number-of,road,33,44,0.068935826420784,0.00-0.49,21-50,RSVQA Specialist v1,False,
29188,291,count,What is the number of small residential buildings?,number-of,building,74,45,0.04169662296772003,0.00-0.49,51-100,RSVQA Specialist v1,False,
29191,291,count,What is the amount of large residential buildings?,amount-of,building,1,0,0.9647488594055176,0.90-1.00,1,RSVQA Specialist v1,False,
29192,291,count,How many water areas at the top of a  building are there?,how-many,water,27,3,0.12948116660118103,0.00-0.49,21-50,RSVQA Specialist v1,False,
29193,291,count,What is the number of small buildings?,number-of,building,84,89,0.04394044727087021,0.00-0.49,51-100,RSVQA Specialist v1,False,
29195,291,presence,Is a large building present?,present,building,yes,no,0.7531988620758057,0.75-0.89,n/a,RSVQA Specialist v1,False,
29196,291,count,How many small water areas are there?,how-many,water,14,3,0.1944088637828827,0.00-0.49,11-20,RSVQA Specialist v1,False,
29200,291,count,What is the amount of rectangular residential buildings?,amount-of,building,54,44,0.048624832183122635,0.00-0.49,51-100,RSVQA Specialist v1,False,
29202,291,count,How many medium commercial buildings are there?,how-many,building,1,0,0.9042023420333862,0.90-1.00,1,RSVQA Specialist v1,False,
29207,291,count,What is the number of large water areas?,number-of,water,12,5,0.2069990038871765,0.00-0.49,11-20,RSVQA Specialist v1,False,
29214,292,count,How many buildings are there?,how-many,building,1041,201+,0.9974253177642822,0.90-1.00,201+,RSVQA Specialist v1,False,
29215,292,count,What is the amount of grass areas?,amount-of,grassland,202,201+,0.9581184983253479,0.90-1.00,201+,RSVQA Specialist v1,False,
29218,292,count,What is the amount of water areas?,amount-of,water,50,33,0.042229920625686646,0.00-0.49,21-50,RSVQA Specialist v1,False,
29223,292,count,What is the number of commercial buildings?,number-of,building,123,14,0.06322607398033142,0.00-0.49,101-200,RSVQA Specialist v1,False,
29225,292,count,What is the number of residential buildings?,number-of,building,906,201+,0.9971442818641663,0.90-1.00,201+,RSVQA Specialist v1,False,
29227,292,count,What is the number of medium water areas?,number-of,water,10,8,0.12062881886959076,0.00-0.49,6-10,RSVQA Specialist v1,False,
29228,292,comp,Are there more commercial buildings than water areas in the image?,more-than,building vs water,yes,no,0.5646811127662659,0.50-0.74,n/a,RSVQA Specialist v1,False,
29233,292,count,What is the amount of roads?,amount-of,road,326,201+,0.8389480710029602,0.75-0.89,201+,RSVQA Specialist v1,False,
29239,292,presence,Is a large residential building present?,present,building,no,yes,0.9758436679840088,0.90-1.00,n/a,RSVQA Specialist v1,False,
29241,292,comp,Are there less grass areas than roads?,less-than,grassland vs road,yes,no,0.5194420218467712,0.50-0.74,n/a,RSVQA Specialist v1,False,
29242,292,count,How many small grass areas are there?,how-many,grassland,26,17,0.09434115886688232,0.00-0.49,21-50,RSVQA Specialist v1,False,
29243,292,count,What is the amount of circular water areas?,amount-of,water,5,0,0.1834452599287033,0.00-0.49,2-5,RSVQA Specialist v1,False,
29262,292,count,What is the number of forests?,number-of,forest,25,14,0.09749484062194824,0.00-0.49,21-50,RSVQA Specialist v1,False,
29265,292,count,What is the amount of circular residential buildings?,amount-of,building,5,6,0.5516740679740906,0.50-0.74,2-5,RSVQA Specialist v1,False,
29269,292,count,What is the amount of small buildings?,amount-of,building,997,201+,0.997137188911438,0.90-1.00,201+,RSVQA Specialist v1,False,
29275,292,comp,Are there less water areas than roads?,less-than,water vs road,no,yes,0.9796196222305298,0.90-1.00,n/a,RSVQA Specialist v1,False,
29280,292,count,How many farmlands on the left of a  commercial building are there?,how-many,agriculture,9,13,0.0850701630115509,0.00-0.49,6-10,RSVQA Specialist v1,False,
29285,292,count,What is the amount of large pitchs?,amount-of,scene,4,6,0.2178703099489212,0.00-0.49,2-5,RSVQA Specialist v1,False,
29287,292,count,What is the number of farmlands?,number-of,agriculture,9,15,0.0686744675040245,0.00-0.49,6-10,RSVQA Specialist v1,False,
29289,292,presence,Is a building on the left of a  square grass area present?,present,building,no,yes,0.9064258933067322,0.90-1.00,n/a,RSVQA Specialist v1,False,
29304,292,count,What is the amount of square buildings?,amount-of,building,5,6,0.4171459376811981,0.00-0.49,2-5,RSVQA Specialist v1,False,
29305,292,count,What is the number of rectangular residential buildings?,number-of,building,404,201+,0.9960224628448486,0.90-1.00,201+,RSVQA Specialist v1,False,
29307,292,presence,Is there a rectangular residential area?,is-there,scene,no,yes,0.6639242172241211,0.50-0.74,n/a,RSVQA Specialist v1,False,
29309,292,count,How many square residential buildings are there in the image?,how-many,building,5,6,0.43587586283683777,0.00-0.49,2-5,RSVQA Specialist v1,False,
29315,293,count,What is the number of grass areas?,number-of,grassland,285,201+,0.8676088452339172,0.75-0.89,201+,RSVQA Specialist v1,False,
29316,293,count,What is the number of residential buildings?,number-of,building,5915,201+,0.9986234903335571,0.90-1.00,201+,RSVQA Specialist v1,False,
29319,293,count,How many water areas are there in the image?,how-many,water,105,201+,0.13941973447799683,0.00-0.49,101-200,RSVQA Specialist v1,False,
29321,293,count,How many roads are there?,how-many,road,895,201+,0.9941530823707581,0.90-1.00,201+,RSVQA Specialist v1,False,
29325,293,count,What is the number of commercial buildings?,number-of,building,112,201+,0.6991539597511292,0.50-0.74,101-200,RSVQA Specialist v1,False,
29326,293,count,What is the number of rectangular forests?,number-of,forest,23,28,0.1478826105594635,0.00-0.49,21-50,RSVQA Specialist v1,False,
29332,293,count,What is the amount of buildings?,amount-of,building,6353,201+,0.9980297684669495,0.90-1.00,201+,RSVQA Specialist v1,False,
29337,293,count,How many forests are there?,how-many,forest,152,201+,0.40109556913375854,0.00-0.49,101-200,RSVQA Specialist v1,False,
29339,293,count,How many small commercial buildings are there in the image?,how-many,building,92,201+,0.8342125415802002,0.75-0.89,51-100,RSVQA Specialist v1,False,
29344,293,count,What is the number of large water areas?,number-of,water,25,20,0.09320942312479019,0.00-0.49,21-50,RSVQA Specialist v1,False,
29350,293,count,How many small buildings are there in the image?,how-many,building,6261,201+,0.9978480339050293,0.90-1.00,201+,RSVQA Specialist v1,False,
29357,293,comp,Are there more parkings than roads?,more-than,road,no,yes,0.7202267646789551,0.50-0.74,n/a,RSVQA Specialist v1,False,
29359,293,count,How many rectangular commercial buildings are there?,how-many,building,50,201+,0.5465187430381775,0.50-0.74,21-50,RSVQA Specialist v1,False,
29361,293,comp,Are there less commercial buildings than large grass areas?,less-than,building vs grassland,no,yes,0.8749873638153076,0.75-0.89,n/a,RSVQA Specialist v1,False,
29366,293,count,How many small residential buildings are there in the image?,how-many,building,5846,201+,0.9983610510826111,0.90-1.00,201+,RSVQA Specialist v1,False,
29367,293,count,What is the number of medium buildings?,number-of,building,76,201+,0.1895061433315277,0.00-0.49,51-100,RSVQA Specialist v1,False,
29370,293,count,What is the number of medium commercial buildings?,number-of,building,17,19,0.08667152374982834,0.00-0.49,11-20,RSVQA Specialist v1,False,
29371,293,count,How many large orchards are there?,how-many,scene,26,11,0.09584789723157883,0.00-0.49,21-50,RSVQA Specialist v1,False,
29376,293,count,What is the amount of rectangular industrials?,amount-of,scene,1,2,0.22118225693702698,0.00-0.49,1,RSVQA Specialist v1,False,
29378,293,count,What is the number of large commercial buildings in the image?,number-of,building,112,6,0.06652002036571503,0.00-0.49,101-200,RSVQA Specialist v1,False,
29383,293,count,What is the number of rectangular grass areas?,number-of,grassland,63,28,0.08387510478496552,0.00-0.49,51-100,RSVQA Specialist v1,False,
29387,293,count,How many grass areas at the top of a  water area are there?,how-many,grassland,285,201+,0.7372416257858276,0.50-0.74,201+,RSVQA Specialist v1,False,
29396,293,count,How many parkings are there?,how-many,scene,37,17,0.08705513924360275,0.00-0.49,21-50,RSVQA Specialist v1,False,
29406,293,presence,Is there a medium farmland?,is-there,agriculture,yes,no,0.8954786658287048,0.75-0.89,n/a,RSVQA Specialist v1,False,
29408,293,count,How many rectangular water areas are there?,how-many,water,30,19,0.09231631457805634,0.00-0.49,21-50,RSVQA Specialist v1,False,
29413,294,count,What is the number of roads?,number-of,road,288,201+,0.443022221326828,0.00-0.49,201+,RSVQA Specialist v1,False,
29414,294,count,What is the number of water areas in the image?,number-of,water,25,31,0.08535627275705338,0.00-0.49,21-50,RSVQA Specialist v1,False,
29417,294,count,How many buildings are there?,how-many,building,779,201+,0.9856970310211182,0.90-1.00,201+,RSVQA Specialist v1,False,
29418,294,count,What is the number of commercial buildings?,number-of,building,150,20,0.11236830055713654,0.00-0.49,101-200,RSVQA Specialist v1,False,
29420,294,count,How many grass areas are there?,how-many,grassland,84,125,0.033217672258615494,0.00-0.49,51-100,RSVQA Specialist v1,False,
29427,294,count,How many residential buildings are there?,how-many,building,620,201+,0.9814018607139587,0.90-1.00,201+,RSVQA Specialist v1,False,
29428,294,count,What is the amount of rectangular water areas?,amount-of,water,5,3,0.22464266419410706,0.00-0.49,2-5,RSVQA Specialist v1,False,
29432,294,comp,Are there more water areas than residential areas?,more-than,water,yes,no,0.9753015637397766,0.90-1.00,n/a,RSVQA Specialist v1,False,
29436,294,count,What is the number of small buildings?,number-of,building,764,201+,0.9877354502677917,0.90-1.00,201+,RSVQA Specialist v1,False,
29444,294,count,How many residential areas are there?,how-many,scene,22,2,0.2850092649459839,0.00-0.49,21-50,RSVQA Specialist v1,False,
29448,294,presence,Is there a large building?,is-there,building,yes,no,0.9095373153686523,0.90-1.00,n/a,RSVQA Specialist v1,False,
29449,294,count,What is the number of large commercial buildings?,number-of,building,1,0,0.8418172001838684,0.75-0.89,1,RSVQA Specialist v1,False,
29450,294,comp,Are there more forests than commercial buildings at the bottom of a  farmland?,more-than,forest vs building,no,yes,0.5716500878334045,0.50-0.74,n/a,RSVQA Specialist v1,False,
29451,294,count,What is the amount of square water areas?,amount-of,water,2,3,0.26015713810920715,0.00-0.49,2-5,RSVQA Specialist v1,False,
29453,294,count,How many farmlands are there?,how-many,agriculture,6,11,0.04419184848666191,0.00-0.49,6-10,RSVQA Specialist v1,False,
29455,294,count,What is the number of medium residential buildings?,number-of,building,4,2,0.19722671806812286,0.00-0.49,2-5,RSVQA Specialist v1,False,
29458,294,count,How many forests are there?,how-many,forest,20,53,0.03228037804365158,0.00-0.49,11-20,RSVQA Specialist v1,False,
29461,294,presence,Is there a rectangular industrial?,is-there,industrial_area,no,yes,0.7921984791755676,0.75-0.89,n/a,RSVQA Specialist v1,False,
29462,294,count,What is the number of parkings?,number-of,scene,16,7,0.1377074122428894,0.00-0.49,11-20,RSVQA Specialist v1,False,
29463,294,count,What is the number of circular water areas?,number-of,water,2,3,0.28481170535087585,0.00-0.49,2-5,RSVQA Specialist v1,False,
29473,294,comp,Are there less commercial buildings than parkings?,less-than,building,no,yes,0.7682372331619263,0.75-0.89,n/a,RSVQA Specialist v1,False,
29479,294,count,How many medium commercial buildings are there?,how-many,building,9,1,0.31257784366607666,0.00-0.49,6-10,RSVQA Specialist v1,False,
29481,294,count,How many rectangular residential buildings are there?,how-many,building,326,201+,0.9659417271614075,0.90-1.00,201+,RSVQA Specialist v1,False,
29482,294,comp,Are there more forests than water areas in the image?,more-than,forest vs water,no,yes,0.992464542388916,0.90-1.00,n/a,RSVQA Specialist v1,False,
29483,294,comp,Are there less forests than commercial buildings?,less-than,forest vs building,yes,no,0.7882405519485474,0.75-0.89,n/a,RSVQA Specialist v1,False,
29487,294,count,What is the amount of small roads?,amount-of,road,288,201+,0.40670663118362427,0.00-0.49,201+,RSVQA Specialist v1,False,
29490,294,presence,Is there a square commercial building on the right of a  grass area in the image?,is-there,building,no,yes,0.6541405320167542,0.50-0.74,n/a,RSVQA Specialist v1,False,
29495,294,count,What is the amount of industrials?,amount-of,scene,15,1,0.44319289922714233,0.00-0.49,11-20,RSVQA Specialist v1,False,
29496,294,count,How many small grass areas are there?,how-many,grassland,18,19,0.059375252574682236,0.00-0.49,11-20,RSVQA Specialist v1,False,
29498,294,count,What is the amount of small commercial buildings in the image?,amount-of,building,140,20,0.07379031926393509,0.00-0.49,101-200,RSVQA Specialist v1,False,
29500,294,count,What is the number of medium buildings?,number-of,building,14,11,0.0980929285287857,0.00-0.49,11-20,RSVQA Specialist v1,False,
29503,294,count,How many square buildings are there?,how-many,building,10,201+,0.25825950503349304,0.00-0.49,6-10,RSVQA Specialist v1,False,
29504,294,count,What is the number of square residential buildings?,number-of,building,10,2,0.42716073989868164,0.00-0.49,6-10,RSVQA Specialist v1,False,
29510,294,count,What is the amount of commercials?,amount-of,scene,1,2,0.22561486065387726,0.00-0.49,1,RSVQA Specialist v1,False,
29516,295,count,What is the amount of commercial buildings?,amount-of,building,1,4,0.32591861486434937,0.00-0.49,1,RSVQA Specialist v1,False,
29517,295,count,What is the number of small forests?,number-of,forest,62,28,0.07108830660581589,0.00-0.49,51-100,RSVQA Specialist v1,False,
29518,295,count,How many roads are there?,how-many,road,212,201+,0.9882297515869141,0.90-1.00,201+,RSVQA Specialist v1,False,
29519,295,comp,Are there more commercial buildings than large roads?,more-than,building vs road,yes,no,0.8510348796844482,0.75-0.89,n/a,RSVQA Specialist v1,False,
29522,295,count,What is the number of allotmentss?,number-of,scene,80,1,0.5802204608917236,0.50-0.74,51-100,RSVQA Specialist v1,False,
29526,295,count,How many buildings are there in the image?,how-many,building,820,201+,0.9954003691673279,0.90-1.00,201+,RSVQA Specialist v1,False,
29527,295,count,How many residential buildings are there in the image?,how-many,building,777,201+,0.9931166172027588,0.90-1.00,201+,RSVQA Specialist v1,False,
29528,295,count,What is the amount of water areas?,amount-of,water,18,21,0.08706418424844742,0.00-0.49,11-20,RSVQA Specialist v1,False,
29530,295,count,How many forests are there?,how-many,forest,125,201+,0.6384347677230835,0.50-0.74,101-200,RSVQA Specialist v1,False,
29533,295,presence,Is a large allotments present?,present,scene,yes,no,0.6368489861488342,0.50-0.74,n/a,RSVQA Specialist v1,False,
29545,295,count,What is the number of medium water areas?,number-of,water,3,1,0.2908437252044678,0.00-0.49,2-5,RSVQA Specialist v1,False,
29546,295,count,What is the number of commercial buildings on the right of a  water area?,number-of,building,0,3,0.16344591975212097,0.00-0.49,0,RSVQA Specialist v1,False,
29548,295,count,How many scrubs are there?,how-many,scrub,80,20,0.14563578367233276,0.00-0.49,51-100,RSVQA Specialist v1,False,
29550,295,comp,Is the number of square allotmentss equal to the number of medium commercial buildings?,equal-to,building,yes,no,0.9004643559455872,0.90-1.00,n/a,RSVQA Specialist v1,False,
29553,295,presence,Is a small allotments present?,present,scene,yes,no,0.6367804408073425,0.50-0.74,n/a,RSVQA Specialist v1,False,
29557,295,count,What is the number of grass areas?,number-of,grassland,31,98,0.02680431492626667,0.00-0.49,21-50,RSVQA Specialist v1,False,
29562,295,count,What is the number of farmlands?,number-of,agriculture,12,9,0.09040533006191254,0.00-0.49,11-20,RSVQA Specialist v1,False,
29563,295,count,What is the number of small commercial buildings?,number-of,building,1,3,0.21130777895450592,0.00-0.49,1,RSVQA Specialist v1,False,
29568,295,count,What is the amount of square roads?,amount-of,road,497,0,0.9928770661354065,0.90-1.00,201+,RSVQA Specialist v1,False,
29575,295,count,How many large residential buildings are there?,how-many,building,1,0,0.8712924122810364,0.75-0.89,1,RSVQA Specialist v1,False,
29577,295,presence,Is a large residential building present?,present,building,yes,no,0.9817523956298828,0.90-1.00,n/a,RSVQA Specialist v1,False,
29579,295,comp,Are there less commercial buildings than water areas in the image?,less-than,building vs water,yes,no,0.5725736618041992,0.50-0.74,n/a,RSVQA Specialist v1,False,
29590,295,comp,Is the number of commercial buildings equal to the number of circular water areas?,equal-to,building vs water,yes,no,0.9970001578330994,0.90-1.00,n/a,RSVQA Specialist v1,False,
29594,295,count,What is the amount of water areas at the top of the  commercial building in the image?,amount-of,water,16,3,0.17901815474033356,0.00-0.49,11-20,RSVQA Specialist v1,False,
29595,295,count,What is the number of rectangular water areas?,number-of,water,1,3,0.19355452060699463,0.00-0.49,1,RSVQA Specialist v1,False,
29597,295,presence,Is a large building present?,present,building,yes,no,0.9793748259544373,0.90-1.00,n/a,RSVQA Specialist v1,False,
29598,295,count,What is the number of rectangular commercial buildings?,number-of,building,0,1,0.3189620077610016,0.00-0.49,0,RSVQA Specialist v1,False,
29600,295,count,What is the number of medium buildings?,number-of,building,2,0,0.5507069230079651,0.50-0.74,2-5,RSVQA Specialist v1,False,
29603,295,count,What is the number of medium grass areas?,number-of,grassland,11,23,0.05208317190408707,0.00-0.49,11-20,RSVQA Specialist v1,False,
29611,296,rural_urban,Is it a rural or an urban area,rural-or-urban,scene,urban,rural,0.8947216868400574,0.75-0.89,n/a,RSVQA Specialist v1,False,
29615,296,count,How many residential buildings are there?,how-many,building,1729,201+,0.9556190967559814,0.90-1.00,201+,RSVQA Specialist v1,False,
29616,296,count,How many buildings are there?,how-many,building,1885,201+,0.8541377186775208,0.75-0.89,201+,RSVQA Specialist v1,False,
29618,296,count,What is the number of forests?,number-of,forest,387,201+,0.19627825915813446,0.00-0.49,201+,RSVQA Specialist v1,False,
29621,296,comp,Are there less water areas than commercial buildings?,less-than,water vs building,yes,no,0.8169350624084473,0.75-0.89,n/a,RSVQA Specialist v1,False,
29622,296,count,What is the number of roads?,number-of,road,291,201+,0.9474653601646423,0.90-1.00,201+,RSVQA Specialist v1,False,
29627,296,count,How many commercial buildings are there?,how-many,building,102,18,0.0761198028922081,0.00-0.49,101-200,RSVQA Specialist v1,False,
29632,296,count,What is the amount of rectangular forests?,amount-of,forest,26,11,0.06776446104049683,0.00-0.49,21-50,RSVQA Specialist v1,False,
29633,296,count,How many water areas are there?,how-many,water,7,20,0.055217936635017395,0.00-0.49,6-10,RSVQA Specialist v1,False,
29634,296,count,What is the number of circular forests?,number-of,forest,3,0,0.7784337401390076,0.75-0.89,2-5,RSVQA Specialist v1,False,
29636,296,count,How many small water areas are there?,how-many,water,5,20,0.06120074540376663,0.00-0.49,2-5,RSVQA Specialist v1,False,
29639,296,count,How many square residential buildings are there?,how-many,building,1,0,0.8925016522407532,0.75-0.89,1,RSVQA Specialist v1,False,
29640,296,count,What is the number of grass areas in the image?,number-of,grassland,56,201+,0.09890414774417877,0.00-0.49,51-100,RSVQA Specialist v1,False,
29641,296,count,What is the amount of medium residential buildings?,amount-of,building,7,2,0.08935318887233734,0.00-0.49,6-10,RSVQA Specialist v1,False,
29648,296,comp,Are there more large roads than residential buildings?,more-than,road vs building,no,yes,0.8267579078674316,0.75-0.89,n/a,RSVQA Specialist v1,False,
29655,296,count,What is the amount of square buildings?,amount-of,building,1,0,0.9057773947715759,0.90-1.00,1,RSVQA Specialist v1,False,
29657,296,count,What is the amount of circular residential buildings in the image?,amount-of,building,1,0,0.8089573383331299,0.75-0.89,1,RSVQA Specialist v1,False,
29660,296,count,How many small commercial buildings are there?,how-many,building,86,14,0.09220489114522934,0.00-0.49,51-100,RSVQA Specialist v1,False,
29663,296,count,How many large forests are there?,how-many,forest,214,48,0.04438944533467293,0.00-0.49,201+,RSVQA Specialist v1,False,
29665,296,comp,Are there more roads than forests?,more-than,road vs forest,no,yes,0.9641016721725464,0.90-1.00,n/a,RSVQA Specialist v1,False,
29676,296,count,What is the amount of water areas at the bottom of a  road?,amount-of,water,7,11,0.0689879059791565,0.00-0.49,6-10,RSVQA Specialist v1,False,
29677,296,count,How many medium heaths are there?,how-many,scene,2,3,0.26934975385665894,0.00-0.49,2-5,RSVQA Specialist v1,False,
29679,296,count,How many small roads are there?,how-many,road,291,201+,0.9389906525611877,0.90-1.00,201+,RSVQA Specialist v1,False,
29682,296,count,What is the amount of medium water areas?,amount-of,water,2,1,0.3142080008983612,0.00-0.49,2-5,RSVQA Specialist v1,False,
29685,296,count,What is the amount of small forests?,amount-of,forest,68,66,0.06703699380159378,0.00-0.49,51-100,RSVQA Specialist v1,False,
29689,296,count,What is the number of rectangular water areas?,number-of,water,3,8,0.1259101778268814,0.00-0.49,2-5,RSVQA Specialist v1,False,
29690,296,comp,Are there less square commercial buildings on the right of a  commercial building than buildings in the image?,less-than,building vs building,yes,no,0.6669519543647766,0.50-0.74,n/a,RSVQA Specialist v1,False,
29698,296,comp,Are there more water areas than square forests?,more-than,water vs forest,yes,no,0.9039043188095093,0.90-1.00,n/a,RSVQA Specialist v1,False,
29699,296,count,How many rectangular residential buildings are there?,how-many,building,1026,201+,0.28852027654647827,0.00-0.49,201+,RSVQA Specialist v1,False,
29700,296,count,What is the number of large residential buildings in the image?,number-of,building,3,2,0.2708996832370758,0.00-0.49,2-5,RSVQA Specialist v1,False,
29702,296,count,How many small buildings on the right of a  large road are there?,how-many,building,0,201+,0.4562409222126007,0.00-0.49,0,RSVQA Specialist v1,False,
29705,296,count,What is the amount of small buildings?,amount-of,building,1858,201+,0.962459921836853,0.90-1.00,201+,RSVQA Specialist v1,False,
29707,296,presence,Is a square forest present in the image?,present,forest,yes,no,0.8814533352851868,0.75-0.89,n/a,RSVQA Specialist v1,False,
29713,297,count,What is the number of roads?,number-of,road,851,201+,0.9933565258979797,0.90-1.00,201+,RSVQA Specialist v1,False,
29714,297,count,What is the amount of buildings in the image?,amount-of,building,3958,201+,0.9969267249107361,0.90-1.00,201+,RSVQA Specialist v1,False,
29715,297,count,How many commercial buildings are there?,how-many,building,116,201+,0.17907749116420746,0.00-0.49,101-200,RSVQA Specialist v1,False,
29723,297,count,How many water areas are there?,how-many,water,51,201+,0.1024356335401535,0.00-0.49,51-100,RSVQA Specialist v1,False,
29724,297,count,How many residential buildings are there?,how-many,building,3480,201+,0.9975270628929138,0.90-1.00,201+,RSVQA Specialist v1,False,
29729,297,count,How many pitchs are there?,how-many,scene,122,9,0.25996682047843933,0.00-0.49,101-200,RSVQA Specialist v1,False,
29730,297,count,What is the number of rectangular residential buildings?,number-of,building,1560,201+,0.9979002475738525,0.90-1.00,201+,RSVQA Specialist v1,False,
29732,297,count,What is the amount of farmlands?,amount-of,agriculture,27,14,0.04650315269827843,0.00-0.49,21-50,RSVQA Specialist v1,False,
29737,297,count,How many grass areas are there?,how-many,grassland,288,201+,0.9203320741653442,0.90-1.00,201+,RSVQA Specialist v1,False,
29752,297,presence,Is a circular water area present?,present,water,no,yes,0.6458274126052856,0.50-0.74,n/a,RSVQA Specialist v1,False,
29754,297,count,What is the amount of circular grass areas?,amount-of,grassland,3,1,0.49472612142562866,0.00-0.49,2-5,RSVQA Specialist v1,False,
29755,297,count,What is the number of parkings?,number-of,scene,31,17,0.15394097566604614,0.00-0.49,21-50,RSVQA Specialist v1,False,
29756,297,comp,Are there more industrials than roads?,more-than,road,no,yes,0.5942826271057129,0.50-0.74,n/a,RSVQA Specialist v1,False,
29757,297,count,What is the amount of large residential buildings?,amount-of,building,10,6,0.4199140667915344,0.00-0.49,6-10,RSVQA Specialist v1,False,
29760,297,count,How many rectangular grass areas are there?,how-many,grassland,50,28,0.06934775412082672,0.00-0.49,21-50,RSVQA Specialist v1,False,
29768,297,count,What is the number of small water areas?,number-of,water,14,28,0.06340797990560532,0.00-0.49,11-20,RSVQA Specialist v1,False,
29770,297,count,What is the amount of forests?,amount-of,forest,34,93,0.03334690257906914,0.00-0.49,21-50,RSVQA Specialist v1,False,
29776,297,comp,Are there more commercial buildings than water areas?,more-than,building vs water,yes,no,0.5520196557044983,0.50-0.74,n/a,RSVQA Specialist v1,False,
29778,297,count,What is the number of medium grass areas?,number-of,grassland,59,28,0.0426548570394516,0.00-0.49,51-100,RSVQA Specialist v1,False,
29781,297,count,What is the number of square commercial buildings?,number-of,building,410,0,0.9193354845046997,0.90-1.00,201+,RSVQA Specialist v1,False,
29783,297,comp,Are there less water areas than pitchs?,less-than,water,no,yes,0.8213928937911987,0.75-0.89,n/a,RSVQA Specialist v1,False,
29787,297,count,How many industrials are there?,how-many,scene,8,3,0.4160423278808594,0.00-0.49,6-10,RSVQA Specialist v1,False,
29792,297,count,How many square woods are there?,how-many,forest,1,0,0.5723816752433777,0.50-0.74,1,RSVQA Specialist v1,False,
29794,297,count,How many woods are there?,how-many,forest,11,3,0.05751238763332367,0.00-0.49,11-20,RSVQA Specialist v1,False,
29797,297,comp,Are there more medium buildings than grass areas?,more-than,building vs grassland,no,yes,0.5773662328720093,0.50-0.74,n/a,RSVQA Specialist v1,False,
29799,297,count,What is the amount of medium water areas?,amount-of,water,18,19,0.06833119690418243,0.00-0.49,11-20,RSVQA Specialist v1,False,
29803,297,count,How many scrubs are there?,how-many,scrub,26,201+,0.19202107191085815,0.00-0.49,21-50,RSVQA Specialist v1,False,
29804,297,count,What is the number of small residential buildings?,number-of,building,3428,201+,0.9978371262550354,0.90-1.00,201+,RSVQA Specialist v1,False,
29806,297,count,How many large commercial buildings are there in the image?,how-many,building,13,6,0.1061747819185257,0.00-0.49,11-20,RSVQA Specialist v1,False,
29809,297,count,What is the amount of railways?,amount-of,scene,3,1,0.2638836205005646,0.00-0.49,2-5,RSVQA Specialist v1,False,
29812,298,count,How many rectangular commercial buildings are there?,how-many,building,2,0,0.8818474411964417,0.75-0.89,2-5,RSVQA Specialist v1,False,
29813,298,count,What is the number of grass areas?,number-of,grassland,95,30,0.05315904691815376,0.00-0.49,51-100,RSVQA Specialist v1,False,
29814,298,count,What is the amount of residential buildings?,amount-of,building,82,4,0.11966119706630707,0.00-0.49,51-100,RSVQA Specialist v1,False,
29816,298,count,How many buildings are there?,how-many,building,85,201+,0.4291747808456421,0.00-0.49,51-100,RSVQA Specialist v1,False,
29820,298,comp,Are there less buildings than water areas?,less-than,building vs water,yes,no,0.987467348575592,0.90-1.00,n/a,RSVQA Specialist v1,False,
29823,298,count,What is the number of commercial buildings?,number-of,building,3,0,0.5678223371505737,0.50-0.74,2-5,RSVQA Specialist v1,False,
29824,298,presence,Is there a commercial building?,is-there,building,yes,no,0.6580672860145569,0.50-0.74,n/a,RSVQA Specialist v1,False,
29825,298,count,What is the number of roads?,number-of,road,51,71,0.05812205374240875,0.00-0.49,51-100,RSVQA Specialist v1,False,
29827,298,count,What is the number of forests?,number-of,forest,11,4,0.14706572890281677,0.00-0.49,11-20,RSVQA Specialist v1,False,
29828,298,count,What is the amount of commercial buildings on the right of a  road?,amount-of,building,3,0,0.5582062005996704,0.50-0.74,2-5,RSVQA Specialist v1,False,
29829,298,comp,Are there more residential buildings than large parkings?,more-than,building,yes,no,0.8026620745658875,0.75-0.89,n/a,RSVQA Specialist v1,False,
29831,298,count,How many water areas are there?,how-many,water,89,15,0.07049363851547241,0.00-0.49,51-100,RSVQA Specialist v1,False,
29832,298,comp,Are there less buildings than grass areas in the image?,less-than,building vs grassland,yes,no,0.8676748275756836,0.75-0.89,n/a,RSVQA Specialist v1,False,
29834,298,comp,Are there less roads than water areas?,less-than,road vs water,yes,no,0.9739366769790649,0.90-1.00,n/a,RSVQA Specialist v1,False,
29838,298,count,What is the amount of small grass areas on the left of a  commercial building in the image?,amount-of,grassland,12,29,0.045788466930389404,0.00-0.49,11-20,RSVQA Specialist v1,False,
29840,298,presence,Is a commercial building on the right of a  pitch present?,present,building,yes,no,0.9419043064117432,0.90-1.00,n/a,RSVQA Specialist v1,False,
29841,298,count,What is the number of medium residential buildings in the image?,number-of,building,1,0,0.8823193311691284,0.75-0.89,1,RSVQA Specialist v1,False,
29843,298,comp,Are there less grass areas than buildings?,less-than,grassland vs building,no,yes,0.7382762432098389,0.50-0.74,n/a,RSVQA Specialist v1,False,
29844,298,comp,Are there more residential buildings than roads in the image?,more-than,building vs road,yes,no,0.7870213389396667,0.75-0.89,n/a,RSVQA Specialist v1,False,
29845,298,count,How many small buildings are there?,how-many,building,84,201+,0.5272405743598938,0.50-0.74,51-100,RSVQA Specialist v1,False,
29852,298,presence,Is a square water area present in the image?,present,water,no,yes,0.8736341595649719,0.75-0.89,n/a,RSVQA Specialist v1,False,
29853,298,count,What is the amount of small residential buildings?,amount-of,building,81,4,0.12605713307857513,0.00-0.49,51-100,RSVQA Specialist v1,False,
29854,298,presence,Is there a circular water area?,is-there,water,no,yes,0.9942862391471863,0.90-1.00,n/a,RSVQA Specialist v1,False,
29863,298,presence,Is there a circular building?,is-there,building,no,yes,0.5577375888824463,0.50-0.74,n/a,RSVQA Specialist v1,False,
29866,298,count,What is the amount of pitchs?,amount-of,scene,7,1,0.5759516358375549,0.50-0.74,6-10,RSVQA Specialist v1,False,
29867,298,comp,Are there more residential buildings than water areas?,more-than,building vs water,no,yes,0.9093632102012634,0.90-1.00,n/a,RSVQA Specialist v1,False,
29869,298,presence,Is a rectangular farmyard present?,present,scene,no,yes,0.9445670247077942,0.90-1.00,n/a,RSVQA Specialist v1,False,
29870,298,comp,Are there more residential buildings than forests?,more-than,building vs forest,yes,no,0.8153129816055298,0.75-0.89,n/a,RSVQA Specialist v1,False,
29873,298,count,What is the number of small commercial buildings?,number-of,building,3,0,0.46959608793258667,0.00-0.49,2-5,RSVQA Specialist v1,False,
29875,298,count,What is the amount of water areas next to a  forest?,amount-of,water,89,15,0.08048990368843079,0.00-0.49,51-100,RSVQA Specialist v1,False,
29883,298,count,What is the amount of rectangular buildings?,amount-of,building,63,4,0.08262700587511063,0.00-0.49,51-100,RSVQA Specialist v1,False,
29886,298,comp,Are there more grass areas than buildings?,more-than,grassland vs building,yes,no,0.846764862537384,0.75-0.89,n/a,RSVQA Specialist v1,False,
29888,298,presence,Is a rectangular commercial building present?,present,building,yes,no,0.6808457374572754,0.50-0.74,n/a,RSVQA Specialist v1,False,
29889,298,comp,Are there less residential buildings than water areas?,less-than,building vs water,yes,no,0.8934847116470337,0.75-0.89,n/a,RSVQA Specialist v1,False,
29890,298,comp,Are there more residential buildings than pitchs?,more-than,building,yes,no,0.9460562467575073,0.90-1.00,n/a,RSVQA Specialist v1,False,
29892,298,comp,Are there more small residential buildings than grass areas?,more-than,building vs grassland,no,yes,0.5892342925071716,0.50-0.74,n/a,RSVQA Specialist v1,False,
29894,298,count,What is the number of residential areas?,number-of,scene,3,1,0.6618620753288269,0.50-0.74,2-5,RSVQA Specialist v1,False,
29900,298,count,What is the amount of large grass areas?,amount-of,grassland,66,49,0.04226640984416008,0.00-0.49,51-100,RSVQA Specialist v1,False,
29901,298,comp,Are there more roads than residential buildings?,more-than,road vs building,no,yes,0.5800430178642273,0.50-0.74,n/a,RSVQA Specialist v1,False,
29902,298,count,How many farmyards are there?,how-many,scene,3,1,0.8548750877380371,0.75-0.89,2-5,RSVQA Specialist v1,False,
29909,298,comp,Is the number of roads next to a  building equal to the number of roads?,equal-to,road vs road,yes,no,0.9983670115470886,0.90-1.00,n/a,RSVQA Specialist v1,False,
29910,298,comp,Are there less pitchs than water areas?,less-than,water,yes,no,0.5103862285614014,0.50-0.74,n/a,RSVQA Specialist v1,False,
29913,299,count,What is the number of buildings?,number-of,building,1418,201+,0.9985523819923401,0.90-1.00,201+,RSVQA Specialist v1,False,
29917,299,count,What is the number of residential buildings?,number-of,building,1350,201+,0.9984900951385498,0.90-1.00,201+,RSVQA Specialist v1,False,
29918,299,count,What is the number of grass areas?,number-of,grassland,246,201+,0.9559427499771118,0.90-1.00,201+,RSVQA Specialist v1,False,
29919,299,count,How many water areas are there?,how-many,water,4,201+,0.1150558665394783,0.00-0.49,2-5,RSVQA Specialist v1,False,
29920,299,count,How many roads are there?,how-many,road,140,179,0.04946090653538704,0.00-0.49,101-200,RSVQA Specialist v1,False,
29925,299,count,How many forests are there?,how-many,forest,156,201+,0.05868447571992874,0.00-0.49,101-200,RSVQA Specialist v1,False,
29927,299,count,What is the number of commercial buildings?,number-of,building,39,10,0.10651396960020065,0.00-0.49,21-50,RSVQA Specialist v1,False,
29934,299,count,What is the amount of rectangular grass areas?,amount-of,grassland,31,30,0.06940219551324844,0.00-0.49,21-50,RSVQA Specialist v1,False,
29936,299,count,What is the amount of small residential buildings?,amount-of,building,1341,201+,0.99861741065979,0.90-1.00,201+,RSVQA Specialist v1,False,
29937,299,count,What is the amount of rectangular commercial buildings?,amount-of,building,23,3,0.13663047552108765,0.00-0.49,21-50,RSVQA Specialist v1,False,
29944,299,count,How many large orchards are there?,how-many,scene,6,1,0.10462331026792526,0.00-0.49,6-10,RSVQA Specialist v1,False,
29946,299,count,What is the number of cemeterys?,number-of,scene,3,1,0.33932045102119446,0.00-0.49,2-5,RSVQA Specialist v1,False,
29952,299,count,How many circular residential buildings are there?,how-many,building,4,1,0.31809958815574646,0.00-0.49,2-5,RSVQA Specialist v1,False,
29954,299,comp,Are there more grass areas than roads?,more-than,grassland vs road,yes,no,0.6227145791053772,0.50-0.74,n/a,RSVQA Specialist v1,False,
29957,299,comp,Are there less rectangular water areas than buildings?,less-than,water vs building,yes,no,0.8525444865226746,0.75-0.89,n/a,RSVQA Specialist v1,False,
29958,299,count,What is the number of medium forests?,number-of,forest,46,23,0.06891284883022308,0.00-0.49,21-50,RSVQA Specialist v1,False,
29960,299,count,What is the amount of medium commercial buildings?,amount-of,building,7,2,0.26896142959594727,0.00-0.49,6-10,RSVQA Specialist v1,False,
29962,299,count,What is the number of square buildings?,number-of,building,5,1,0.2635630667209625,0.00-0.49,2-5,RSVQA Specialist v1,False,
29963,299,comp,Are there more roads than forests?,more-than,road vs forest,no,yes,0.7358942031860352,0.50-0.74,n/a,RSVQA Specialist v1,False,
29973,299,count,How many water areas at the bottom of a  road are there?,how-many,water,4,23,0.03373139351606369,0.00-0.49,2-5,RSVQA Specialist v1,False,
29974,299,comp,Are there less commercial buildings than water areas?,less-than,building vs water,no,yes,0.8491255640983582,0.75-0.89,n/a,RSVQA Specialist v1,False,
29975,299,count,What is the number of square forests?,number-of,forest,1,0,0.8280183672904968,0.75-0.89,1,RSVQA Specialist v1,False,
29976,299,count,What is the amount of large farmlands?,amount-of,agriculture,41,47,0.060063645243644714,0.00-0.49,21-50,RSVQA Specialist v1,False,
29978,299,count,What is the number of farmlands?,number-of,agriculture,49,47,0.06322330236434937,0.00-0.49,21-50,RSVQA Specialist v1,False,
29983,299,presence,Is a square commercial building present?,present,building,yes,no,0.9700418710708618,0.90-1.00,n/a,RSVQA Specialist v1,False,
29986,299,count,How many rectangular buildings are there?,how-many,building,917,201+,0.9971787929534912,0.90-1.00,201+,RSVQA Specialist v1,False,
29990,299,count,How many commercial buildings on the left of a  road are there?,how-many,building,39,10,0.11210215836763382,0.00-0.49,21-50,RSVQA Specialist v1,False,
29991,299,count,What is the amount of small commercial buildings?,amount-of,building,31,10,0.08896516263484955,0.00-0.49,21-50,RSVQA Specialist v1,False,
29993,299,count,What is the number of large water areas?,number-of,water,0,1,0.23179583251476288,0.00-0.49,0,RSVQA Specialist v1,False,
30001,299,comp,Are there more commercial buildings than water areas?,more-than,building vs water,yes,no,0.8648014068603516,0.75-0.89,n/a,RSVQA Specialist v1,False,
30010,299,presence,Is there a circular forest?,is-there,forest,yes,no,0.8234729766845703,0.75-0.89,n/a,RSVQA Specialist v1,False,
30012,300,count,How many farmlands are there?,how-many,agriculture,38,34,0.03784910961985588,0.00-0.49,21-50,RSVQA Specialist v1,False,
30016,300,count,How many roads are there?,how-many,road,168,201+,0.2709665298461914,0.00-0.49,101-200,RSVQA Specialist v1,False,
30020,300,count,What is the amount of water areas?,amount-of,water,26,31,0.07606156170368195,0.00-0.49,21-50,RSVQA Specialist v1,False,
30022,300,count,How many residential buildings are there?,how-many,building,831,201+,0.9980069994926453,0.90-1.00,201+,RSVQA Specialist v1,False,
30025,300,count,What is the amount of commercial buildings?,amount-of,building,13,4,0.11361607164144516,0.00-0.49,11-20,RSVQA Specialist v1,False,
30027,300,count,What is the number of buildings?,number-of,building,852,201+,0.99842369556427,0.90-1.00,201+,RSVQA Specialist v1,False,
30028,300,count,What is the number of grass areas?,number-of,grassland,243,201+,0.9510438442230225,0.90-1.00,201+,RSVQA Specialist v1,False,
30039,300,count,How many large forests are there?,how-many,forest,68,2,0.052381888031959534,0.00-0.49,51-100,RSVQA Specialist v1,False,
30040,300,count,What is the amount of forests?,amount-of,forest,222,93,0.034216925501823425,0.00-0.49,201+,RSVQA Specialist v1,False,
30046,300,count,What is the amount of circular forests?,amount-of,forest,1,0,0.9578436613082886,0.90-1.00,1,RSVQA Specialist v1,False,
30049,300,count,How many small forests are there?,how-many,forest,61,29,0.05828320235013962,0.00-0.49,51-100,RSVQA Specialist v1,False,
30051,300,count,How many small roads are there?,how-many,road,168,201+,0.2452734261751175,0.00-0.49,101-200,RSVQA Specialist v1,False,
30053,300,count,What is the number of medium water areas?,number-of,water,2,8,0.18758809566497803,0.00-0.49,2-5,RSVQA Specialist v1,False,
30055,300,comp,Are there more roads than grass areas?,more-than,road vs grassland,no,yes,0.5699699521064758,0.50-0.74,n/a,RSVQA Specialist v1,False,
30061,300,count,What is the amount of square water areas?,amount-of,water,4,0,0.36331865191459656,0.00-0.49,2-5,RSVQA Specialist v1,False,
30064,300,comp,Are there more roads than forests?,more-than,road vs forest,no,yes,0.9247531890869141,0.90-1.00,n/a,RSVQA Specialist v1,False,
30074,300,presence,Is a square grass area present?,present,grassland,no,yes,0.7781907320022583,0.75-0.89,n/a,RSVQA Specialist v1,False,
30076,300,count,What is the amount of small water areas?,amount-of,water,22,37,0.05869201198220253,0.00-0.49,21-50,RSVQA Specialist v1,False,
30095,300,count,How many commercial buildings at the top of a  forest are there?,how-many,building,13,3,0.08814694732427597,0.00-0.49,11-20,RSVQA Specialist v1,False,
30097,300,count,What is the amount of rectangular buildings?,amount-of,building,444,201+,0.9981034994125366,0.90-1.00,201+,RSVQA Specialist v1,False,
30098,300,count,What is the amount of small commercial buildings?,amount-of,building,11,3,0.13472160696983337,0.00-0.49,11-20,RSVQA Specialist v1,False,
30101,300,presence,Is a square forest present?,present,forest,yes,no,0.8894641995429993,0.75-0.89,n/a,RSVQA Specialist v1,False,
30102,300,presence,Is a large residential building present?,present,building,yes,no,0.6374836564064026,0.50-0.74,n/a,RSVQA Specialist v1,False,
30103,300,count,What is the number of rectangular forests?,number-of,forest,57,11,0.09211765229701996,0.00-0.49,51-100,RSVQA Specialist v1,False,
30113,301,count,What is the number of water areas?,number-of,water,11,2,0.2873716950416565,0.00-0.49,11-20,RSVQA Specialist v1,False,
30118,301,count,What is the amount of buildings?,amount-of,building,103,6,0.24503453075885773,0.00-0.49,101-200,RSVQA Specialist v1,False,
30122,301,count,What is the amount of commercial buildings?,amount-of,building,1,0,0.8807243704795837,0.75-0.89,1,RSVQA Specialist v1,False,
30123,301,presence,Is a rectangular commercial building present?,present,building,yes,no,0.9837523698806763,0.90-1.00,n/a,RSVQA Specialist v1,False,
30124,301,count,What is the amount of forests?,amount-of,forest,189,2,0.0331619456410408,0.00-0.49,101-200,RSVQA Specialist v1,False,
30125,301,presence,Is there a commercial building?,is-there,building,yes,no,0.9856680631637573,0.90-1.00,n/a,RSVQA Specialist v1,False,
30126,301,count,How many residential buildings are there?,how-many,building,102,6,0.10686886310577393,0.00-0.49,101-200,RSVQA Specialist v1,False,
30129,301,count,What is the number of roads in the image?,number-of,road,53,201+,0.1627325564622879,0.00-0.49,51-100,RSVQA Specialist v1,False,
30133,301,count,What is the number of grass areas?,number-of,grassland,34,6,0.15949632227420807,0.00-0.49,21-50,RSVQA Specialist v1,False,
30139,301,comp,Are there less roads than residential buildings?,less-than,road vs building,yes,no,0.9515231251716614,0.90-1.00,n/a,RSVQA Specialist v1,False,
30145,301,comp,Are there more roads than forests?,more-than,road vs forest,no,yes,0.7965179681777954,0.75-0.89,n/a,RSVQA Specialist v1,False,
30146,301,count,What is the number of heaths in the image?,number-of,scene,25,9,0.18911078572273254,0.00-0.49,21-50,RSVQA Specialist v1,False,
30147,301,presence,Is there a small heath?,is-there,heath,no,yes,0.9935925602912903,0.90-1.00,n/a,RSVQA Specialist v1,False,
30148,301,comp,Are there less roads than forests in the image?,less-than,road vs forest,yes,no,0.8850979804992676,0.75-0.89,n/a,RSVQA Specialist v1,False,
30149,301,count,What is the number of medium grass areas on the right of a  building?,number-of,grassland,14,0,0.2902601361274719,0.00-0.49,11-20,RSVQA Specialist v1,False,
30152,301,comp,Are there more roads than buildings?,more-than,road vs building,no,yes,0.9349424839019775,0.90-1.00,n/a,RSVQA Specialist v1,False,
30155,301,count,How many small forests are there?,how-many,forest,56,2,0.12400595098733902,0.00-0.49,51-100,RSVQA Specialist v1,False,
30156,301,comp,Are there more residential buildings than roads?,more-than,building vs road,yes,no,0.9477207660675049,0.90-1.00,n/a,RSVQA Specialist v1,False,
30161,301,count,What is the number of residential buildings at the bottom of a  road?,number-of,building,102,6,0.15374791622161865,0.00-0.49,101-200,RSVQA Specialist v1,False,
30162,301,count,What is the number of medium forests in the image?,number-of,forest,48,2,0.08962573856115341,0.00-0.49,21-50,RSVQA Specialist v1,False,
30163,301,comp,Are there less forests than buildings?,less-than,forest vs building,no,yes,0.5909367799758911,0.50-0.74,n/a,RSVQA Specialist v1,False,
30166,301,count,What is the number of square water areas in the image?,number-of,water,2,1,0.41320350766181946,0.00-0.49,2-5,RSVQA Specialist v1,False,
30167,301,count,How many small commercial buildings are there?,how-many,building,1,0,0.9348406195640564,0.90-1.00,1,RSVQA Specialist v1,False,
30168,301,presence,Is there a circular forest in the image?,is-there,forest,yes,no,0.9457901120185852,0.90-1.00,n/a,RSVQA Specialist v1,False,
30173,301,count,How many rectangular residential buildings are there?,how-many,building,66,6,0.15363240242004395,0.00-0.49,51-100,RSVQA Specialist v1,False,
30180,301,comp,Are there less large forests than roads?,less-than,forest vs road,no,yes,0.6960684061050415,0.50-0.74,n/a,RSVQA Specialist v1,False,
30182,301,comp,Are there more roads than residential buildings?,more-than,road vs building,no,yes,0.9430846571922302,0.90-1.00,n/a,RSVQA Specialist v1,False,
30188,301,count,How many rectangular commercial buildings are there?,how-many,building,1,0,0.9550941586494446,0.90-1.00,1,RSVQA Specialist v1,False,
30189,301,count,How many rectangular forests are there?,how-many,forest,15,2,0.13321402668952942,0.00-0.49,11-20,RSVQA Specialist v1,False,
30191,301,comp,Are there less buildings than grass areas?,less-than,building vs grassland,no,yes,0.5146229267120361,0.50-0.74,n/a,RSVQA Specialist v1,False,
30196,301,presence,Is there a commercial building on the right of a  forest?,is-there,building,yes,no,0.9043301343917847,0.90-1.00,n/a,RSVQA Specialist v1,False,
30199,301,count,What is the number of rectangular buildings?,number-of,building,67,6,0.2405514419078827,0.00-0.49,51-100,RSVQA Specialist v1,False,
30200,301,comp,Are there less residential buildings than roads?,less-than,building vs road,no,yes,0.8811712265014648,0.75-0.89,n/a,RSVQA Specialist v1,False,
30207,301,count,How many small water areas are there?,how-many,water,7,2,0.3632693588733673,0.00-0.49,6-10,RSVQA Specialist v1,False,
30209,301,presence,Is a commercial building on the left of a  road present?,present,building,yes,no,0.9255152344703674,0.90-1.00,n/a,RSVQA Specialist v1,False,
30213,302,count,What is the number of buildings?,number-of,building,161,201+,0.42055121064186096,0.00-0.49,101-200,RSVQA Specialist v1,False,
30214,302,comp,Are there less forests than residential buildings?,less-than,forest vs building,no,yes,0.6912857890129089,0.50-0.74,n/a,RSVQA Specialist v1,False,
30215,302,count,How many water areas are there?,how-many,water,18,22,0.07840555906295776,0.00-0.49,11-20,RSVQA Specialist v1,False,
30220,302,count,What is the number of residential buildings?,number-of,building,154,201+,0.07470545172691345,0.00-0.49,101-200,RSVQA Specialist v1,False,
30221,302,count,What is the number of roads?,number-of,road,116,201+,0.06243310496211052,0.00-0.49,101-200,RSVQA Specialist v1,False,
30222,302,comp,Are there less buildings than forests in the image?,less-than,building vs forest,yes,no,0.8472201228141785,0.75-0.89,n/a,RSVQA Specialist v1,False,
30225,302,count,What is the amount of forests in the image?,amount-of,forest,186,201+,0.13191527128219604,0.00-0.49,101-200,RSVQA Specialist v1,False,
30226,302,count,What is the amount of heaths?,amount-of,scene,23,9,0.1947237253189087,0.00-0.49,21-50,RSVQA Specialist v1,False,
30228,302,count,How many grass areas are there?,how-many,grassland,101,55,0.04751383513212204,0.00-0.49,101-200,RSVQA Specialist v1,False,
30230,302,count,What is the number of commercial buildings?,number-of,building,7,1,0.5130800008773804,0.50-0.74,6-10,RSVQA Specialist v1,False,
30232,302,count,What is the amount of farmlands?,amount-of,agriculture,19,13,0.0458076186478138,0.00-0.49,11-20,RSVQA Specialist v1,False,
30233,302,count,What is the amount of square water areas?,amount-of,water,5,1,0.4062323570251465,0.00-0.49,2-5,RSVQA Specialist v1,False,
30236,302,count,How many large buildings are there?,how-many,building,2,0,0.4909437298774719,0.00-0.49,2-5,RSVQA Specialist v1,False,
30248,302,count,What is the amount of rectangular buildings?,amount-of,building,124,201+,0.03535214811563492,0.00-0.49,101-200,RSVQA Specialist v1,False,
30251,302,count,What is the amount of commercial buildings next to a  forest?,amount-of,building,7,1,0.3301871418952942,0.00-0.49,6-10,RSVQA Specialist v1,False,
30253,302,count,What is the amount of wetlands?,amount-of,wetland,2,9,0.08490613847970963,0.00-0.49,2-5,RSVQA Specialist v1,False,
30256,302,count,What is the number of large forests?,number-of,forest,89,2,0.049411751329898834,0.00-0.49,51-100,RSVQA Specialist v1,False,
30262,302,count,How many small buildings are there?,how-many,building,152,201+,0.633948028087616,0.50-0.74,101-200,RSVQA Specialist v1,False,
30263,302,comp,Are there more grass areas than residential buildings?,more-than,grassland vs building,yes,no,0.6911230683326721,0.50-0.74,n/a,RSVQA Specialist v1,False,
30264,302,count,What is the number of medium water areas?,number-of,water,0,1,0.2821334898471832,0.00-0.49,0,RSVQA Specialist v1,False,
30265,302,count,What is the number of rectangular commercial buildings?,number-of,building,4,1,0.5788818597793579,0.50-0.74,2-5,RSVQA Specialist v1,False,
30266,302,count,What is the number of small grass areas?,number-of,grassland,19,8,0.07873138785362244,0.00-0.49,11-20,RSVQA Specialist v1,False,
30276,302,comp,Are there less roads next to a  commercial building than roads?,less-than,road vs road,yes,no,0.9973928928375244,0.90-1.00,n/a,RSVQA Specialist v1,False,
30278,302,count,What is the number of small residential buildings?,number-of,building,147,201+,0.09787757694721222,0.00-0.49,101-200,RSVQA Specialist v1,False,
30280,302,count,How many roads on the left of a  heath are there?,how-many,road,44,29,0.06143106147646904,0.00-0.49,21-50,RSVQA Specialist v1,False,
30281,302,count,What is the number of small commercial buildings?,number-of,building,5,1,0.5067193508148193,0.50-0.74,2-5,RSVQA Specialist v1,False,
30290,302,comp,Are there less buildings than roads in the image?,less-than,building vs road,no,yes,0.7046311497688293,0.50-0.74,n/a,RSVQA Specialist v1,False,
30292,302,count,What is the number of small roads?,number-of,road,116,201+,0.10426536947488785,0.00-0.49,101-200,RSVQA Specialist v1,False,
30300,302,comp,Are there less residential buildings than roads?,less-than,building vs road,no,yes,0.6029413938522339,0.50-0.74,n/a,RSVQA Specialist v1,False,
30309,302,count,What is the amount of medium residential buildings?,amount-of,building,7,1,0.36404311656951904,0.00-0.49,6-10,RSVQA Specialist v1,False,
30310,302,count,What is the number of commercial buildings on the left of a  road?,number-of,building,7,1,0.46150025725364685,0.00-0.49,6-10,RSVQA Specialist v1,False,
30312,303,count,What is the number of roads?,number-of,road,2733,201+,0.9969109892845154,0.90-1.00,201+,RSVQA Specialist v1,False,
30314,303,count,What is the number of parkings in the image?,number-of,scene,78,17,0.11126863211393356,0.00-0.49,51-100,RSVQA Specialist v1,False,
30316,303,count,How many water areas are there?,how-many,water,201,201+,0.10645683854818344,0.00-0.49,201+,RSVQA Specialist v1,False,
30318,303,count,How many buildings are there?,how-many,building,17139,201+,0.9976527094841003,0.90-1.00,201+,RSVQA Specialist v1,False,
30319,303,count,What is the number of grass areas?,number-of,grassland,313,201+,0.8794467449188232,0.75-0.89,201+,RSVQA Specialist v1,False,
30323,303,count,How many residential buildings are there?,how-many,building,16909,201+,0.998401939868927,0.90-1.00,201+,RSVQA Specialist v1,False,
30324,303,count,How many commercial buildings are there?,how-many,building,181,201+,0.335460364818573,0.00-0.49,101-200,RSVQA Specialist v1,False,
30338,303,count,What is the number of forests?,number-of,forest,365,201+,0.4681667387485504,0.00-0.49,201+,RSVQA Specialist v1,False,
30339,303,count,How many parks are there?,how-many,scene,21,3,0.4219387471675873,0.00-0.49,21-50,RSVQA Specialist v1,False,
30343,303,count,How many schools are there?,how-many,scene,19,1,0.7148975133895874,0.50-0.74,11-20,RSVQA Specialist v1,False,
30349,303,count,What is the number of commercial buildings at the bottom of a  water area?,number-of,building,181,201+,0.0990545004606247,0.00-0.49,101-200,RSVQA Specialist v1,False,
30352,303,count,What is the amount of small commercial buildings?,amount-of,building,138,201+,0.2609766125679016,0.00-0.49,101-200,RSVQA Specialist v1,False,
30356,303,count,How many large water areas are there?,how-many,water,42,0,0.08004814386367798,0.00-0.49,21-50,RSVQA Specialist v1,False,
30359,303,count,What is the amount of large buildings?,amount-of,building,19,6,0.17653699219226837,0.00-0.49,11-20,RSVQA Specialist v1,False,
30366,303,count,What is the number of allotmentss?,number-of,scene,2,1,0.2786458730697632,0.00-0.49,2-5,RSVQA Specialist v1,False,
30370,303,comp,Are there more forests than commercial buildings in the image?,more-than,forest vs building,yes,no,0.542065441608429,0.50-0.74,n/a,RSVQA Specialist v1,False,
30371,303,comp,Are there less commercial buildings than water areas?,less-than,building vs water,yes,no,0.7324725389480591,0.50-0.74,n/a,RSVQA Specialist v1,False,
30372,303,count,How many medium grass areas are there?,how-many,grassland,103,48,0.033509887754917145,0.00-0.49,101-200,RSVQA Specialist v1,False,
30373,303,count,How many rectangular buildings are there?,how-many,building,10593,201+,0.9951626062393188,0.90-1.00,201+,RSVQA Specialist v1,False,
30374,303,count,What is the number of rectangular residential buildings?,number-of,building,10546,201+,0.9969226717948914,0.90-1.00,201+,RSVQA Specialist v1,False,
30375,303,count,How many medium residential buildings are there in the image?,how-many,building,61,201+,0.1441994458436966,0.00-0.49,51-100,RSVQA Specialist v1,False,
30376,303,count,What is the number of pitchs in the image?,number-of,scene,35,9,0.1805320829153061,0.00-0.49,21-50,RSVQA Specialist v1,False,
30378,303,count,What is the number of medium commercial buildings?,number-of,building,166,17,0.0851835310459137,0.00-0.49,101-200,RSVQA Specialist v1,False,
30384,303,presence,Is a circular commercial building present in the image?,present,building,yes,no,0.9573161005973816,0.90-1.00,n/a,RSVQA Specialist v1,False,
30391,303,count,How many square commercial buildings are there?,how-many,building,1,0,0.9686837792396545,0.90-1.00,1,RSVQA Specialist v1,False,
30397,303,count,How many circular buildings are there?,how-many,building,2,1,0.3928947448730469,0.00-0.49,2-5,RSVQA Specialist v1,False,
30400,303,comp,Are there less pitchs than water areas?,less-than,water,yes,no,0.9231981039047241,0.90-1.00,n/a,RSVQA Specialist v1,False,
30408,303,comp,Are there less water areas than commercial buildings?,less-than,water vs building,no,yes,0.6465097069740295,0.50-0.74,n/a,RSVQA Specialist v1,False,
30413,304,count,How many medium buildings are there?,how-many,building,72,38,0.08659151941537857,0.00-0.49,51-100,RSVQA Specialist v1,False,
30415,304,count,What is the number of roads?,number-of,road,557,201+,0.9913280606269836,0.90-1.00,201+,RSVQA Specialist v1,False,
30418,304,count,What is the amount of water areas?,amount-of,water,53,31,0.03932717442512512,0.00-0.49,51-100,RSVQA Specialist v1,False,
30419,304,count,What is the number of buildings?,number-of,building,3547,201+,0.9969795942306519,0.90-1.00,201+,RSVQA Specialist v1,False,
30424,304,count,How many grass areas are there?,how-many,grassland,333,201+,0.8681129217147827,0.75-0.89,201+,RSVQA Specialist v1,False,
30425,304,count,What is the amount of residential buildings?,amount-of,building,3159,201+,0.9983603358268738,0.90-1.00,201+,RSVQA Specialist v1,False,
30427,304,presence,Is there a square grass area?,is-there,grassland,no,yes,0.642632782459259,0.50-0.74,n/a,RSVQA Specialist v1,False,
30428,304,count,How many rectangular buildings are there in the image?,how-many,building,1990,201+,0.9963240623474121,0.90-1.00,201+,RSVQA Specialist v1,False,
30429,304,count,What is the amount of commercial buildings in the image?,amount-of,building,371,201+,0.07807601988315582,0.00-0.49,201+,RSVQA Specialist v1,False,
30431,304,count,How many small roads are there?,how-many,road,557,201+,0.9852764010429382,0.90-1.00,201+,RSVQA Specialist v1,False,
30438,304,count,How many rectangular water areas are there?,how-many,water,17,9,0.06993953138589859,0.00-0.49,11-20,RSVQA Specialist v1,False,
30440,304,count,What is the amount of small commercial buildings?,amount-of,building,335,201+,0.04556144401431084,0.00-0.49,201+,RSVQA Specialist v1,False,
30443,304,count,What is the number of forests?,number-of,forest,59,14,0.032639238983392715,0.00-0.49,51-100,RSVQA Specialist v1,False,
30445,304,count,What is the amount of medium commercial buildings?,amount-of,building,30,17,0.0799289420247078,0.00-0.49,21-50,RSVQA Specialist v1,False,
30446,304,count,How many pedestrians are there?,how-many,scene,4,3,0.3700175881385803,0.00-0.49,2-5,RSVQA Specialist v1,False,
30448,304,count,What is the amount of small residential buildings?,amount-of,building,3118,201+,0.9984233379364014,0.90-1.00,201+,RSVQA Specialist v1,False,
30451,304,presence,Is a circular commercial building present?,present,building,yes,no,0.8465299606323242,0.75-0.89,n/a,RSVQA Specialist v1,False,
30457,304,count,What is the number of rectangular grass areas in the image?,number-of,grassland,522,30,0.06752578914165497,0.00-0.49,201+,RSVQA Specialist v1,False,
30460,304,count,What is the amount of small commercial buildings at the top of a  farmland?,amount-of,building,2,13,0.08949143439531326,0.00-0.49,2-5,RSVQA Specialist v1,False,
30471,304,count,How many playgrounds are there?,how-many,scene,5,3,0.2030751258134842,0.00-0.49,2-5,RSVQA Specialist v1,False,
30477,304,presence,Is there a circular forest?,is-there,forest,yes,no,0.8183462619781494,0.75-0.89,n/a,RSVQA Specialist v1,False,
30478,304,comp,Are there less circular roads than water areas?,less-than,road vs water,yes,no,0.676735520362854,0.50-0.74,n/a,RSVQA Specialist v1,False,
30483,304,count,What is the amount of circular commercial buildings?,amount-of,building,2,0,0.9604482650756836,0.90-1.00,2-5,RSVQA Specialist v1,False,
30486,304,count,How many square water areas are there?,how-many,water,3,0,0.23869439959526062,0.00-0.49,2-5,RSVQA Specialist v1,False,
30496,304,count,How many parkings are there?,how-many,scene,27,17,0.1461680680513382,0.00-0.49,21-50,RSVQA Specialist v1,False,
30497,304,count,What is the amount of rectangular playgrounds?,amount-of,scene,1,4,0.10842375457286835,0.00-0.49,1,RSVQA Specialist v1,False,
30507,304,count,What is the number of commercial buildings at the top of a  road?,number-of,building,371,51,0.07866454869508743,0.00-0.49,201+,RSVQA Specialist v1,False,
30509,304,count,How many medium parkings are there?,how-many,scene,8,17,0.15777069330215454,0.00-0.49,6-10,RSVQA Specialist v1,False,
30510,304,count,What is the number of large buildings?,number-of,building,10,6,0.2652827501296997,0.00-0.49,6-10,RSVQA Specialist v1,False,
30511,305,rural_urban,Is it a rural or an urban area,rural-or-urban,scene,urban,rural,0.7108771204948425,0.50-0.74,n/a,RSVQA Specialist v1,False,
30512,305,count,How many water areas are there?,how-many,water,113,201+,0.05291947349905968,0.00-0.49,101-200,RSVQA Specialist v1,False,
30513,305,count,What is the amount of roads?,amount-of,road,305,106,0.0856008231639862,0.00-0.49,201+,RSVQA Specialist v1,False,
30515,305,count,What is the number of commercial buildings?,number-of,building,11,3,0.20920699834823608,0.00-0.49,11-20,RSVQA Specialist v1,False,
30519,305,count,What is the amount of buildings?,amount-of,building,1442,201+,0.9941169023513794,0.90-1.00,201+,RSVQA Specialist v1,False,
30523,305,count,What is the amount of residential buildings in the image?,amount-of,building,1345,201+,0.9901310205459595,0.90-1.00,201+,RSVQA Specialist v1,False,
30526,305,presence,Is a large commercial building present?,present,building,no,yes,0.5087993741035461,0.50-0.74,n/a,RSVQA Specialist v1,False,
30527,305,count,What is the number of grass areas?,number-of,grassland,435,201+,0.8951887488365173,0.75-0.89,201+,RSVQA Specialist v1,False,
30528,305,presence,Is a medium commercial building present?,present,building,no,yes,0.887530505657196,0.75-0.89,n/a,RSVQA Specialist v1,False,
30529,305,count,How many meadows are there?,how-many,scene,15,10,0.06233515217900276,0.00-0.49,11-20,RSVQA Specialist v1,False,
30532,305,count,How many residential areas are there?,how-many,scene,3,2,0.2853780686855316,0.00-0.49,2-5,RSVQA Specialist v1,False,
30538,305,comp,Are there more residential buildings than circular grass areas?,more-than,building vs grassland,yes,no,0.6687217950820923,0.50-0.74,n/a,RSVQA Specialist v1,False,
30539,305,count,How many small residential buildings are there?,how-many,building,1339,201+,0.9939138293266296,0.90-1.00,201+,RSVQA Specialist v1,False,
30540,305,count,What is the amount of forests?,amount-of,forest,75,40,0.03938085213303566,0.00-0.49,51-100,RSVQA Specialist v1,False,
30544,305,count,What is the amount of large grass areas?,amount-of,grassland,286,201+,0.8532150983810425,0.75-0.89,201+,RSVQA Specialist v1,False,
30547,305,presence,Is a circular grass area present?,present,grassland,yes,no,0.6936177611351013,0.50-0.74,n/a,RSVQA Specialist v1,False,
30552,305,count,How many large residential buildings are there?,how-many,building,0,1,0.5185032486915588,0.50-0.74,0,RSVQA Specialist v1,False,
30553,305,count,What is the number of small buildings?,number-of,building,1436,201+,0.9927870631217957,0.90-1.00,201+,RSVQA Specialist v1,False,
30556,305,count,What is the amount of small water areas?,amount-of,water,80,15,0.06363651156425476,0.00-0.49,51-100,RSVQA Specialist v1,False,
30557,305,count,How many commercial buildings at the top of a  water area are there?,how-many,building,11,2,0.23004521429538727,0.00-0.49,11-20,RSVQA Specialist v1,False,
30559,305,count,How many rectangular residential buildings are there?,how-many,building,882,201+,0.9769991040229797,0.90-1.00,201+,RSVQA Specialist v1,False,
30560,305,count,How many rectangular water areas are there?,how-many,water,22,10,0.20749734342098236,0.00-0.49,21-50,RSVQA Specialist v1,False,
30563,305,count,How many pitchs are there?,how-many,scene,8,5,0.1939573436975479,0.00-0.49,6-10,RSVQA Specialist v1,False,
30566,305,count,What is the amount of square water areas in the image?,amount-of,water,1,0,0.43553152680397034,0.00-0.49,1,RSVQA Specialist v1,False,
30568,305,count,What is the amount of square grass areas?,amount-of,grassland,1,0,0.894929826259613,0.75-0.89,1,RSVQA Specialist v1,False,
30571,305,count,What is the amount of circular buildings?,amount-of,building,5,1,0.3155163526535034,0.00-0.49,2-5,RSVQA Specialist v1,False,
30574,305,count,How many large water areas are there in the image?,how-many,water,11,10,0.17080995440483093,0.00-0.49,11-20,RSVQA Specialist v1,False,
30576,305,count,What is the number of commercial buildings on the right of a  grass area?,number-of,building,11,2,0.23896494507789612,0.00-0.49,11-20,RSVQA Specialist v1,False,
30581,305,count,How many farmlands are there?,how-many,agriculture,15,27,0.07665553689002991,0.00-0.49,11-20,RSVQA Specialist v1,False,
30582,305,comp,Are there more roads than forests in the image?,more-than,road vs forest,yes,no,0.5615434050559998,0.50-0.74,n/a,RSVQA Specialist v1,False,
30587,305,count,What is the number of rectangular commercial buildings?,number-of,building,9,3,0.3862638473510742,0.00-0.49,6-10,RSVQA Specialist v1,False,
30597,305,count,What is the amount of medium water areas?,amount-of,water,22,10,0.14868292212486267,0.00-0.49,21-50,RSVQA Specialist v1,False,
30607,305,count,What is the amount of medium buildings?,amount-of,building,6,9,0.1739753782749176,0.00-0.49,6-10,RSVQA Specialist v1,False,
30609,305,count,What is the number of small commercial buildings?,number-of,building,11,3,0.31178760528564453,0.00-0.49,11-20,RSVQA Specialist v1,False,
30614,306,count,What is the number of roads?,number-of,road,66,142,0.090401291847229,0.00-0.49,51-100,RSVQA Specialist v1,False,
30615,306,count,How many commercial buildings are there?,how-many,building,0,8,0.12323001027107239,0.00-0.49,0,RSVQA Specialist v1,False,
30616,306,count,How many commercial buildings at the top of a  residential building are there?,how-many,building,0,3,0.18080897629261017,0.00-0.49,0,RSVQA Specialist v1,False,
30618,306,count,What is the number of residential buildings?,number-of,building,594,201+,0.9963274598121643,0.90-1.00,201+,RSVQA Specialist v1,False,
30623,306,presence,Is there a commercial building?,is-there,building,no,yes,0.9997076392173767,0.90-1.00,n/a,RSVQA Specialist v1,False,
30626,306,count,What is the amount of water areas?,amount-of,water,60,31,0.0786343365907669,0.00-0.49,51-100,RSVQA Specialist v1,False,
30628,306,count,How many buildings are there in the image?,how-many,building,616,201+,0.9961841702461243,0.90-1.00,201+,RSVQA Specialist v1,False,
30630,306,count,What is the amount of forests?,amount-of,forest,63,66,0.03392183408141136,0.00-0.49,51-100,RSVQA Specialist v1,False,
30633,306,count,What is the number of grass areas?,number-of,grassland,246,201+,0.8397260308265686,0.75-0.89,201+,RSVQA Specialist v1,False,
30640,306,count,How many large water areas are there?,how-many,water,18,5,0.11218972504138947,0.00-0.49,11-20,RSVQA Specialist v1,False,
30643,306,count,How many small grass areas are there?,how-many,grassland,21,28,0.08718492090702057,0.00-0.49,21-50,RSVQA Specialist v1,False,
30644,306,presence,Is a commercial building at the bottom of a  water area present?,present,building,no,yes,0.9982655644416809,0.90-1.00,n/a,RSVQA Specialist v1,False,
30646,306,count,How many medium commercial buildings are there?,how-many,building,0,2,0.26314157247543335,0.00-0.49,0,RSVQA Specialist v1,False,
30649,306,presence,Is there a small commercial building?,is-there,building,no,yes,0.9994888305664062,0.90-1.00,n/a,RSVQA Specialist v1,False,
30661,306,presence,Is a rectangular commercial building present?,present,building,no,yes,0.9937800765037537,0.90-1.00,n/a,RSVQA Specialist v1,False,
30670,306,comp,Are there more medium farmyards than commercial buildings?,more-than,building,yes,no,0.5604143142700195,0.50-0.74,n/a,RSVQA Specialist v1,False,
30673,306,count,What is the number of circular residential buildings?,number-of,building,7,2,0.3957638740539551,0.00-0.49,6-10,RSVQA Specialist v1,False,
30675,306,count,What is the amount of rectangular buildings?,amount-of,building,331,201+,0.9957911968231201,0.90-1.00,201+,RSVQA Specialist v1,False,
30678,306,count,How many medium forests are there?,how-many,forest,16,29,0.04904268682003021,0.00-0.49,11-20,RSVQA Specialist v1,False,
30679,306,count,What is the amount of parkings?,amount-of,scene,4,3,0.19967563450336456,0.00-0.49,2-5,RSVQA Specialist v1,False,
30691,306,count,What is the amount of circular water areas?,amount-of,water,1,0,0.4047631323337555,0.00-0.49,1,RSVQA Specialist v1,False,
30695,306,count,How many rectangular grass areas are there?,how-many,grassland,24,28,0.07607097923755646,0.00-0.49,21-50,RSVQA Specialist v1,False,
30696,306,count,How many medium grass areas are there?,how-many,grassland,53,36,0.05732722952961922,0.00-0.49,51-100,RSVQA Specialist v1,False,
30703,306,comp,Are there more large grass areas than residential buildings in the image?,more-than,grassland vs building,no,yes,0.5534486770629883,0.50-0.74,n/a,RSVQA Specialist v1,False,
30707,306,count,How many commercial buildings at the bottom of a  water area are there?,how-many,building,0,9,0.09705865383148193,0.00-0.49,0,RSVQA Specialist v1,False,
30710,306,count,What is the number of farmlands?,number-of,agriculture,22,47,0.07026541978120804,0.00-0.49,21-50,RSVQA Specialist v1,False,
30713,307,count,What is the number of grass areas?,number-of,grassland,114,201+,0.1407540738582611,0.00-0.49,101-200,RSVQA Specialist v1,False,
30718,307,count,What is the number of water areas?,number-of,water,18,25,0.06814377754926682,0.00-0.49,11-20,RSVQA Specialist v1,False,
30720,307,count,How many residential buildings are there?,how-many,building,69,127,0.11536413431167603,0.00-0.49,51-100,RSVQA Specialist v1,False,
30721,307,count,How many commercial buildings are there?,how-many,building,6,3,0.2599962055683136,0.00-0.49,6-10,RSVQA Specialist v1,False,
30722,307,count,How many buildings are there?,how-many,building,76,127,0.09230159223079681,0.00-0.49,51-100,RSVQA Specialist v1,False,
30725,307,count,How many forests are there?,how-many,forest,16,18,0.053909529000520706,0.00-0.49,11-20,RSVQA Specialist v1,False,
30729,307,count,What is the number of roads in the image?,number-of,road,63,50,0.04709478095173836,0.00-0.49,51-100,RSVQA Specialist v1,False,
30731,307,comp,Are there more grass areas than residential buildings?,more-than,grassland vs building,yes,no,0.5259197354316711,0.50-0.74,n/a,RSVQA Specialist v1,False,
30732,307,comp,Are there less grass areas than residential buildings?,less-than,grassland vs building,no,yes,0.6731849312782288,0.50-0.74,n/a,RSVQA Specialist v1,False,
30733,307,count,What is the amount of water areas on the right of a  residential building?,amount-of,water,15,25,0.08602797985076904,0.00-0.49,11-20,RSVQA Specialist v1,False,
30735,307,count,How many small water areas are there in the image?,how-many,water,6,10,0.17623594403266907,0.00-0.49,6-10,RSVQA Specialist v1,False,
30742,307,presence,Is a circular building present?,present,building,no,yes,0.9676556587219238,0.90-1.00,n/a,RSVQA Specialist v1,False,
30746,307,count,What is the number of grass areas on the left of a  water area?,number-of,grassland,113,25,0.041074857115745544,0.00-0.49,101-200,RSVQA Specialist v1,False,
30748,307,count,What is the number of large water areas?,number-of,water,7,5,0.14068782329559326,0.00-0.49,6-10,RSVQA Specialist v1,False,
30749,307,count,What is the number of farmlands?,number-of,agriculture,13,15,0.09755917638540268,0.00-0.49,11-20,RSVQA Specialist v1,False,
30754,307,count,How many water areas at the top of a  grass area are there?,how-many,water,17,25,0.07332590222358704,0.00-0.49,11-20,RSVQA Specialist v1,False,
30755,307,comp,Are there less grass areas than buildings?,less-than,grassland vs building,no,yes,0.590384840965271,0.50-0.74,n/a,RSVQA Specialist v1,False,
30756,307,presence,Is there a large residential building?,is-there,building,yes,no,0.863470196723938,0.75-0.89,n/a,RSVQA Specialist v1,False,
30757,307,count,What is the amount of small residential buildings?,amount-of,building,53,75,0.03531251847743988,0.00-0.49,51-100,RSVQA Specialist v1,False,
30761,307,count,What is the number of circular buildings?,number-of,building,0,2,0.28946903347969055,0.00-0.49,0,RSVQA Specialist v1,False,
30764,307,comp,Are there less commercial buildings than large roads?,less-than,building vs road,no,yes,0.9171290397644043,0.90-1.00,n/a,RSVQA Specialist v1,False,
30769,307,comp,Are there more water areas than farmlands?,more-than,water vs agriculture,yes,no,0.6902626752853394,0.50-0.74,n/a,RSVQA Specialist v1,False,
30770,307,count,What is the number of rectangular buildings?,number-of,building,44,75,0.0784442201256752,0.00-0.49,21-50,RSVQA Specialist v1,False,
30772,307,count,How many small forests are there?,how-many,forest,14,27,0.04949742555618286,0.00-0.49,11-20,RSVQA Specialist v1,False,
30774,307,presence,Is there a square water area?,is-there,water,no,yes,0.8615132570266724,0.75-0.89,n/a,RSVQA Specialist v1,False,
30775,307,count,What is the amount of square residential buildings?,amount-of,building,0,2,0.28656139969825745,0.00-0.49,0,RSVQA Specialist v1,False,
30778,307,count,How many water areas at the bottom of a  road are there?,how-many,water,16,25,0.08652389794588089,0.00-0.49,11-20,RSVQA Specialist v1,False,
30781,307,presence,Is a square building present?,present,building,no,yes,0.9750304222106934,0.90-1.00,n/a,RSVQA Specialist v1,False,
30786,307,count,How many medium residential buildings are there in the image?,how-many,building,15,4,0.17883236706256866,0.00-0.49,11-20,RSVQA Specialist v1,False,
30787,307,count,What is the number of medium commercial buildings?,number-of,building,4,0,0.45534080266952515,0.00-0.49,2-5,RSVQA Specialist v1,False,
30789,307,count,What is the number of residential buildings next to a  water area?,number-of,building,69,127,0.0857229009270668,0.00-0.49,51-100,RSVQA Specialist v1,False,
30792,307,count,What is the number of rectangular grass areas?,number-of,grassland,12,5,0.11298708617687225,0.00-0.49,11-20,RSVQA Specialist v1,False,
30813,308,count,What is the number of buildings?,number-of,building,827,201+,0.9969040751457214,0.90-1.00,201+,RSVQA Specialist v1,False,
30814,308,count,What is the amount of water areas in the image?,amount-of,water,41,31,0.10957664996385574,0.00-0.49,21-50,RSVQA Specialist v1,False,
30815,308,presence,Is there a medium residential building?,is-there,building,no,yes,0.9996799230575562,0.90-1.00,n/a,RSVQA Specialist v1,False,
30817,308,count,What is the number of residential buildings?,number-of,building,821,201+,0.9971954822540283,0.90-1.00,201+,RSVQA Specialist v1,False,
30819,308,count,How many roads are there?,how-many,road,117,201+,0.31420278549194336,0.00-0.49,101-200,RSVQA Specialist v1,False,
30822,308,count,What is the number of grass areas?,number-of,grassland,315,201+,0.8971959352493286,0.75-0.89,201+,RSVQA Specialist v1,False,
30830,308,count,What is the number of rectangular residential buildings?,number-of,building,639,201+,0.9944603443145752,0.90-1.00,201+,RSVQA Specialist v1,False,
30835,308,count,What is the amount of large pitchs?,amount-of,scene,4,1,0.3494717478752136,0.00-0.49,2-5,RSVQA Specialist v1,False,
30837,308,comp,Are there more water areas than forests?,more-than,water vs forest,yes,no,0.9620949625968933,0.90-1.00,n/a,RSVQA Specialist v1,False,
30838,308,count,What is the amount of pitchs in the image?,amount-of,scene,15,9,0.34111282229423523,0.00-0.49,11-20,RSVQA Specialist v1,False,
30841,308,count,What is the number of square water areas?,number-of,water,0,1,0.20248182117938995,0.00-0.49,0,RSVQA Specialist v1,False,
30842,308,count,How many rectangular buildings are there?,how-many,building,644,201+,0.9901880621910095,0.90-1.00,201+,RSVQA Specialist v1,False,
30844,308,presence,Is there a medium building?,is-there,building,no,yes,0.9997177720069885,0.90-1.00,n/a,RSVQA Specialist v1,False,
30853,308,comp,Are there more grass areas than roads?,more-than,grassland vs road,yes,no,0.583679735660553,0.50-0.74,n/a,RSVQA Specialist v1,False,
30855,308,count,How many small buildings are there?,how-many,building,826,201+,0.993476927280426,0.90-1.00,201+,RSVQA Specialist v1,False,
30870,308,presence,Is a square water area present?,present,water,no,yes,0.8233169317245483,0.75-0.89,n/a,RSVQA Specialist v1,False,
30873,308,count,How many circular water areas are there?,how-many,water,0,2,0.2513466477394104,0.00-0.49,0,RSVQA Specialist v1,False,
30874,308,comp,Are there less commercial buildings than rectangular roads in the image?,less-than,building vs road,no,yes,0.7574755549430847,0.75-0.89,n/a,RSVQA Specialist v1,False,
30882,308,count,What is the number of forests in the image?,number-of,forest,32,23,0.0575764961540699,0.00-0.49,21-50,RSVQA Specialist v1,False,
30893,308,count,What is the amount of orchards?,amount-of,scene,3,4,0.30481624603271484,0.00-0.49,2-5,RSVQA Specialist v1,False,
30895,308,count,What is the amount of small roads?,amount-of,road,117,201+,0.7736828923225403,0.75-0.89,101-200,RSVQA Specialist v1,False,
30900,308,count,What is the number of square residential buildings?,number-of,building,1,2,0.2179204225540161,0.00-0.49,1,RSVQA Specialist v1,False,
30904,308,count,How many small grass areas are there in the image?,how-many,grassland,4,201+,0.05574125051498413,0.00-0.49,2-5,RSVQA Specialist v1,False,
30913,309,count,What is the number of water areas?,number-of,water,37,17,0.07925797253847122,0.00-0.49,21-50,RSVQA Specialist v1,False,
30914,309,count,How many roads are there?,how-many,road,123,94,0.04490072652697563,0.00-0.49,101-200,RSVQA Specialist v1,False,
30915,309,count,How many residential buildings are there?,how-many,building,381,201+,0.47671061754226685,0.00-0.49,201+,RSVQA Specialist v1,False,
30916,309,count,What is the amount of buildings?,amount-of,building,392,201+,0.4396752119064331,0.00-0.49,201+,RSVQA Specialist v1,False,
30919,309,count,What is the amount of residential areas?,amount-of,scene,3,1,0.32445427775382996,0.00-0.49,2-5,RSVQA Specialist v1,False,
30931,309,count,How many grass areas are there?,how-many,grassland,293,201+,0.7872762680053711,0.75-0.89,201+,RSVQA Specialist v1,False,
30934,309,count,How many buildings at the top of a  water area are there?,how-many,building,392,201+,0.11736980825662613,0.00-0.49,201+,RSVQA Specialist v1,False,
30936,309,count,How many commercial buildings are there?,how-many,building,8,3,0.20939315855503082,0.00-0.49,6-10,RSVQA Specialist v1,False,
30946,309,count,How many circular residential buildings are there?,how-many,building,4,0,0.21208666265010834,0.00-0.49,2-5,RSVQA Specialist v1,False,
30956,309,count,What is the number of small commercial buildings?,number-of,building,7,3,0.2748968303203583,0.00-0.49,6-10,RSVQA Specialist v1,False,
30958,309,count,What is the number of water areas next to a  road?,number-of,water,37,17,0.06274126470088959,0.00-0.49,21-50,RSVQA Specialist v1,False,
30959,309,count,How many forests are there?,how-many,forest,9,16,0.068135567009449,0.00-0.49,6-10,RSVQA Specialist v1,False,
30969,309,comp,Are there less water areas than farmlands?,less-than,water vs agriculture,no,yes,0.8042550086975098,0.75-0.89,n/a,RSVQA Specialist v1,False,
30974,309,count,What is the number of small grass areas?,number-of,grassland,27,17,0.10145005583763123,0.00-0.49,21-50,RSVQA Specialist v1,False,
30977,309,count,What is the amount of large grass areas?,amount-of,grassland,236,201+,0.7853946685791016,0.75-0.89,201+,RSVQA Specialist v1,False,
30992,309,comp,Are there more commercial buildings than circular grass areas?,more-than,building vs grassland,yes,no,0.9339916706085205,0.90-1.00,n/a,RSVQA Specialist v1,False,
31002,309,count,What is the number of medium grass areas?,number-of,grassland,30,17,0.14621292054653168,0.00-0.49,21-50,RSVQA Specialist v1,False,
31003,309,count,What is the amount of commercial buildings on the left of a  grass area?,amount-of,building,8,2,0.20009483397006989,0.00-0.49,6-10,RSVQA Specialist v1,False,
31012,310,count,How many water areas are there?,how-many,water,69,201+,0.05915781855583191,0.00-0.49,51-100,RSVQA Specialist v1,False,
31014,310,count,What is the number of buildings?,number-of,building,169,201+,0.47731366753578186,0.00-0.49,101-200,RSVQA Specialist v1,False,
31016,310,count,What is the amount of grass areas?,amount-of,grassland,171,201+,0.9488510489463806,0.90-1.00,101-200,RSVQA Specialist v1,False,
31018,310,count,What is the amount of commercial buildings?,amount-of,building,2,0,0.6872981190681458,0.50-0.74,2-5,RSVQA Specialist v1,False,
31020,310,count,What is the amount of roads in the image?,amount-of,road,60,106,0.048466768115758896,0.00-0.49,51-100,RSVQA Specialist v1,False,
31022,310,count,What is the amount of forests?,amount-of,forest,140,4,0.05818478763103485,0.00-0.49,101-200,RSVQA Specialist v1,False,
31028,310,presence,Is a rectangular commercial building present?,present,building,yes,no,0.9196767210960388,0.90-1.00,n/a,RSVQA Specialist v1,False,
31029,310,count,What is the amount of residential buildings?,amount-of,building,167,201+,0.6779511570930481,0.50-0.74,101-200,RSVQA Specialist v1,False,
31030,310,count,What is the amount of large forests?,amount-of,forest,63,4,0.21183986961841583,0.00-0.49,51-100,RSVQA Specialist v1,False,
31034,310,count,What is the number of small water areas?,number-of,water,18,201+,0.1614854633808136,0.00-0.49,11-20,RSVQA Specialist v1,False,
31038,310,count,What is the number of large woods?,number-of,forest,0,1,0.6939890384674072,0.50-0.74,0,RSVQA Specialist v1,False,
31040,310,presence,Is a circular building present?,present,building,yes,no,0.9209719896316528,0.90-1.00,n/a,RSVQA Specialist v1,False,
31042,310,count,How many large water areas are there?,how-many,water,26,0,0.11583535373210907,0.00-0.49,21-50,RSVQA Specialist v1,False,
31044,310,count,What is the amount of water areas on the right of a  commercial building?,amount-of,water,30,0,0.7770218253135681,0.75-0.89,21-50,RSVQA Specialist v1,False,
31045,310,presence,Is a square residential building present?,present,building,yes,no,0.8160008788108826,0.75-0.89,n/a,RSVQA Specialist v1,False,
31049,310,count,What is the number of wetlands?,number-of,wetland,38,4,0.1542474627494812,0.00-0.49,21-50,RSVQA Specialist v1,False,
31052,310,count,What is the number of small roads in the image?,number-of,road,60,142,0.04500802606344223,0.00-0.49,51-100,RSVQA Specialist v1,False,
31054,310,count,What is the amount of small buildings?,amount-of,building,168,201+,0.6736459136009216,0.50-0.74,101-200,RSVQA Specialist v1,False,
31056,310,comp,Are there more commercial buildings than square roads?,more-than,building vs road,yes,no,0.7424929141998291,0.50-0.74,n/a,RSVQA Specialist v1,False,
31057,310,comp,Are there less residential buildings than grass areas?,less-than,building vs grassland,yes,no,0.5067620277404785,0.50-0.74,n/a,RSVQA Specialist v1,False,
31058,310,count,How many rectangular residential buildings are there in the image?,how-many,building,126,201+,0.06090765818953514,0.00-0.49,101-200,RSVQA Specialist v1,False,
31059,310,comp,Are there less circular forests than buildings?,less-than,forest vs building,yes,no,0.6373865008354187,0.50-0.74,n/a,RSVQA Specialist v1,False,
31060,310,presence,Is there a circular forest in the image?,is-there,forest,yes,no,0.9902082085609436,0.90-1.00,n/a,RSVQA Specialist v1,False,
31061,310,comp,Are there less buildings than grass areas?,less-than,building vs grassland,yes,no,0.7280102968215942,0.50-0.74,n/a,RSVQA Specialist v1,False,
31063,310,count,What is the amount of rectangular buildings?,amount-of,building,127,201+,0.04971729964017868,0.00-0.49,101-200,RSVQA Specialist v1,False,
31064,310,presence,Is a square building present?,present,building,yes,no,0.8484326601028442,0.75-0.89,n/a,RSVQA Specialist v1,False,
31073,310,count,What is the number of roads on the left of a  water area?,number-of,road,57,142,0.04070908576250076,0.00-0.49,51-100,RSVQA Specialist v1,False,
31077,310,count,What is the amount of medium buildings?,amount-of,building,1,0,0.1686905026435852,0.00-0.49,1,RSVQA Specialist v1,False,
31079,310,count,What is the number of medium residential buildings in the image?,number-of,building,1,8,0.23577508330345154,0.00-0.49,1,RSVQA Specialist v1,False,
31082,310,count,How many small residential buildings are there?,how-many,building,166,201+,0.49515682458877563,0.00-0.49,101-200,RSVQA Specialist v1,False,
31083,310,comp,Are there more roads than water areas?,more-than,road vs water,no,yes,0.7126699090003967,0.50-0.74,n/a,RSVQA Specialist v1,False,
31085,310,count,How many medium grass areas are there?,how-many,grassland,35,201+,0.08730553835630417,0.00-0.49,21-50,RSVQA Specialist v1,False,
31095,310,count,How many small wetlands are there?,how-many,wetland,2,0,0.7748220562934875,0.75-0.89,2-5,RSVQA Specialist v1,False,
31098,310,comp,Are there more buildings than small residential areas?,more-than,building,yes,no,0.9365395307540894,0.90-1.00,n/a,RSVQA Specialist v1,False,
31105,310,count,What is the amount of square residential buildings?,amount-of,building,1,0,0.9392147660255432,0.90-1.00,1,RSVQA Specialist v1,False,
31106,310,count,What is the amount of circular water areas?,amount-of,water,1,0,0.9908410310745239,0.90-1.00,1,RSVQA Specialist v1,False,
31107,310,count,What is the amount of rectangular grass areas?,amount-of,grassland,7,201+,0.10328275710344315,0.00-0.49,6-10,RSVQA Specialist v1,False,
31113,311,count,How many water areas are there?,how-many,water,7,2,0.3162822127342224,0.00-0.49,6-10,RSVQA Specialist v1,False,
31114,311,count,What is the number of roads?,number-of,road,93,201+,0.2754230201244354,0.00-0.49,51-100,RSVQA Specialist v1,False,
31118,311,count,How many wetlands are there?,how-many,wetland,1,3,0.4337148070335388,0.00-0.49,1,RSVQA Specialist v1,False,
31119,311,count,What is the number of buildings?,number-of,building,281,201+,0.836061418056488,0.75-0.89,201+,RSVQA Specialist v1,False,
31120,311,count,What is the number of large water areas on the left of a  scrub?,number-of,water,3,0,0.5234460234642029,0.50-0.74,2-5,RSVQA Specialist v1,False,
31121,311,count,What is the number of scrubs?,number-of,scrub,9,5,0.16167105734348297,0.00-0.49,6-10,RSVQA Specialist v1,False,
31123,311,count,What is the amount of commercial buildings?,amount-of,building,19,1,0.3897586166858673,0.00-0.49,11-20,RSVQA Specialist v1,False,
31124,311,count,What is the amount of grass areas?,amount-of,grassland,1,3,0.1433386355638504,0.00-0.49,1,RSVQA Specialist v1,False,
31127,311,count,What is the amount of residential buildings?,amount-of,building,152,201+,0.603382408618927,0.50-0.74,101-200,RSVQA Specialist v1,False,
31131,311,count,What is the number of rectangular buildings?,number-of,building,247,201+,0.061933111399412155,0.00-0.49,201+,RSVQA Specialist v1,False,
31132,311,count,What is the number of parkings?,number-of,scene,13,3,0.24016353487968445,0.00-0.49,11-20,RSVQA Specialist v1,False,
31134,311,count,What is the amount of industrials?,amount-of,scene,3,1,0.5331469178199768,0.50-0.74,2-5,RSVQA Specialist v1,False,
31136,311,count,What is the amount of residential buildings at the top of a  road?,amount-of,building,152,201+,0.6057816743850708,0.50-0.74,101-200,RSVQA Specialist v1,False,
31141,311,presence,Is a rectangular water area present?,present,water,yes,no,0.8038509488105774,0.75-0.89,n/a,RSVQA Specialist v1,False,
31143,311,count,What is the amount of rectangular water areas in the image?,amount-of,water,2,0,0.7952567338943481,0.75-0.89,2-5,RSVQA Specialist v1,False,
31150,311,count,What is the amount of wetlands at the bottom of a  road?,amount-of,wetland,0,3,0.2416161447763443,0.00-0.49,0,RSVQA Specialist v1,False,
31158,311,presence,Is a medium building present?,present,building,yes,no,0.7659485340118408,0.75-0.89,n/a,RSVQA Specialist v1,False,
31160,311,count,What is the number of small residential buildings?,number-of,building,151,201+,0.36003270745277405,0.00-0.49,101-200,RSVQA Specialist v1,False,
31161,311,presence,Is there a small water area?,is-there,water,yes,no,0.674940824508667,0.50-0.74,n/a,RSVQA Specialist v1,False,
31163,311,count,How many large water areas are there?,how-many,water,6,2,0.32687661051750183,0.00-0.49,6-10,RSVQA Specialist v1,False,
31166,311,comp,Are there less industrials on the right of a  building than buildings?,less-than,building vs building,yes,no,0.9203544855117798,0.90-1.00,n/a,RSVQA Specialist v1,False,
31171,311,comp,Are there more circular residential buildings than scrubs?,more-than,building vs scrub,yes,no,0.652068018913269,0.50-0.74,n/a,RSVQA Specialist v1,False,
31172,311,count,How many circular commercial buildings are there?,how-many,building,1,0,0.9858611822128296,0.90-1.00,1,RSVQA Specialist v1,False,
31177,311,comp,Are there less commercial buildings than parkings?,less-than,building,no,yes,0.5186697244644165,0.50-0.74,n/a,RSVQA Specialist v1,False,
31178,311,count,What is the amount of commercial buildings on the left of a  small road?,amount-of,building,19,1,0.4730187952518463,0.00-0.49,11-20,RSVQA Specialist v1,False,
31184,311,comp,Are there less water areas than scrubs?,less-than,water vs scrub,yes,no,0.6656901836395264,0.50-0.74,n/a,RSVQA Specialist v1,False,
31185,311,presence,Is a medium scrub present?,present,scrub,yes,no,0.7295117974281311,0.50-0.74,n/a,RSVQA Specialist v1,False,
31186,311,count,How many rectangular commercial buildings are there?,how-many,building,14,1,0.38468116521835327,0.00-0.49,11-20,RSVQA Specialist v1,False,
31192,311,count,What is the number of residential buildings at the top of a  parking?,number-of,building,147,201+,0.07927286624908447,0.00-0.49,101-200,RSVQA Specialist v1,False,
31195,311,presence,Is a circular commercial building present?,present,building,yes,no,0.9950860142707825,0.90-1.00,n/a,RSVQA Specialist v1,False,
31196,311,count,How many piers are there?,how-many,scene,2,1,0.6282397508621216,0.50-0.74,2-5,RSVQA Specialist v1,False,
31200,311,comp,Are there more residential buildings than industrials?,more-than,building,yes,no,0.9497256875038147,0.90-1.00,n/a,RSVQA Specialist v1,False,
31202,311,count,How many large buildings are there?,how-many,building,2,1,0.5433191061019897,0.50-0.74,2-5,RSVQA Specialist v1,False,
31208,311,count,What is the amount of rectangular parkings?,amount-of,scene,5,1,0.3559293746948242,0.00-0.49,2-5,RSVQA Specialist v1,False,
31210,311,comp,Are there less wetlands than residential buildings?,less-than,wetland vs building,yes,no,0.6930271983146667,0.50-0.74,n/a,RSVQA Specialist v1,False,
31214,312,count,What is the amount of roads?,amount-of,road,56,40,0.048918917775154114,0.00-0.49,51-100,RSVQA Specialist v1,False,
31218,312,count,How many buildings are there?,how-many,building,29,44,0.05194603279232979,0.00-0.49,21-50,RSVQA Specialist v1,False,
31222,312,count,What is the number of water areas?,number-of,water,18,10,0.08492521196603775,0.00-0.49,11-20,RSVQA Specialist v1,False,
31225,312,count,How many forests are there?,how-many,forest,59,16,0.08183644711971283,0.00-0.49,51-100,RSVQA Specialist v1,False,
31226,312,count,What is the number of residential buildings?,number-of,building,28,45,0.033887360244989395,0.00-0.49,21-50,RSVQA Specialist v1,False,
31235,312,count,What is the amount of rectangular residential buildings?,amount-of,building,16,45,0.035101838409900665,0.00-0.49,11-20,RSVQA Specialist v1,False,
31238,312,count,How many buildings at the bottom of a  medium water area are there?,how-many,building,17,2,0.1312195509672165,0.00-0.49,11-20,RSVQA Specialist v1,False,
31243,312,count,What is the amount of grass areas in the image?,amount-of,grassland,54,49,0.04184822738170624,0.00-0.49,51-100,RSVQA Specialist v1,False,
31246,312,comp,Is the number of commercial buildings equal to the number of commercial buildings?,equal-to,building vs building,yes,no,0.5281792879104614,0.50-0.74,n/a,RSVQA Specialist v1,False,
31247,312,comp,Are there more residential buildings than roads?,more-than,building vs road,no,yes,0.5309363007545471,0.50-0.74,n/a,RSVQA Specialist v1,False,
31252,312,count,What is the number of small forests in the image?,number-of,forest,35,12,0.08407557755708694,0.00-0.49,21-50,RSVQA Specialist v1,False,
31254,312,comp,Is the number of commercial buildings equal to the number of square buildings?,equal-to,building vs building,yes,no,0.8444632291793823,0.75-0.89,n/a,RSVQA Specialist v1,False,
31258,312,count,How many grass areas next to a  residential building are there?,how-many,grassland,49,26,0.05306819826364517,0.00-0.49,21-50,RSVQA Specialist v1,False,
31261,312,count,What is the amount of rectangular buildings?,amount-of,building,17,50,0.03863871470093727,0.00-0.49,11-20,RSVQA Specialist v1,False,
31271,312,count,How many roads at the bottom of a  forest are there?,how-many,road,48,18,0.04276326671242714,0.00-0.49,21-50,RSVQA Specialist v1,False,
31273,312,count,What is the number of farmlands?,number-of,agriculture,27,44,0.05074737221002579,0.00-0.49,21-50,RSVQA Specialist v1,False,
31279,312,comp,Are there less roads than residential buildings?,less-than,road vs building,no,yes,0.7279534935951233,0.50-0.74,n/a,RSVQA Specialist v1,False,
31293,312,count,What is the number of residential buildings on the right of a  rectangular grass area?,number-of,building,24,0,0.07602184265851974,0.00-0.49,21-50,RSVQA Specialist v1,False,
31301,312,presence,Is a circular grass area present?,present,grassland,yes,no,0.9893128275871277,0.90-1.00,n/a,RSVQA Specialist v1,False,
31302,312,comp,Are there more roads than residential buildings?,more-than,road vs building,yes,no,0.5452499389648438,0.50-0.74,n/a,RSVQA Specialist v1,False,
31309,312,count,How many small residential buildings are there?,how-many,building,18,45,0.05632810294628143,0.00-0.49,11-20,RSVQA Specialist v1,False,
31310,312,comp,Are there less roads than grass areas?,less-than,road vs grassland,no,yes,0.603885293006897,0.50-0.74,n/a,RSVQA Specialist v1,False,
31313,313,count,What is the number of grass areas?,number-of,grassland,208,201+,0.7578220367431641,0.75-0.89,201+,RSVQA Specialist v1,False,
31314,313,count,How many rectangular residential buildings are there?,how-many,building,2987,201+,0.9982588887214661,0.90-1.00,201+,RSVQA Specialist v1,False,
31316,313,count,What is the number of water areas?,number-of,water,135,31,0.06107098609209061,0.00-0.49,101-200,RSVQA Specialist v1,False,
31318,313,count,What is the amount of buildings?,amount-of,building,3831,201+,0.9983945488929749,0.90-1.00,201+,RSVQA Specialist v1,False,
31320,313,count,How many residential buildings are there?,how-many,building,3815,201+,0.9982012510299683,0.90-1.00,201+,RSVQA Specialist v1,False,
31321,313,count,What is the amount of small residential buildings?,amount-of,building,3803,201+,0.9989431500434875,0.90-1.00,201+,RSVQA Specialist v1,False,
31322,313,count,What is the number of roads in the image?,number-of,road,574,201+,0.994536817073822,0.90-1.00,201+,RSVQA Specialist v1,False,
31329,313,count,What is the amount of medium residential buildings?,amount-of,building,12,9,0.1486596018075943,0.00-0.49,11-20,RSVQA Specialist v1,False,
31330,313,count,How many parkings are there?,how-many,scene,8,17,0.10791508108377457,0.00-0.49,6-10,RSVQA Specialist v1,False,
31334,313,count,What is the amount of forests?,amount-of,forest,109,119,0.030142992734909058,0.00-0.49,101-200,RSVQA Specialist v1,False,
31339,313,count,How many commercial buildings are there?,how-many,building,14,201+,0.05375218391418457,0.00-0.49,11-20,RSVQA Specialist v1,False,
31346,313,count,What is the amount of rectangular grass areas?,amount-of,grassland,23,28,0.08177774399518967,0.00-0.49,21-50,RSVQA Specialist v1,False,
31347,313,count,What is the number of large woods?,number-of,forest,0,2,0.2512272596359253,0.00-0.49,0,RSVQA Specialist v1,False,
31348,313,count,What is the number of medium commercial buildings?,number-of,building,0,3,0.14592234790325165,0.00-0.49,0,RSVQA Specialist v1,False,
31351,313,count,What is the amount of wetlands?,amount-of,wetland,8,9,0.1256076693534851,0.00-0.49,6-10,RSVQA Specialist v1,False,
31352,313,count,What is the number of large residential buildings?,number-of,building,0,1,0.32486140727996826,0.00-0.49,0,RSVQA Specialist v1,False,
31358,313,count,How many large grass areas are there?,how-many,grassland,141,201+,0.08268455415964127,0.00-0.49,101-200,RSVQA Specialist v1,False,
31361,313,count,How many allotmentss are there?,how-many,scene,2,1,0.42379921674728394,0.00-0.49,2-5,RSVQA Specialist v1,False,
31365,313,count,What is the number of schools on the left of a  medium residential building?,number-of,building,0,1,0.12734052538871765,0.00-0.49,0,RSVQA Specialist v1,False,
31366,313,comp,Are there less commercial buildings than water areas?,less-than,building vs water,yes,no,0.6805009841918945,0.50-0.74,n/a,RSVQA Specialist v1,False,
31367,313,count,What is the number of circular water areas in the image?,number-of,water,0,10,0.09741951525211334,0.00-0.49,0,RSVQA Specialist v1,False,
31390,313,count,How many large commercial buildings are there?,how-many,building,0,1,0.3628907799720764,0.00-0.49,0,RSVQA Specialist v1,False,
31391,313,count,What is the amount of pitchs?,amount-of,scene,8,9,0.34850090742111206,0.00-0.49,6-10,RSVQA Specialist v1,False,
31395,313,comp,Are there more water areas than commercial buildings?,more-than,water vs building,yes,no,0.6991347074508667,0.50-0.74,n/a,RSVQA Specialist v1,False,
31396,313,count,What is the amount of circular buildings?,amount-of,building,1,6,0.25519001483917236,0.00-0.49,1,RSVQA Specialist v1,False,
31399,313,count,How many large buildings are there?,how-many,building,0,1,0.32074350118637085,0.00-0.49,0,RSVQA Specialist v1,False,
31407,313,count,What is the amount of small grass areas?,amount-of,grassland,35,28,0.0531252920627594,0.00-0.49,21-50,RSVQA Specialist v1,False,
31410,313,count,What is the amount of water areas on the right of a  small pitch?,amount-of,water,29,31,0.06359361112117767,0.00-0.49,21-50,RSVQA Specialist v1,False,
31416,314,count,What is the number of roads?,number-of,road,90,201+,0.16085629165172577,0.00-0.49,51-100,RSVQA Specialist v1,False,
31418,314,count,How many residential buildings are there?,how-many,building,59,201+,0.2099732756614685,0.00-0.49,51-100,RSVQA Specialist v1,False,
31420,314,count,What is the number of water areas in the image?,number-of,water,27,20,0.07627938687801361,0.00-0.49,21-50,RSVQA Specialist v1,False,
31423,314,count,What is the number of buildings?,number-of,building,67,201+,0.24627149105072021,0.00-0.49,51-100,RSVQA Specialist v1,False,
31426,314,count,How many forests are there?,how-many,forest,121,201+,0.1150103211402893,0.00-0.49,101-200,RSVQA Specialist v1,False,
31428,314,count,What is the amount of small buildings?,amount-of,building,67,201+,0.6215276122093201,0.50-0.74,51-100,RSVQA Specialist v1,False,
31429,314,count,How many commercial buildings are there?,how-many,building,7,1,0.41728729009628296,0.00-0.49,6-10,RSVQA Specialist v1,False,
31430,314,count,What is the amount of scrubs?,amount-of,scrub,32,20,0.06206492707133293,0.00-0.49,21-50,RSVQA Specialist v1,False,
31431,314,comp,Are there less grass areas than buildings?,less-than,grassland vs building,no,yes,0.7555641531944275,0.75-0.89,n/a,RSVQA Specialist v1,False,
31433,314,comp,Are there more forests than commercial buildings?,more-than,forest vs building,yes,no,0.5520257949829102,0.50-0.74,n/a,RSVQA Specialist v1,False,
31439,314,count,What is the number of residential buildings at the top of a  water area in the image?,number-of,building,58,201+,0.10273903608322144,0.00-0.49,51-100,RSVQA Specialist v1,False,
31443,314,count,How many grass areas are there?,how-many,grassland,76,38,0.051740363240242004,0.00-0.49,51-100,RSVQA Specialist v1,False,
31444,314,count,How many rectangular forests are there?,how-many,forest,14,11,0.10657168924808502,0.00-0.49,11-20,RSVQA Specialist v1,False,
31445,314,count,What is the amount of farmlands?,amount-of,agriculture,12,21,0.07012087106704712,0.00-0.49,11-20,RSVQA Specialist v1,False,
31448,314,count,What is the amount of rectangular buildings?,amount-of,building,48,201+,0.02913297340273857,0.00-0.49,21-50,RSVQA Specialist v1,False,
31455,314,comp,Are there less roads than buildings?,less-than,road vs building,no,yes,0.8718243837356567,0.75-0.89,n/a,RSVQA Specialist v1,False,
31456,314,comp,Are there less residential buildings than roads?,less-than,building vs road,yes,no,0.8986644148826599,0.75-0.89,n/a,RSVQA Specialist v1,False,
31460,314,comp,Are there more forests than roads?,more-than,forest vs road,yes,no,0.6620745658874512,0.50-0.74,n/a,RSVQA Specialist v1,False,
31464,314,comp,Are there more forests than residential buildings?,more-than,forest vs building,yes,no,0.951751172542572,0.90-1.00,n/a,RSVQA Specialist v1,False,
31465,314,count,What is the amount of medium water areas?,amount-of,water,4,3,0.17383813858032227,0.00-0.49,2-5,RSVQA Specialist v1,False,
31466,314,count,How many grass areas next to a  commercial building are there?,how-many,grassland,52,0,0.10427097231149673,0.00-0.49,51-100,RSVQA Specialist v1,False,
31471,314,count,What is the amount of circular water areas?,amount-of,water,10,3,0.2380240112543106,0.00-0.49,6-10,RSVQA Specialist v1,False,
31473,314,comp,Are there more residential buildings than roads?,more-than,building vs road,no,yes,0.8136558532714844,0.75-0.89,n/a,RSVQA Specialist v1,False,
31478,314,count,What is the amount of large farmlands?,amount-of,agriculture,12,19,0.08283629268407822,0.00-0.49,11-20,RSVQA Specialist v1,False,
31479,314,comp,Are there more buildings than roads?,more-than,building vs road,no,yes,0.9357160925865173,0.90-1.00,n/a,RSVQA Specialist v1,False,
31480,314,presence,Is a circular forest present?,present,forest,yes,no,0.8301455974578857,0.75-0.89,n/a,RSVQA Specialist v1,False,
31484,314,comp,Are there less roads than forests?,less-than,road vs forest,yes,no,0.8548294305801392,0.75-0.89,n/a,RSVQA Specialist v1,False,
31485,314,count,How many rectangular water areas are there in the image?,how-many,water,10,3,0.18588878214359283,0.00-0.49,6-10,RSVQA Specialist v1,False,
31486,314,comp,Are there more roads than buildings?,more-than,road vs building,yes,no,0.7776709794998169,0.75-0.89,n/a,RSVQA Specialist v1,False,
31487,314,count,What is the amount of small commercial buildings in the image?,amount-of,building,7,1,0.5229306817054749,0.50-0.74,6-10,RSVQA Specialist v1,False,
31490,314,count,What is the amount of small forests?,amount-of,forest,55,28,0.05508335679769516,0.00-0.49,51-100,RSVQA Specialist v1,False,
31498,314,comp,Are there less buildings than roads?,less-than,building vs road,yes,no,0.8918159604072571,0.75-0.89,n/a,RSVQA Specialist v1,False,
31502,314,count,What is the number of rectangular commercial buildings?,number-of,building,6,0,0.8378480672836304,0.75-0.89,6-10,RSVQA Specialist v1,False,
31503,314,count,What is the amount of square water areas?,amount-of,water,10,1,0.26154080033302307,0.00-0.49,6-10,RSVQA Specialist v1,False,
31505,314,count,What is the number of rectangular grass areas in the image?,number-of,grassland,4,8,0.15752679109573364,0.00-0.49,2-5,RSVQA Specialist v1,False,
31508,314,count,What is the number of large grass areas?,number-of,grassland,61,79,0.029971769079566002,0.00-0.49,51-100,RSVQA Specialist v1,False,
31512,315,count,What is the number of buildings?,number-of,building,1158,201+,0.9946392178535461,0.90-1.00,201+,RSVQA Specialist v1,False,
31514,315,count,What is the amount of commercial buildings?,amount-of,building,13,4,0.20220622420310974,0.00-0.49,11-20,RSVQA Specialist v1,False,
31518,315,count,How many farmlands are there in the image?,how-many,agriculture,75,28,0.05348624289035797,0.00-0.49,51-100,RSVQA Specialist v1,False,
31520,315,count,How many water areas are there?,how-many,water,90,31,0.09205349534749985,0.00-0.49,51-100,RSVQA Specialist v1,False,
31525,315,count,What is the amount of residential buildings?,amount-of,building,1102,201+,0.9963944554328918,0.90-1.00,201+,RSVQA Specialist v1,False,
31528,315,count,What is the number of medium buildings?,number-of,building,16,2,0.2330550104379654,0.00-0.49,11-20,RSVQA Specialist v1,False,
31531,315,count,What is the amount of roads in the image?,amount-of,road,399,201+,0.9866358637809753,0.90-1.00,201+,RSVQA Specialist v1,False,
31533,315,count,What is the number of grass areas?,number-of,grassland,98,28,0.02367672324180603,0.00-0.49,51-100,RSVQA Specialist v1,False,
31539,315,count,What is the amount of rectangular commercial buildings?,amount-of,building,7,1,0.21144524216651917,0.00-0.49,6-10,RSVQA Specialist v1,False,
31541,315,presence,Is a medium commercial building present?,present,building,yes,no,0.5411299467086792,0.50-0.74,n/a,RSVQA Specialist v1,False,
31548,315,count,What is the amount of forests?,amount-of,forest,108,31,0.04217927157878876,0.00-0.49,101-200,RSVQA Specialist v1,False,
31550,315,count,What is the number of parkings?,number-of,scene,15,9,0.12013115733861923,0.00-0.49,11-20,RSVQA Specialist v1,False,
31560,315,count,What is the number of square grass areas?,number-of,grassland,2,0,0.6585864424705505,0.50-0.74,2-5,RSVQA Specialist v1,False,
31562,315,count,What is the amount of scrubs?,amount-of,scrub,36,20,0.09819673746824265,0.00-0.49,21-50,RSVQA Specialist v1,False,
31565,315,count,How many square buildings are there?,how-many,building,1,0,0.7168880105018616,0.50-0.74,1,RSVQA Specialist v1,False,
31566,315,comp,Are there more water areas than farmlands?,more-than,water vs agriculture,yes,no,0.9659988284111023,0.90-1.00,n/a,RSVQA Specialist v1,False,
31568,315,count,What is the amount of circular buildings?,amount-of,building,1,0,0.7357410788536072,0.50-0.74,1,RSVQA Specialist v1,False,
31576,315,comp,Are there less commercial buildings next to a  water area than residential buildings?,less-than,building vs building,yes,no,0.7044489979743958,0.50-0.74,n/a,RSVQA Specialist v1,False,
31578,315,count,How many playgrounds are there?,how-many,scene,4,1,0.5684950351715088,0.50-0.74,2-5,RSVQA Specialist v1,False,
31585,315,count,What is the number of small residential buildings in the image?,number-of,building,1090,201+,0.9939029812812805,0.90-1.00,201+,RSVQA Specialist v1,False,
31586,315,count,What is the amount of circular water areas?,amount-of,water,1,2,0.27810731530189514,0.00-0.49,1,RSVQA Specialist v1,False,
31588,315,count,How many pitchs are there?,how-many,scene,5,3,0.23804470896720886,0.00-0.49,2-5,RSVQA Specialist v1,False,
31594,315,comp,Are there less commercial buildings than water areas?,less-than,building vs water,yes,no,0.5212671756744385,0.50-0.74,n/a,RSVQA Specialist v1,False,
31602,315,comp,Are there less commercial buildings than large water areas?,less-than,building vs water,no,yes,0.7279428243637085,0.50-0.74,n/a,RSVQA Specialist v1,False,
31603,315,count,What is the amount of large water areas?,amount-of,water,12,8,0.11221850663423538,0.00-0.49,11-20,RSVQA Specialist v1,False,
31613,316,count,What is the number of buildings in the image?,number-of,building,105,201+,0.049603305757045746,0.00-0.49,101-200,RSVQA Specialist v1,False,
31615,316,count,What is the amount of roads?,amount-of,road,83,142,0.06625118851661682,0.00-0.49,51-100,RSVQA Specialist v1,False,
31616,316,count,What is the number of commercial buildings in the image?,number-of,building,51,1,0.31574976444244385,0.00-0.49,51-100,RSVQA Specialist v1,False,
31623,316,count,How many forests are there?,how-many,forest,39,23,0.04962197318673134,0.00-0.49,21-50,RSVQA Specialist v1,False,
31626,316,count,How many medium residential buildings are there?,how-many,building,9,2,0.14586538076400757,0.00-0.49,6-10,RSVQA Specialist v1,False,
31629,316,count,How many grass areas are there?,how-many,grassland,41,44,0.06311053782701492,0.00-0.49,21-50,RSVQA Specialist v1,False,
31630,316,count,What is the amount of water areas in the image?,amount-of,water,13,15,0.07412382960319519,0.00-0.49,11-20,RSVQA Specialist v1,False,
31637,316,count,How many large buildings are there?,how-many,building,4,0,0.43620002269744873,0.00-0.49,2-5,RSVQA Specialist v1,False,
31639,316,presence,Is a square residential building present?,present,building,no,yes,0.5485526919364929,0.50-0.74,n/a,RSVQA Specialist v1,False,
31642,316,count,What is the amount of small residential buildings?,amount-of,building,41,45,0.05356774851679802,0.00-0.49,21-50,RSVQA Specialist v1,False,
31643,316,count,What is the amount of small water areas?,amount-of,water,2,8,0.14089860022068024,0.00-0.49,2-5,RSVQA Specialist v1,False,
31647,316,count,What is the number of residential buildings?,number-of,building,50,32,0.05321051552891731,0.00-0.49,21-50,RSVQA Specialist v1,False,
31648,316,count,How many farmlands are there?,how-many,agriculture,15,44,0.05079929530620575,0.00-0.49,11-20,RSVQA Specialist v1,False,
31650,316,count,What is the amount of medium commercial buildings in the image?,amount-of,building,4,0,0.6851582527160645,0.50-0.74,2-5,RSVQA Specialist v1,False,
31651,316,count,What is the number of large water areas?,number-of,water,7,8,0.1774880290031433,0.00-0.49,6-10,RSVQA Specialist v1,False,
31653,316,comp,Are there more commercial buildings than water areas?,more-than,building vs water,yes,no,0.9538096189498901,0.90-1.00,n/a,RSVQA Specialist v1,False,
31654,316,count,What is the number of rectangular residential buildings?,number-of,building,14,23,0.03876485675573349,0.00-0.49,11-20,RSVQA Specialist v1,False,
31657,316,comp,Are there less commercial buildings than water areas?,less-than,building vs water,no,yes,0.9718837738037109,0.90-1.00,n/a,RSVQA Specialist v1,False,
31659,316,comp,Are there less commercial buildings than grass areas?,less-than,building vs grassland,no,yes,0.9833425283432007,0.90-1.00,n/a,RSVQA Specialist v1,False,
31663,316,comp,Is the number of buildings equal to the number of commercials?,equal-to,building,no,yes,0.6995508670806885,0.50-0.74,n/a,RSVQA Specialist v1,False,
31666,316,count,What is the amount of commercials?,amount-of,scene,4,1,0.656990647315979,0.50-0.74,2-5,RSVQA Specialist v1,False,
31668,316,count,What is the number of residential buildings at the bottom of a  road?,number-of,building,50,32,0.06698466092348099,0.00-0.49,21-50,RSVQA Specialist v1,False,
31671,316,count,What is the number of scrubs?,number-of,scrub,4,5,0.19313614070415497,0.00-0.49,2-5,RSVQA Specialist v1,False,
31675,316,count,How many large commercials are there?,how-many,scene,4,0,0.8371413350105286,0.75-0.89,2-5,RSVQA Specialist v1,False,
31677,316,count,What is the amount of small commercial buildings?,amount-of,building,43,1,0.464224636554718,0.00-0.49,21-50,RSVQA Specialist v1,False,
31683,316,count,What is the amount of medium water areas?,amount-of,water,4,2,0.15369762480258942,0.00-0.49,2-5,RSVQA Specialist v1,False,
31686,316,comp,Are there more commercial buildings than grass areas?,more-than,building vs grassland,yes,no,0.9919329285621643,0.90-1.00,n/a,RSVQA Specialist v1,False,
31692,316,count,How many medium buildings are there in the image?,how-many,building,15,8,0.08876614272594452,0.00-0.49,11-20,RSVQA Specialist v1,False,
31696,316,comp,Is the number of residential buildings equal to the number of commercials?,equal-to,building,no,yes,0.6738971471786499,0.50-0.74,n/a,RSVQA Specialist v1,False,
31704,316,count,What is the amount of rectangular grass areas at the top of a  building?,amount-of,grassland,3,14,0.07597827166318893,0.00-0.49,2-5,RSVQA Specialist v1,False,
31706,316,comp,Are there more roads than residential buildings on the right of a  water area?,more-than,road vs building,yes,no,0.549569845199585,0.50-0.74,n/a,RSVQA Specialist v1,False,
31707,316,count,How many water areas on the left of a  commercial building are there?,how-many,water,10,1,0.23268477618694305,0.00-0.49,6-10,RSVQA Specialist v1,False,
31711,317,rural_urban,Is it a rural or an urban area,rural-or-urban,scene,urban,rural,0.9999591112136841,0.90-1.00,n/a,RSVQA Specialist v1,False,
31714,317,count,What is the amount of medium commercial buildings?,amount-of,building,2,0,0.2980101406574249,0.00-0.49,2-5,RSVQA Specialist v1,False,
31715,317,count,What is the number of grass areas?,number-of,grassland,282,201+,0.7132654786109924,0.50-0.74,201+,RSVQA Specialist v1,False,
31719,317,count,What is the number of commercial buildings?,number-of,building,7,3,0.15059545636177063,0.00-0.49,6-10,RSVQA Specialist v1,False,
31720,317,count,What is the amount of water areas?,amount-of,water,133,33,0.045078251510858536,0.00-0.49,101-200,RSVQA Specialist v1,False,
31723,317,count,How many roads are there?,how-many,road,186,106,0.04772297292947769,0.00-0.49,101-200,RSVQA Specialist v1,False,
31725,317,count,How many residential buildings are there?,how-many,building,485,201+,0.9821957945823669,0.90-1.00,201+,RSVQA Specialist v1,False,
31728,317,count,How many buildings are there?,how-many,building,505,201+,0.9875916242599487,0.90-1.00,201+,RSVQA Specialist v1,False,
31731,317,presence,Is a large building present?,present,building,no,yes,0.8469266891479492,0.75-0.89,n/a,RSVQA Specialist v1,False,
31738,317,comp,Are there less roads than large grass areas?,less-than,road vs grassland,yes,no,0.5000646710395813,0.50-0.74,n/a,RSVQA Specialist v1,False,
31742,317,count,How many rectangular buildings are there?,how-many,building,302,201+,0.9540665149688721,0.90-1.00,201+,RSVQA Specialist v1,False,
31747,317,count,How many circular residential buildings are there?,how-many,building,6,1,0.24007272720336914,0.00-0.49,6-10,RSVQA Specialist v1,False,
31752,317,count,How many small buildings are there?,how-many,building,496,201+,0.9875762462615967,0.90-1.00,201+,RSVQA Specialist v1,False,
31768,317,count,What is the number of roads on the right of a  wood?,number-of,road,140,56,0.045413754880428314,0.00-0.49,101-200,RSVQA Specialist v1,False,
31769,317,presence,Is there a circular grass area?,is-there,grassland,no,yes,0.6740902066230774,0.50-0.74,n/a,RSVQA Specialist v1,False,
31770,317,count,What is the number of square buildings?,number-of,building,6,1,0.2824220359325409,0.00-0.49,6-10,RSVQA Specialist v1,False,
31775,317,count,How many circular grass areas are there?,how-many,grassland,163,0,0.7943055629730225,0.75-0.89,101-200,RSVQA Specialist v1,False,
31777,317,count,What is the number of large water areas?,number-of,water,25,5,0.14266382157802582,0.00-0.49,21-50,RSVQA Specialist v1,False,
31782,317,count,What is the number of water areas next to a  commercial building?,number-of,water,101,17,0.07965108752250671,0.00-0.49,101-200,RSVQA Specialist v1,False,
31785,317,count,What is the amount of farmlands?,amount-of,agriculture,7,15,0.09060738235712051,0.00-0.49,6-10,RSVQA Specialist v1,False,
31787,317,count,What is the amount of rectangular grass areas?,amount-of,grassland,15,27,0.07065355777740479,0.00-0.49,11-20,RSVQA Specialist v1,False,
31789,317,count,What is the number of small commercial buildings?,number-of,building,5,3,0.26238399744033813,0.00-0.49,2-5,RSVQA Specialist v1,False,
31795,317,count,How many forests are there?,how-many,forest,19,41,0.0453978069126606,0.00-0.49,11-20,RSVQA Specialist v1,False,
31796,317,count,What is the amount of roads at the top of a  commercial building?,amount-of,road,131,0,0.03740616515278816,0.00-0.49,101-200,RSVQA Specialist v1,False,
31805,317,count,What is the number of small grass areas?,number-of,grassland,36,17,0.09097523242235184,0.00-0.49,21-50,RSVQA Specialist v1,False,
31806,317,count,How many woods are there?,how-many,forest,2,24,0.052349913865327835,0.00-0.49,2-5,RSVQA Specialist v1,False,
31807,317,comp,Are there more water areas than medium residential buildings?,more-than,water vs building,yes,no,0.7801920771598816,0.75-0.89,n/a,RSVQA Specialist v1,False,
31814,318,count,How many roads are there?,how-many,road,244,201+,0.9115753173828125,0.90-1.00,201+,RSVQA Specialist v1,False,
31815,318,count,What is the amount of commercial buildings next to a  road?,amount-of,building,48,51,0.07111285626888275,0.00-0.49,21-50,RSVQA Specialist v1,False,
31817,318,count,What is the number of residential buildings?,number-of,building,828,201+,0.998540997505188,0.90-1.00,201+,RSVQA Specialist v1,False,
31818,318,count,How many water areas are there?,how-many,water,51,21,0.05582967773079872,0.00-0.49,51-100,RSVQA Specialist v1,False,
31822,318,count,What is the amount of commercial buildings?,amount-of,building,48,20,0.06599416583776474,0.00-0.49,21-50,RSVQA Specialist v1,False,
31823,318,presence,Is a square residential building present?,present,building,no,yes,0.9988179802894592,0.90-1.00,n/a,RSVQA Specialist v1,False,
31824,318,count,What is the amount of square water areas?,amount-of,water,1,2,0.3144807815551758,0.00-0.49,1,RSVQA Specialist v1,False,
31825,318,count,What is the number of grass areas?,number-of,grassland,125,201+,0.2007797807455063,0.00-0.49,101-200,RSVQA Specialist v1,False,
31827,318,count,What is the amount of residential areas?,amount-of,scene,1,2,0.24029622972011566,0.00-0.49,1,RSVQA Specialist v1,False,
31828,318,count,What is the amount of buildings?,amount-of,building,918,201+,0.9984342455863953,0.90-1.00,201+,RSVQA Specialist v1,False,
31829,318,count,What is the amount of farmlands?,amount-of,agriculture,5,9,0.13069693744182587,0.00-0.49,2-5,RSVQA Specialist v1,False,
31832,318,count,What is the number of medium water areas?,number-of,water,15,3,0.1253887563943863,0.00-0.49,11-20,RSVQA Specialist v1,False,
31833,318,count,What is the number of square commercial buildings next to a  water area?,number-of,building,1,0,0.365064799785614,0.00-0.49,1,RSVQA Specialist v1,False,
31835,318,count,What is the amount of small grass areas?,amount-of,grassland,31,15,0.08014622330665588,0.00-0.49,21-50,RSVQA Specialist v1,False,
31838,318,count,How many small water areas are there?,how-many,water,27,6,0.1028977781534195,0.00-0.49,21-50,RSVQA Specialist v1,False,
31839,318,presence,Is there a large residential building?,is-there,building,yes,no,0.6297993063926697,0.50-0.74,n/a,RSVQA Specialist v1,False,
31844,318,count,What is the amount of rectangular water areas on the right of a  commercial building in the image?,amount-of,water,18,15,0.08890349417924881,0.00-0.49,11-20,RSVQA Specialist v1,False,
31849,318,count,What is the amount of circular grass areas?,amount-of,grassland,0,1,0.5208722352981567,0.50-0.74,0,RSVQA Specialist v1,False,
31851,318,count,What is the number of large residential buildings?,number-of,building,1,0,0.6964123845100403,0.50-0.74,1,RSVQA Specialist v1,False,
31853,318,comp,Are there more grass areas than roads in the image?,more-than,grassland vs road,no,yes,0.785480260848999,0.75-0.89,n/a,RSVQA Specialist v1,False,
31855,318,count,How many forests are there?,how-many,forest,33,14,0.08193498104810715,0.00-0.49,21-50,RSVQA Specialist v1,False,
31864,318,count,What is the number of circular buildings?,number-of,building,1,6,0.17750713229179382,0.00-0.49,1,RSVQA Specialist v1,False,
31872,318,count,What is the amount of rectangular buildings?,amount-of,building,541,201+,0.9982243180274963,0.90-1.00,201+,RSVQA Specialist v1,False,
31879,318,count,What is the amount of rectangular residential buildings?,amount-of,building,475,201+,0.99806147813797,0.90-1.00,201+,RSVQA Specialist v1,False,
31883,318,count,What is the amount of medium residential buildings?,amount-of,building,5,10,0.14936238527297974,0.00-0.49,2-5,RSVQA Specialist v1,False,
31884,318,count,What is the number of circular commercial buildings?,number-of,building,1,0,0.9629124402999878,0.90-1.00,1,RSVQA Specialist v1,False,
31885,318,count,What is the amount of large grass areas?,amount-of,grassland,62,38,0.03751666843891144,0.00-0.49,51-100,RSVQA Specialist v1,False,
31896,318,count,How many square grass areas are there?,how-many,grassland,0,1,0.5033766627311707,0.50-0.74,0,RSVQA Specialist v1,False,
31897,318,comp,Are there less water areas than commercial buildings?,less-than,water vs building,no,yes,0.6082610487937927,0.50-0.74,n/a,RSVQA Specialist v1,False,
31898,318,count,How many small buildings are there?,how-many,building,908,201+,0.9980296492576599,0.90-1.00,201+,RSVQA Specialist v1,False,
31900,318,count,How many medium buildings are there?,how-many,building,9,201+,0.1105557531118393,0.00-0.49,6-10,RSVQA Specialist v1,False,
31901,318,count,How many circular residential buildings are there?,how-many,building,0,6,0.25452396273612976,0.00-0.49,0,RSVQA Specialist v1,False,
31911,319,rural_urban,Is it a rural or an urban area,rural-or-urban,scene,rural,urban,0.9988217949867249,0.90-1.00,n/a,RSVQA Specialist v1,False,
31917,319,count,What is the number of grass areas?,number-of,grassland,38,201+,0.22151152789592743,0.00-0.49,21-50,RSVQA Specialist v1,False,
31919,319,count,How many commercial buildings are there?,how-many,building,22,7,0.12829357385635376,0.00-0.49,21-50,RSVQA Specialist v1,False,
31920,319,count,How many water areas are there?,how-many,water,48,10,0.07862339913845062,0.00-0.49,21-50,RSVQA Specialist v1,False,
31921,319,count,What is the amount of forests?,amount-of,forest,32,23,0.055556491017341614,0.00-0.49,21-50,RSVQA Specialist v1,False,
31923,319,count,How many residential buildings are there?,how-many,building,416,201+,0.9826998710632324,0.90-1.00,201+,RSVQA Specialist v1,False,
31926,319,count,How many large buildings are there?,how-many,building,5,1,0.4329131841659546,0.00-0.49,2-5,RSVQA Specialist v1,False,
31929,319,count,What is the amount of farmlands?,amount-of,agriculture,152,48,0.07101132720708847,0.00-0.49,101-200,RSVQA Specialist v1,False,
31930,319,count,What is the amount of roads?,amount-of,road,56,69,0.0625714659690857,0.00-0.49,51-100,RSVQA Specialist v1,False,
31934,319,comp,Are there more roads than grass areas?,more-than,road vs grassland,yes,no,0.6399197578430176,0.50-0.74,n/a,RSVQA Specialist v1,False,
31939,319,comp,Are there more commercial buildings than circular farmlands?,more-than,building vs agriculture,yes,no,0.7945233583450317,0.75-0.89,n/a,RSVQA Specialist v1,False,
31941,319,count,What is the amount of buildings?,amount-of,building,444,201+,0.9922267198562622,0.90-1.00,201+,RSVQA Specialist v1,False,
31946,319,count,What is the number of rectangular farmlands?,number-of,agriculture,11,5,0.13510750234127045,0.00-0.49,11-20,RSVQA Specialist v1,False,
31949,319,count,How many forests next to a  residential building are there?,how-many,forest,32,23,0.07695843279361725,0.00-0.49,21-50,RSVQA Specialist v1,False,
31953,319,count,What is the number of small buildings?,number-of,building,420,201+,0.9820241928100586,0.90-1.00,201+,RSVQA Specialist v1,False,
31963,319,presence,Is a circular water area present?,present,water,no,yes,0.5032364130020142,0.50-0.74,n/a,RSVQA Specialist v1,False,
31965,319,count,What is the number of small water areas?,number-of,water,32,8,0.1023377776145935,0.00-0.49,21-50,RSVQA Specialist v1,False,
31967,319,presence,Is a large commercial building present?,present,building,yes,no,0.6877942085266113,0.50-0.74,n/a,RSVQA Specialist v1,False,
31968,319,count,What is the number of large residential buildings?,number-of,building,4,0,0.6897383332252502,0.50-0.74,2-5,RSVQA Specialist v1,False,
31969,319,presence,Is a large residential building present?,present,building,yes,no,0.6443613171577454,0.50-0.74,n/a,RSVQA Specialist v1,False,
31971,319,count,How many small commercial buildings are there?,how-many,building,14,3,0.23201502859592438,0.00-0.49,11-20,RSVQA Specialist v1,False,
31973,319,count,What is the number of water areas at the bottom of a  road in the image?,number-of,water,46,9,0.0792793333530426,0.00-0.49,21-50,RSVQA Specialist v1,False,
31977,319,count,What is the amount of square residential buildings?,amount-of,building,1,2,0.1874772012233734,0.00-0.49,1,RSVQA Specialist v1,False,
31986,319,count,How many medium commercial buildings are there?,how-many,building,7,1,0.25908762216567993,0.00-0.49,6-10,RSVQA Specialist v1,False,
31995,319,presence,Is a square water area present?,present,water,no,yes,0.544868528842926,0.50-0.74,n/a,RSVQA Specialist v1,False,
31996,319,count,How many large commercial buildings are there in the image?,how-many,building,1,0,0.7443566918373108,0.50-0.74,1,RSVQA Specialist v1,False,
31998,319,count,How many large water areas are there in the image?,how-many,water,8,5,0.16270659863948822,0.00-0.49,6-10,RSVQA Specialist v1,False,
32001,319,count,How many small roads are there?,how-many,road,56,48,0.08838047087192535,0.00-0.49,51-100,RSVQA Specialist v1,False,
32003,319,count,What is the amount of medium buildings?,amount-of,building,19,9,0.11479081958532333,0.00-0.49,11-20,RSVQA Specialist v1,False,
32007,319,comp,Are there less small roads than commercial buildings in the image?,less-than,road vs building,no,yes,0.8293102979660034,0.75-0.89,n/a,RSVQA Specialist v1,False,
32008,319,count,What is the amount of small residential buildings?,amount-of,building,401,201+,0.9915406107902527,0.90-1.00,201+,RSVQA Specialist v1,False,
32011,320,rural_urban,Is it a rural or an urban area,rural-or-urban,scene,urban,rural,0.8464239239692688,0.75-0.89,n/a,RSVQA Specialist v1,False,
32013,320,count,What is the number of commercial buildings in the image?,number-of,building,16,3,0.18321587145328522,0.00-0.49,11-20,RSVQA Specialist v1,False,
32018,320,count,How many buildings are there in the image?,how-many,building,740,201+,0.9961767196655273,0.90-1.00,201+,RSVQA Specialist v1,False,
32019,320,count,How many residential buildings are there?,how-many,building,710,201+,0.9922716617584229,0.90-1.00,201+,RSVQA Specialist v1,False,
32020,320,count,What is the number of forests?,number-of,forest,77,79,0.09377503395080566,0.00-0.49,51-100,RSVQA Specialist v1,False,
32024,320,count,How many water areas are there?,how-many,water,54,27,0.05113035440444946,0.00-0.49,51-100,RSVQA Specialist v1,False,
32026,320,count,What is the amount of roads?,amount-of,road,241,201+,0.07048375904560089,0.00-0.49,201+,RSVQA Specialist v1,False,
32029,320,count,How many small residential buildings are there in the image?,how-many,building,699,201+,0.9958840012550354,0.90-1.00,201+,RSVQA Specialist v1,False,
32035,320,count,What is the amount of small roads?,amount-of,road,241,201+,0.0906631126999855,0.00-0.49,201+,RSVQA Specialist v1,False,
32039,320,count,How many grass areas are there?,how-many,grassland,281,201+,0.5796042680740356,0.50-0.74,201+,RSVQA Specialist v1,False,
32042,320,comp,Are there less roads than circular buildings?,less-than,road vs building,yes,no,0.9736188054084778,0.90-1.00,n/a,RSVQA Specialist v1,False,
32046,320,count,What is the amount of rectangular buildings?,amount-of,building,327,201+,0.9889028668403625,0.90-1.00,201+,RSVQA Specialist v1,False,
32067,320,count,How many square residential buildings are there in the image?,how-many,building,1,0,0.7256819605827332,0.50-0.74,1,RSVQA Specialist v1,False,
32069,320,count,How many large water areas are there?,how-many,water,26,5,0.19929790496826172,0.00-0.49,21-50,RSVQA Specialist v1,False,
32070,320,count,What is the amount of small commercial buildings?,amount-of,building,15,3,0.32084396481513977,0.00-0.49,11-20,RSVQA Specialist v1,False,
32086,320,count,How many circular water areas are there?,how-many,water,0,2,0.41990238428115845,0.00-0.49,0,RSVQA Specialist v1,False,
32094,320,count,How many square water areas are there?,how-many,water,0,2,0.364165723323822,0.00-0.49,0,RSVQA Specialist v1,False,
32097,320,presence,Is a square water area present?,present,water,no,yes,0.9348179697990417,0.90-1.00,n/a,RSVQA Specialist v1,False,
32099,320,count,What is the number of small forests in the image?,number-of,forest,43,28,0.062300458550453186,0.00-0.49,21-50,RSVQA Specialist v1,False,
32100,320,count,What is the number of medium residential buildings?,number-of,building,11,2,0.3163605332374573,0.00-0.49,11-20,RSVQA Specialist v1,False,
32105,320,count,What is the number of large grass areas?,number-of,grassland,188,201+,0.16702596843242645,0.00-0.49,101-200,RSVQA Specialist v1,False,
32106,320,comp,Are there more grass areas than roads?,more-than,grassland vs road,yes,no,0.6159164905548096,0.50-0.74,n/a,RSVQA Specialist v1,False,
32107,320,presence,Is there a circular water area?,is-there,water,no,yes,0.975145161151886,0.90-1.00,n/a,RSVQA Specialist v1,False,
32108,320,count,What is the number of small water areas?,number-of,water,22,10,0.15253491699695587,0.00-0.49,21-50,RSVQA Specialist v1,False,
32112,321,count,What is the number of buildings?,number-of,building,34,75,0.052700623869895935,0.00-0.49,21-50,RSVQA Specialist v1,False,
32115,321,count,How many water areas are there in the image?,how-many,water,26,25,0.07322321087121964,0.00-0.49,21-50,RSVQA Specialist v1,False,
32117,321,presence,Is a commercial building present?,present,building,no,yes,0.8797756433486938,0.75-0.89,n/a,RSVQA Specialist v1,False,
32119,321,count,What is the amount of grass areas in the image?,amount-of,grassland,160,201+,0.04554019868373871,0.00-0.49,101-200,RSVQA Specialist v1,False,
32123,321,count,What is the number of medium grass areas?,number-of,grassland,10,17,0.08807066828012466,0.00-0.49,6-10,RSVQA Specialist v1,False,
32125,321,count,How many roads are there?,how-many,road,21,25,0.05752148851752281,0.00-0.49,21-50,RSVQA Specialist v1,False,
32127,321,count,What is the amount of rectangular water areas?,amount-of,water,2,5,0.14178477227687836,0.00-0.49,2-5,RSVQA Specialist v1,False,
32128,321,count,How many residential buildings are there?,how-many,building,32,89,0.05024939402937889,0.00-0.49,21-50,RSVQA Specialist v1,False,
32132,321,comp,Are there less residential buildings than roads?,less-than,building vs road,no,yes,0.5235752463340759,0.50-0.74,n/a,RSVQA Specialist v1,False,
32133,321,count,What is the amount of commercial buildings on the left of a  road?,amount-of,building,0,1,0.3806573152542114,0.00-0.49,0,RSVQA Specialist v1,False,
32137,321,count,How many forests are there?,how-many,forest,11,5,0.07078695297241211,0.00-0.49,11-20,RSVQA Specialist v1,False,
32146,321,count,How many small residential buildings are there?,how-many,building,26,35,0.04190120846033096,0.00-0.49,21-50,RSVQA Specialist v1,False,
32150,321,count,What is the number of medium water areas?,number-of,water,7,5,0.13023900985717773,0.00-0.49,6-10,RSVQA Specialist v1,False,
32156,321,count,What is the number of small grass areas in the image?,number-of,grassland,13,6,0.10464295744895935,0.00-0.49,11-20,RSVQA Specialist v1,False,
32157,321,presence,Is a square water area present?,present,water,no,yes,0.7962424159049988,0.75-0.89,n/a,RSVQA Specialist v1,False,
32158,321,count,What is the number of farmlands?,number-of,agriculture,2,15,0.09419230371713638,0.00-0.49,2-5,RSVQA Specialist v1,False,
32159,321,comp,Are there more water areas than roads?,more-than,water vs road,yes,no,0.8406497240066528,0.75-0.89,n/a,RSVQA Specialist v1,False,
32169,321,comp,Are there more square water areas than buildings?,more-than,water vs building,no,yes,0.5951908826828003,0.50-0.74,n/a,RSVQA Specialist v1,False,
32170,321,comp,Are there less buildings than residential areas in the image?,less-than,building,no,yes,0.5442420244216919,0.50-0.74,n/a,RSVQA Specialist v1,False,
32173,321,count,What is the number of medium buildings?,number-of,building,7,2,0.19008223712444305,0.00-0.49,6-10,RSVQA Specialist v1,False,
32175,321,comp,Are there more residential buildings than roads?,more-than,building vs road,yes,no,0.5180884599685669,0.50-0.74,n/a,RSVQA Specialist v1,False,
32176,321,count,How many circular residential buildings are there?,how-many,building,1,0,0.2801077663898468,0.00-0.49,1,RSVQA Specialist v1,False,
32180,321,comp,Are there more roads than grass areas?,more-than,road vs grassland,no,yes,0.5407192707061768,0.50-0.74,n/a,RSVQA Specialist v1,False,
32182,321,comp,Are there less roads than water areas?,less-than,road vs water,yes,no,0.9185925126075745,0.90-1.00,n/a,RSVQA Specialist v1,False,
32185,321,comp,Is the number of commercial buildings equal to the number of commercial buildings?,equal-to,building vs building,yes,no,0.5029060244560242,0.50-0.74,n/a,RSVQA Specialist v1,False,
32187,321,comp,Is the number of commercial buildings equal to the number of rectangular commercial buildings?,equal-to,building vs building,yes,no,0.7228527665138245,0.50-0.74,n/a,RSVQA Specialist v1,False,
32189,321,count,How many residential buildings next to a  water area are there?,how-many,building,21,127,0.044538237154483795,0.00-0.49,21-50,RSVQA Specialist v1,False,
32198,321,count,What is the number of rectangular buildings?,number-of,building,21,75,0.047492384910583496,0.00-0.49,21-50,RSVQA Specialist v1,False,
32205,321,count,How many rectangular grass areas are there?,how-many,grassland,12,5,0.18599534034729004,0.00-0.49,11-20,RSVQA Specialist v1,False,
32210,321,comp,Is the number of roads equal to the number of rectangular buildings?,equal-to,road vs building,yes,no,0.9920986890792847,0.90-1.00,n/a,RSVQA Specialist v1,False,
32213,322,count,What is the amount of residential buildings?,amount-of,building,449,201+,0.8714298009872437,0.75-0.89,201+,RSVQA Specialist v1,False,
32219,322,count,What is the number of commercial buildings?,number-of,building,4,2,0.2366093546152115,0.00-0.49,2-5,RSVQA Specialist v1,False,
32221,322,count,What is the amount of small residential buildings?,amount-of,building,442,201+,0.8000653982162476,0.75-0.89,201+,RSVQA Specialist v1,False,
32223,322,count,What is the amount of water areas?,amount-of,water,46,18,0.044307202100753784,0.00-0.49,21-50,RSVQA Specialist v1,False,
32226,322,count,What is the number of grass areas in the image?,number-of,grassland,301,201+,0.8607351183891296,0.75-0.89,201+,RSVQA Specialist v1,False,
32227,322,count,What is the number of buildings in the image?,number-of,building,454,201+,0.9002164006233215,0.90-1.00,201+,RSVQA Specialist v1,False,
32229,322,count,How many small grass areas are there?,how-many,grassland,10,17,0.10159763693809509,0.00-0.49,6-10,RSVQA Specialist v1,False,
32231,322,comp,Are there more large water areas than water areas at the top of a  road?,more-than,water vs water,no,yes,0.5903445482254028,0.50-0.74,n/a,RSVQA Specialist v1,False,
32232,322,count,How many medium grass areas are there in the image?,how-many,grassland,24,17,0.09339737147092819,0.00-0.49,21-50,RSVQA Specialist v1,False,
32244,322,count,How many large residential buildings are there?,how-many,building,1,0,0.6532516479492188,0.50-0.74,1,RSVQA Specialist v1,False,
32245,322,count,What is the number of circular residential buildings in the image?,number-of,building,7,3,0.25409746170043945,0.00-0.49,6-10,RSVQA Specialist v1,False,
32246,322,count,What is the amount of roads in the image?,amount-of,road,72,106,0.08906339108943939,0.00-0.49,51-100,RSVQA Specialist v1,False,
32247,322,count,How many small buildings are there?,how-many,building,447,201+,0.9190183877944946,0.90-1.00,201+,RSVQA Specialist v1,False,
32251,322,count,What is the amount of medium water areas?,amount-of,water,9,4,0.17609593272209167,0.00-0.49,6-10,RSVQA Specialist v1,False,
32256,322,count,What is the amount of rectangular commercial buildings?,amount-of,building,1,0,0.410818487405777,0.00-0.49,1,RSVQA Specialist v1,False,
32262,322,count,What is the number of medium buildings?,number-of,building,6,8,0.17593932151794434,0.00-0.49,6-10,RSVQA Specialist v1,False,
32267,322,count,How many rectangular water areas are there?,how-many,water,9,5,0.18753713369369507,0.00-0.49,6-10,RSVQA Specialist v1,False,
32269,322,count,What is the amount of large water areas in the image?,amount-of,water,21,5,0.16427379846572876,0.00-0.49,21-50,RSVQA Specialist v1,False,
32279,322,count,What is the amount of large grass areas?,amount-of,grassland,267,201+,0.7242882251739502,0.50-0.74,201+,RSVQA Specialist v1,False,
32288,322,presence,Is there a large residential building?,is-there,building,yes,no,0.722920298576355,0.50-0.74,n/a,RSVQA Specialist v1,False,
32289,322,count,What is the number of small commercial buildings?,number-of,building,4,3,0.34412628412246704,0.00-0.49,2-5,RSVQA Specialist v1,False,
32299,322,count,What is the number of rectangular grass areas?,number-of,grassland,8,17,0.08347274363040924,0.00-0.49,6-10,RSVQA Specialist v1,False,
32301,322,count,What is the number of square buildings?,number-of,building,7,3,0.2463916838169098,0.00-0.49,6-10,RSVQA Specialist v1,False,
32303,322,count,What is the number of medium farmyards?,number-of,scene,0,1,0.3973195254802704,0.00-0.49,0,RSVQA Specialist v1,False,
32310,322,count,How many farmlands are there?,how-many,agriculture,10,49,0.03912507742643356,0.00-0.49,6-10,RSVQA Specialist v1,False,
32311,323,rural_urban,Is it a rural or an urban area,rural-or-urban,scene,rural,urban,0.9410690069198608,0.90-1.00,n/a,RSVQA Specialist v1,False,
32312,323,count,What is the amount of roads in the image?,amount-of,road,79,106,0.10571935772895813,0.00-0.49,51-100,RSVQA Specialist v1,False,
32313,323,comp,Are there more roads than forests in the image?,more-than,road vs forest,no,yes,0.6619226336479187,0.50-0.74,n/a,RSVQA Specialist v1,False,
32315,323,count,How many residential buildings are there?,how-many,building,406,201+,0.9965500831604004,0.90-1.00,201+,RSVQA Specialist v1,False,
32318,323,count,What is the number of buildings?,number-of,building,410,201+,0.9974619150161743,0.90-1.00,201+,RSVQA Specialist v1,False,
32321,323,count,What is the amount of grass areas?,amount-of,grassland,342,201+,0.9532965421676636,0.90-1.00,201+,RSVQA Specialist v1,False,
32326,323,presence,Is a medium commercial building present?,present,building,no,yes,0.6693668961524963,0.50-0.74,n/a,RSVQA Specialist v1,False,
32327,323,count,What is the amount of small grass areas?,amount-of,grassland,16,17,0.09802974760532379,0.00-0.49,11-20,RSVQA Specialist v1,False,
32329,323,count,What is the number of water areas?,number-of,water,30,47,0.07039224356412888,0.00-0.49,21-50,RSVQA Specialist v1,False,
32330,323,count,How many commercial buildings are there?,how-many,building,2,4,0.1503351479768753,0.00-0.49,2-5,RSVQA Specialist v1,False,
32331,323,count,How many large water areas are there?,how-many,water,1,5,0.14510418474674225,0.00-0.49,1,RSVQA Specialist v1,False,
32333,323,count,What is the amount of square buildings?,amount-of,building,7,4,0.26320916414260864,0.00-0.49,6-10,RSVQA Specialist v1,False,
32339,323,count,What is the number of orchards?,number-of,scene,2,13,0.1385243684053421,0.00-0.49,2-5,RSVQA Specialist v1,False,
32357,323,count,What is the amount of rectangular roads?,amount-of,road,333,0,0.997133731842041,0.90-1.00,201+,RSVQA Specialist v1,False,
32362,323,count,How many buildings at the bottom of the  large water area are there?,how-many,building,5,201+,0.7434124946594238,0.50-0.74,2-5,RSVQA Specialist v1,False,
32363,323,count,How many small residential buildings are there?,how-many,building,395,201+,0.9970743656158447,0.90-1.00,201+,RSVQA Specialist v1,False,
32365,323,count,What is the amount of large buildings?,amount-of,building,0,1,0.31157976388931274,0.00-0.49,0,RSVQA Specialist v1,False,
32371,323,count,What is the amount of forests?,amount-of,forest,86,40,0.03828611224889755,0.00-0.49,51-100,RSVQA Specialist v1,False,
32373,323,count,What is the number of residential areas on the left of a  residential building?,number-of,building,3,2,0.23041288554668427,0.00-0.49,2-5,RSVQA Specialist v1,False,
32375,323,count,How many medium grass areas are there?,how-many,grassland,32,17,0.06710946559906006,0.00-0.49,21-50,RSVQA Specialist v1,False,
32391,323,count,How many small water areas are there?,how-many,water,27,22,0.09539453685283661,0.00-0.49,21-50,RSVQA Specialist v1,False,
32392,323,count,What is the number of farmlands?,number-of,agriculture,22,47,0.10175933688879013,0.00-0.49,21-50,RSVQA Specialist v1,False,
32396,323,count,How many small buildings are there?,how-many,building,399,201+,0.9971970319747925,0.90-1.00,201+,RSVQA Specialist v1,False,
32407,323,count,How many medium buildings at the top of a  road are there?,how-many,building,11,9,0.1926368772983551,0.00-0.49,11-20,RSVQA Specialist v1,False,
32409,323,count,What is the amount of commercial buildings on the left of a  road in the image?,amount-of,building,2,6,0.18618838489055634,0.00-0.49,2-5,RSVQA Specialist v1,False,
32410,323,count,How many rectangular commercial buildings are there?,how-many,building,1,3,0.18161477148532867,0.00-0.49,1,RSVQA Specialist v1,False,
32412,324,presence,Is a commercial building present?,present,building,yes,no,0.6017459630966187,0.50-0.74,n/a,RSVQA Specialist v1,False,
32416,324,comp,Are there more buildings than roads?,more-than,building vs road,yes,no,0.6725844144821167,0.50-0.74,n/a,RSVQA Specialist v1,False,
32417,324,count,What is the number of residential buildings?,number-of,building,81,44,0.041708897799253464,0.00-0.49,51-100,RSVQA Specialist v1,False,
32422,324,count,What is the number of farmlands?,number-of,agriculture,40,16,0.0634363666176796,0.00-0.49,21-50,RSVQA Specialist v1,False,
32423,324,count,What is the number of buildings?,number-of,building,89,44,0.07281765341758728,0.00-0.49,51-100,RSVQA Specialist v1,False,
32424,324,count,What is the amount of roads?,amount-of,road,83,48,0.08311491459608078,0.00-0.49,51-100,RSVQA Specialist v1,False,
32429,324,count,What is the number of commercial buildings?,number-of,building,7,0,0.7869595289230347,0.75-0.89,6-10,RSVQA Specialist v1,False,
32432,324,count,What is the number of forests?,number-of,forest,37,16,0.11989309638738632,0.00-0.49,21-50,RSVQA Specialist v1,False,
32434,324,count,What is the amount of water areas on the right of a  road?,amount-of,water,11,5,0.11068213731050491,0.00-0.49,11-20,RSVQA Specialist v1,False,
32436,324,count,What is the number of buildings on the left of a  rectangular grass area in the image?,number-of,building,39,0,0.11713746935129166,0.00-0.49,21-50,RSVQA Specialist v1,False,
32437,324,count,How many water areas are there?,how-many,water,14,10,0.13130609691143036,0.00-0.49,11-20,RSVQA Specialist v1,False,
32441,324,count,What is the number of grass areas?,number-of,grassland,37,43,0.07083816826343536,0.00-0.49,21-50,RSVQA Specialist v1,False,
32445,324,comp,Are there less residential buildings than roads in the image?,less-than,building vs road,yes,no,0.5520188212394714,0.50-0.74,n/a,RSVQA Specialist v1,False,
32459,324,count,What is the amount of small roads?,amount-of,road,83,48,0.06540439277887344,0.00-0.49,51-100,RSVQA Specialist v1,False,
32461,324,count,How many residential buildings at the top of a  farmland are there in the image?,how-many,building,81,44,0.10062970221042633,0.00-0.49,51-100,RSVQA Specialist v1,False,
32464,324,comp,Are there less roads than grass areas?,less-than,road vs grassland,no,yes,0.5508928298950195,0.50-0.74,n/a,RSVQA Specialist v1,False,
32465,324,count,What is the number of buildings next to a  forest?,number-of,building,89,44,0.09688189625740051,0.00-0.49,51-100,RSVQA Specialist v1,False,
32466,324,presence,Is a rectangular commercial building present?,present,building,yes,no,0.8636630177497864,0.75-0.89,n/a,RSVQA Specialist v1,False,
32467,324,count,What is the number of medium forests?,number-of,forest,5,2,0.12135805934667587,0.00-0.49,2-5,RSVQA Specialist v1,False,
32470,324,count,What is the amount of small water areas?,amount-of,water,6,3,0.18283286690711975,0.00-0.49,6-10,RSVQA Specialist v1,False,
32471,324,comp,Are there less buildings than large roads?,less-than,building vs road,no,yes,0.5828713178634644,0.50-0.74,n/a,RSVQA Specialist v1,False,
32475,324,comp,Are there more roads than residential buildings?,more-than,road vs building,yes,no,0.7479212284088135,0.50-0.74,n/a,RSVQA Specialist v1,False,
32476,324,count,What is the number of square water areas?,number-of,water,1,0,0.6475428938865662,0.50-0.74,1,RSVQA Specialist v1,False,
32477,324,comp,Are there more grass areas than small buildings?,more-than,grassland vs building,no,yes,0.5227948427200317,0.50-0.74,n/a,RSVQA Specialist v1,False,
32479,324,comp,Are there more buildings at the top of a  water area than commercial buildings?,more-than,building vs building,yes,no,0.8869947195053101,0.75-0.89,n/a,RSVQA Specialist v1,False,
32480,324,count,What is the number of medium water areas?,number-of,water,1,2,0.23999053239822388,0.00-0.49,1,RSVQA Specialist v1,False,
32482,324,count,What is the number of rectangular grass areas?,number-of,grassland,2,5,0.19028818607330322,0.00-0.49,2-5,RSVQA Specialist v1,False,
32496,324,comp,Are there more buildings than grass areas?,more-than,building vs grassland,yes,no,0.6199582815170288,0.50-0.74,n/a,RSVQA Specialist v1,False,
32497,324,count,What is the amount of commercial buildings on the left of a  water area?,amount-of,building,7,0,0.5958952307701111,0.50-0.74,6-10,RSVQA Specialist v1,False,
32506,324,comp,Are there less roads than residential buildings?,less-than,road vs building,no,yes,0.7671371102333069,0.75-0.89,n/a,RSVQA Specialist v1,False,
32514,325,count,What is the amount of commercial buildings in the image?,amount-of,building,2,0,0.5491562485694885,0.50-0.74,2-5,RSVQA Specialist v1,False,
32516,325,count,What is the amount of grass areas?,amount-of,grassland,21,9,0.13183961808681488,0.00-0.49,21-50,RSVQA Specialist v1,False,
32518,325,count,What is the amount of residential buildings?,amount-of,building,9,17,0.11662937700748444,0.00-0.49,6-10,RSVQA Specialist v1,False,
32519,325,presence,Is there a commercial building in the image?,is-there,building,yes,no,0.8524025082588196,0.75-0.89,n/a,RSVQA Specialist v1,False,
32522,325,count,What is the number of buildings?,number-of,building,12,17,0.20704922080039978,0.00-0.49,11-20,RSVQA Specialist v1,False,
32525,325,count,What is the amount of wetlands?,amount-of,wetland,3,4,0.14774975180625916,0.00-0.49,2-5,RSVQA Specialist v1,False,
32526,325,presence,Is there a small water area?,is-there,water,no,yes,0.5854261517524719,0.50-0.74,n/a,RSVQA Specialist v1,False,
32527,325,count,What is the amount of water areas?,amount-of,water,5,2,0.4568110704421997,0.00-0.49,2-5,RSVQA Specialist v1,False,
32530,325,count,What is the amount of farmlands?,amount-of,agriculture,10,9,0.11623997241258621,0.00-0.49,6-10,RSVQA Specialist v1,False,
32536,325,count,How many roads are there?,how-many,road,42,8,0.2528577148914337,0.00-0.49,21-50,RSVQA Specialist v1,False,
32540,325,comp,Are there more residential buildings than farmlands?,more-than,building vs agriculture,no,yes,0.8855845928192139,0.75-0.89,n/a,RSVQA Specialist v1,False,
32541,325,count,What is the number of small buildings?,number-of,building,12,17,0.15826526284217834,0.00-0.49,11-20,RSVQA Specialist v1,False,
32542,325,count,How many rectangular commercial buildings are there?,how-many,building,1,0,0.9539732336997986,0.90-1.00,1,RSVQA Specialist v1,False,
32546,325,comp,Are there more buildings than grass areas?,more-than,building vs grassland,no,yes,0.5511127710342407,0.50-0.74,n/a,RSVQA Specialist v1,False,
32552,325,count,How many medium water areas are there?,how-many,water,3,0,0.8794556856155396,0.75-0.89,2-5,RSVQA Specialist v1,False,
32563,325,comp,Are there less residential buildings than farmlands?,less-than,building vs agriculture,yes,no,0.7209818363189697,0.50-0.74,n/a,RSVQA Specialist v1,False,
32588,325,comp,Are there more grass areas than buildings?,more-than,grassland vs building,yes,no,0.5561513900756836,0.50-0.74,n/a,RSVQA Specialist v1,False,
32596,325,comp,Are there more roads on the left of a  small farmland than grass areas?,more-than,road vs grassland,no,yes,0.8359050154685974,0.75-0.89,n/a,RSVQA Specialist v1,False,
32602,325,comp,Are there less fuels than water areas?,less-than,water,yes,no,0.5699687600135803,0.50-0.74,n/a,RSVQA Specialist v1,False,
32609,325,comp,Are there less square farmlands than buildings?,less-than,agriculture vs building,yes,no,0.5966086983680725,0.50-0.74,n/a,RSVQA Specialist v1,False,
32610,325,count,What is the number of water areas on the left of a  commercial building?,number-of,water,2,0,0.8213590979576111,0.75-0.89,2-5,RSVQA Specialist v1,False,
32613,326,count,What is the amount of grass areas?,amount-of,grassland,313,201+,0.9400001168251038,0.90-1.00,201+,RSVQA Specialist v1,False,
32615,326,count,How many residential buildings are there?,how-many,building,4166,201+,0.9982415437698364,0.90-1.00,201+,RSVQA Specialist v1,False,
32616,326,count,What is the amount of commercial buildings?,amount-of,building,175,201+,0.474520206451416,0.00-0.49,101-200,RSVQA Specialist v1,False,
32618,326,count,What is the number of roads?,number-of,road,2481,201+,0.995378851890564,0.90-1.00,201+,RSVQA Specialist v1,False,
32621,326,count,How many piers are there?,how-many,scene,5,1,0.4758304953575134,0.00-0.49,2-5,RSVQA Specialist v1,False,
32623,326,count,How many pitchs are there?,how-many,scene,85,9,0.12848854064941406,0.00-0.49,51-100,RSVQA Specialist v1,False,
32626,326,count,What is the number of commercial buildings on the right of a  grass area?,number-of,building,175,201+,0.09002634137868881,0.00-0.49,101-200,RSVQA Specialist v1,False,
32630,326,count,What is the number of buildings?,number-of,building,4679,201+,0.9978646636009216,0.90-1.00,201+,RSVQA Specialist v1,False,
32632,326,count,What is the number of water areas?,number-of,water,171,201+,0.10435447841882706,0.00-0.49,101-200,RSVQA Specialist v1,False,
32639,326,comp,Are there less rectangular water areas than residential buildings?,less-than,water vs building,yes,no,0.9150779843330383,0.90-1.00,n/a,RSVQA Specialist v1,False,
32653,326,count,What is the number of small water areas?,number-of,water,82,28,0.05977488309144974,0.00-0.49,51-100,RSVQA Specialist v1,False,
32654,326,count,How many forests are there?,how-many,forest,285,201+,0.6651302576065063,0.50-0.74,201+,RSVQA Specialist v1,False,
32658,326,count,How many gardens are there?,how-many,scene,30,4,0.164170503616333,0.00-0.49,21-50,RSVQA Specialist v1,False,
32662,326,count,What is the number of large commercial buildings?,number-of,building,13,18,0.07738946378231049,0.00-0.49,11-20,RSVQA Specialist v1,False,
32663,326,count,How many large buildings are there?,how-many,building,253,6,0.12507057189941406,0.00-0.49,201+,RSVQA Specialist v1,False,
32665,326,count,What is the number of circular water areas?,number-of,water,1,0,0.31045758724212646,0.00-0.49,1,RSVQA Specialist v1,False,
32670,326,count,What is the amount of playgrounds?,amount-of,scene,21,6,0.25022178888320923,0.00-0.49,21-50,RSVQA Specialist v1,False,
32671,326,count,What is the number of pedestrians?,number-of,scene,12,1,0.215122789144516,0.00-0.49,11-20,RSVQA Specialist v1,False,
32673,326,comp,Are there more commercial buildings than water areas?,more-than,building vs water,yes,no,0.5145973563194275,0.50-0.74,n/a,RSVQA Specialist v1,False,
32674,326,count,What is the amount of parkings?,amount-of,scene,34,17,0.0832495465874672,0.00-0.49,21-50,RSVQA Specialist v1,False,
32677,326,count,What is the amount of parks?,amount-of,scene,12,6,0.23142212629318237,0.00-0.49,11-20,RSVQA Specialist v1,False,
32689,326,comp,Are there more pitchs than buildings?,more-than,building,no,yes,0.5809763073921204,0.50-0.74,n/a,RSVQA Specialist v1,False,
32696,326,count,What is the amount of square water areas?,amount-of,water,1,0,0.823963463306427,0.75-0.89,1,RSVQA Specialist v1,False,
32701,326,count,How many large commercials are there?,how-many,scene,8,1,0.2775745093822479,0.00-0.49,6-10,RSVQA Specialist v1,False,
32702,326,count,What is the amount of small commercial buildings?,amount-of,building,116,201+,0.5464221835136414,0.50-0.74,101-200,RSVQA Specialist v1,False,
32703,326,count,What is the amount of village greens?,amount-of,scene,1,201+,0.5297911167144775,0.50-0.74,1,RSVQA Specialist v1,False,
32704,326,comp,Are there less residential buildings than pitchs?,less-than,building,no,yes,0.9299885034561157,0.90-1.00,n/a,RSVQA Specialist v1,False,
32710,326,presence,Is there a circular garden?,is-there,scene,yes,no,0.7618531584739685,0.75-0.89,n/a,RSVQA Specialist v1,False,
32715,327,count,What is the number of grass areas?,number-of,grassland,137,201+,0.12038300931453705,0.00-0.49,101-200,RSVQA Specialist v1,False,
32716,327,count,What is the number of residential buildings in the image?,number-of,building,156,201+,0.08583541959524155,0.00-0.49,101-200,RSVQA Specialist v1,False,
32718,327,count,What is the number of commercial buildings?,number-of,building,5,1,0.33334076404571533,0.00-0.49,2-5,RSVQA Specialist v1,False,
32721,327,count,What is the number of small residential buildings?,number-of,building,148,201+,0.04299798980355263,0.00-0.49,101-200,RSVQA Specialist v1,False,
32722,327,count,How many rectangular residential buildings are there?,how-many,building,77,127,0.03790885955095291,0.00-0.49,51-100,RSVQA Specialist v1,False,
32723,327,count,How many buildings are there?,how-many,building,162,201+,0.07655899226665497,0.00-0.49,101-200,RSVQA Specialist v1,False,
32732,327,comp,Are there less residential buildings than medium roads?,less-than,building vs road,no,yes,0.7207481861114502,0.50-0.74,n/a,RSVQA Specialist v1,False,
32734,327,count,What is the amount of water areas?,amount-of,water,21,25,0.07651857286691666,0.00-0.49,21-50,RSVQA Specialist v1,False,
32736,327,count,What is the amount of farmlands?,amount-of,agriculture,7,15,0.08700525015592575,0.00-0.49,6-10,RSVQA Specialist v1,False,
32737,327,count,What is the amount of roads in the image?,amount-of,road,43,66,0.05067433416843414,0.00-0.49,21-50,RSVQA Specialist v1,False,
32740,327,count,How many medium residential buildings are there?,how-many,building,8,4,0.20755024254322052,0.00-0.49,6-10,RSVQA Specialist v1,False,
32742,327,count,What is the number of commercial buildings at the top of a  grass area?,number-of,building,5,1,0.2747705280780792,0.00-0.49,2-5,RSVQA Specialist v1,False,
32748,327,count,What is the number of large commercial buildings in the image?,number-of,building,161,0,0.9615767598152161,0.90-1.00,101-200,RSVQA Specialist v1,False,
32751,327,count,What is the amount of small grass areas in the image?,amount-of,grassland,12,8,0.08560977131128311,0.00-0.49,11-20,RSVQA Specialist v1,False,
32753,327,comp,Are there more roads than buildings?,more-than,road vs building,yes,no,0.989276647567749,0.90-1.00,n/a,RSVQA Specialist v1,False,
32754,327,count,How many circular buildings are there?,how-many,building,3,0,0.5725464224815369,0.50-0.74,2-5,RSVQA Specialist v1,False,
32758,327,count,What is the amount of commercial buildings on the right of a  water area?,amount-of,building,5,2,0.2766400873661041,0.00-0.49,2-5,RSVQA Specialist v1,False,
32763,327,comp,Are there less farmlands than water areas?,less-than,agriculture vs water,yes,no,0.9417562484741211,0.90-1.00,n/a,RSVQA Specialist v1,False,
32774,327,presence,Is there a medium commercial building?,is-there,building,yes,no,0.6010966897010803,0.50-0.74,n/a,RSVQA Specialist v1,False,
32779,327,count,What is the number of residential buildings next to a  water area?,number-of,building,156,127,0.07342077791690826,0.00-0.49,101-200,RSVQA Specialist v1,False,
32784,327,count,How many medium grass areas are there?,how-many,grassland,11,8,0.05241013690829277,0.00-0.49,11-20,RSVQA Specialist v1,False,
32785,327,count,How many water areas on the left of a  circular building are there?,how-many,water,13,0,0.779243528842926,0.75-0.89,11-20,RSVQA Specialist v1,False,
32787,327,count,How many square buildings are there?,how-many,building,3,1,0.26196420192718506,0.00-0.49,2-5,RSVQA Specialist v1,False,
32794,327,count,What is the number of rectangular water areas?,number-of,water,3,5,0.18245622515678406,0.00-0.49,2-5,RSVQA Specialist v1,False,
32802,327,count,How many medium water areas are there?,how-many,water,3,2,0.19590286910533905,0.00-0.49,2-5,RSVQA Specialist v1,False,
32806,327,count,What is the amount of small roads?,amount-of,road,43,66,0.04255085811018944,0.00-0.49,21-50,RSVQA Specialist v1,False,
32810,327,count,What is the amount of commercial buildings next to a  water area?,amount-of,building,5,2,0.28615134954452515,0.00-0.49,2-5,RSVQA Specialist v1,False,
32814,328,count,What is the amount of commercial buildings?,amount-of,building,162,20,0.0542789064347744,0.00-0.49,101-200,RSVQA Specialist v1,False,
32817,328,count,What is the amount of meadows?,amount-of,scene,162,4,0.1922803372144699,0.00-0.49,101-200,RSVQA Specialist v1,False,
32820,328,count,How many residential buildings are there?,how-many,building,2211,201+,0.9978463649749756,0.90-1.00,201+,RSVQA Specialist v1,False,
32821,328,count,What is the amount of water areas in the image?,amount-of,water,200,31,0.05540230870246887,0.00-0.49,101-200,RSVQA Specialist v1,False,
32822,328,count,What is the number of forests?,number-of,forest,41,50,0.042877692729234695,0.00-0.49,21-50,RSVQA Specialist v1,False,
32825,328,count,What is the amount of grass areas?,amount-of,grassland,133,201+,0.6265059113502502,0.50-0.74,101-200,RSVQA Specialist v1,False,
32826,328,count,What is the amount of roads?,amount-of,road,434,201+,0.986370861530304,0.90-1.00,201+,RSVQA Specialist v1,False,
32830,328,count,What is the number of buildings?,number-of,building,2398,201+,0.9978253841400146,0.90-1.00,201+,RSVQA Specialist v1,False,
32833,328,count,How many small grass areas are there?,how-many,grassland,21,28,0.08715595304965973,0.00-0.49,21-50,RSVQA Specialist v1,False,
32834,328,count,What is the amount of rectangular grass areas in the image?,amount-of,grassland,7,28,0.1250533014535904,0.00-0.49,6-10,RSVQA Specialist v1,False,
32837,328,count,What is the amount of place of worships?,amount-of,scene,3,1,0.6010429263114929,0.50-0.74,2-5,RSVQA Specialist v1,False,
32840,328,count,How many circular buildings are there in the image?,how-many,building,6,1,0.27914899587631226,0.00-0.49,6-10,RSVQA Specialist v1,False,
32843,328,count,What is the amount of large commercial buildings in the image?,amount-of,building,16,1,0.43568238615989685,0.00-0.49,11-20,RSVQA Specialist v1,False,
32844,328,comp,Are there less commercial buildings than water areas in the image?,less-than,building vs water,yes,no,0.6632954478263855,0.50-0.74,n/a,RSVQA Specialist v1,False,
32858,328,count,What is the number of medium residential buildings?,number-of,building,18,10,0.16903217136859894,0.00-0.49,11-20,RSVQA Specialist v1,False,
32863,328,comp,Are there less commercial buildings than grass areas?,less-than,building vs grassland,no,yes,0.9267776012420654,0.90-1.00,n/a,RSVQA Specialist v1,False,
32866,328,count,What is the amount of square buildings?,amount-of,building,6,1,0.20208479464054108,0.00-0.49,6-10,RSVQA Specialist v1,False,
32867,328,count,What is the amount of large buildings?,amount-of,building,23,1,0.21772721409797668,0.00-0.49,21-50,RSVQA Specialist v1,False,
32873,328,comp,Are there more grass areas than commercial buildings?,more-than,grassland vs building,no,yes,0.8949914574623108,0.75-0.89,n/a,RSVQA Specialist v1,False,
32874,328,presence,Is a circular grass area present in the image?,present,grassland,no,yes,0.515291690826416,0.50-0.74,n/a,RSVQA Specialist v1,False,
32876,328,count,What is the number of small residential buildings?,number-of,building,2186,201+,0.9985981583595276,0.90-1.00,201+,RSVQA Specialist v1,False,
32881,328,count,What is the amount of parkings?,amount-of,scene,4,7,0.15252643823623657,0.00-0.49,2-5,RSVQA Specialist v1,False,
32883,328,count,What is the number of small water areas?,number-of,water,139,28,0.05889449641108513,0.00-0.49,101-200,RSVQA Specialist v1,False,
32888,328,count,How many medium meadows are there?,how-many,scene,3,1,0.32174956798553467,0.00-0.49,2-5,RSVQA Specialist v1,False,
32889,328,count,What is the amount of square residential buildings?,amount-of,building,6,2,0.16907428205013275,0.00-0.49,6-10,RSVQA Specialist v1,False,
32891,328,count,What is the amount of large buildings on the left of a  grass area?,amount-of,building,22,6,0.1678137183189392,0.00-0.49,21-50,RSVQA Specialist v1,False,
32892,328,count,How many water areas next to a  square residential building are there?,how-many,water,21,10,0.16569505631923676,0.00-0.49,21-50,RSVQA Specialist v1,False,
32899,328,comp,Are there more grass areas than water areas?,more-than,grassland vs water,no,yes,0.9886614084243774,0.90-1.00,n/a,RSVQA Specialist v1,False,
32904,328,comp,Are there more commercial buildings than grass areas in the image?,more-than,building vs grassland,yes,no,0.7806929349899292,0.75-0.89,n/a,RSVQA Specialist v1,False,
32905,328,count,What is the number of small meadows?,number-of,scene,3,1,0.4123291075229645,0.00-0.49,2-5,RSVQA Specialist v1,False,
32907,328,comp,Are there less meadows than roads?,less-than,road,yes,no,0.574378252029419,0.50-0.74,n/a,RSVQA Specialist v1,False,
32910,328,comp,Is the number of commercial buildings equal to the number of meadows?,equal-to,building,yes,no,0.9991748929023743,0.90-1.00,n/a,RSVQA Specialist v1,False,
32915,329,count,What is the amount of commercial buildings?,amount-of,building,1,4,0.28932780027389526,0.00-0.49,1,RSVQA Specialist v1,False,
32916,329,count,How many residential buildings are there?,how-many,building,249,201+,0.7189891338348389,0.50-0.74,201+,RSVQA Specialist v1,False,
32918,329,count,What is the number of roads?,number-of,road,46,73,0.03202230855822563,0.00-0.49,21-50,RSVQA Specialist v1,False,
32921,329,count,What is the amount of buildings?,amount-of,building,250,201+,0.6441787481307983,0.50-0.74,201+,RSVQA Specialist v1,False,
32925,329,count,What is the number of grass areas?,number-of,grassland,306,201+,0.9429027438163757,0.90-1.00,201+,RSVQA Specialist v1,False,
32926,329,count,How many water areas are there?,how-many,water,20,17,0.074216827750206,0.00-0.49,11-20,RSVQA Specialist v1,False,
32928,329,count,What is the number of rectangular grass areas?,number-of,grassland,5,17,0.1212434321641922,0.00-0.49,2-5,RSVQA Specialist v1,False,
32929,329,count,What is the number of forests?,number-of,forest,23,4,0.0936100035905838,0.00-0.49,21-50,RSVQA Specialist v1,False,
32932,329,count,What is the number of circular residential buildings?,number-of,building,2,4,0.3742031455039978,0.00-0.49,2-5,RSVQA Specialist v1,False,
32936,329,count,What is the amount of square residential buildings?,amount-of,building,2,4,0.40168124437332153,0.00-0.49,2-5,RSVQA Specialist v1,False,
32937,329,comp,Are there less grass areas than residential buildings?,less-than,grassland vs building,no,yes,0.5401057600975037,0.50-0.74,n/a,RSVQA Specialist v1,False,
32941,329,presence,Is a circular water area present in the image?,present,water,yes,no,0.6555613875389099,0.50-0.74,n/a,RSVQA Specialist v1,False,
32943,329,count,How many large residential buildings are there?,how-many,building,2,0,0.7405030131340027,0.50-0.74,2-5,RSVQA Specialist v1,False,
32944,329,presence,Is there a rectangular commercial building?,is-there,building,no,yes,0.663683295249939,0.50-0.74,n/a,RSVQA Specialist v1,False,
32945,329,count,How many roads at the bottom of a  residential building are there?,how-many,road,46,74,0.023879777640104294,0.00-0.49,21-50,RSVQA Specialist v1,False,
32946,329,count,How many residential buildings at the bottom of a  grass area are there?,how-many,building,249,201+,0.518933117389679,0.50-0.74,201+,RSVQA Specialist v1,False,
32947,329,count,What is the amount of small buildings?,amount-of,building,241,201+,0.5986250042915344,0.50-0.74,201+,RSVQA Specialist v1,False,
32948,329,comp,Are there more buildings than grass areas?,more-than,building vs grassland,no,yes,0.8013033270835876,0.75-0.89,n/a,RSVQA Specialist v1,False,
32949,329,comp,Are there more commercial buildings than square grass areas in the image?,more-than,building vs grassland,yes,no,0.9159584641456604,0.90-1.00,n/a,RSVQA Specialist v1,False,
32950,329,count,What is the amount of large water areas?,amount-of,water,5,4,0.1993541121482849,0.00-0.49,2-5,RSVQA Specialist v1,False,
32955,329,comp,Are there less residential buildings than grass areas?,less-than,building vs grassland,yes,no,0.5588534474372864,0.50-0.74,n/a,RSVQA Specialist v1,False,
32956,329,count,What is the amount of small commercial buildings?,amount-of,building,1,3,0.2763557732105255,0.00-0.49,1,RSVQA Specialist v1,False,
32959,329,comp,Are there more residential buildings than grass areas?,more-than,building vs grassland,no,yes,0.8231216669082642,0.75-0.89,n/a,RSVQA Specialist v1,False,
32963,329,count,What is the number of commercial buildings on the left of a  grass area?,number-of,building,1,4,0.30878183245658875,0.00-0.49,1,RSVQA Specialist v1,False,
32965,329,count,How many small grass areas are there?,how-many,grassland,9,17,0.11772112548351288,0.00-0.49,6-10,RSVQA Specialist v1,False,
32967,329,comp,Are there less commercial buildings than square water areas?,less-than,building vs water,no,yes,0.9685202836990356,0.90-1.00,n/a,RSVQA Specialist v1,False,
32970,329,comp,Are there more grass areas than buildings?,more-than,grassland vs building,yes,no,0.6378312706947327,0.50-0.74,n/a,RSVQA Specialist v1,False,
32972,329,comp,Are there less commercial buildings than roads on the right of a  water area in the image?,less-than,building vs road,yes,no,0.8162943720817566,0.75-0.89,n/a,RSVQA Specialist v1,False,
32975,329,count,What is the amount of rectangular water areas?,amount-of,water,8,5,0.20112480223178864,0.00-0.49,6-10,RSVQA Specialist v1,False,
32977,329,count,How many medium buildings are there?,how-many,building,7,4,0.25808218121528625,0.00-0.49,6-10,RSVQA Specialist v1,False,
32979,329,count,What is the amount of water areas at the top of a  residential building?,amount-of,water,19,17,0.10011617839336395,0.00-0.49,11-20,RSVQA Specialist v1,False,
32984,329,comp,Are there less rectangular grass areas than water areas?,less-than,grassland vs water,no,yes,0.5185784697532654,0.50-0.74,n/a,RSVQA Specialist v1,False,
32988,329,comp,Are there less residential buildings than forests on the right of a  building?,less-than,building vs forest,no,yes,0.5573990345001221,0.50-0.74,n/a,RSVQA Specialist v1,False,
32990,329,presence,Is there a large building?,is-there,building,yes,no,0.8017199039459229,0.75-0.89,n/a,RSVQA Specialist v1,False,
32991,329,count,What is the amount of rectangular buildings?,amount-of,building,150,201+,0.07179819047451019,0.00-0.49,101-200,RSVQA Specialist v1,False,
32992,329,count,What is the amount of medium grass areas?,amount-of,grassland,21,17,0.14789006114006042,0.00-0.49,21-50,RSVQA Specialist v1,False,
32996,329,comp,Are there more grass areas than large roads?,more-than,grassland vs road,yes,no,0.7568321824073792,0.75-0.89,n/a,RSVQA Specialist v1,False,
32998,329,count,What is the amount of square water areas?,amount-of,water,1,0,0.3650701940059662,0.00-0.49,1,RSVQA Specialist v1,False,
33003,329,count,How many medium water areas are there?,how-many,water,3,5,0.18932244181632996,0.00-0.49,2-5,RSVQA Specialist v1,False,
33006,329,count,What is the number of small residential buildings?,number-of,building,240,201+,0.4370971620082855,0.00-0.49,201+,RSVQA Specialist v1,False,
33009,329,comp,Are there less buildings than grass areas?,less-than,building vs grassland,yes,no,0.7546617984771729,0.75-0.89,n/a,RSVQA Specialist v1,False,
33013,330,count,What is the number of residential buildings?,number-of,building,2874,201+,0.9986928105354309,0.90-1.00,201+,RSVQA Specialist v1,False,
33019,330,count,What is the number of medium buildings?,number-of,building,32,19,0.09046138823032379,0.00-0.49,21-50,RSVQA Specialist v1,False,
33020,330,count,What is the amount of roads?,amount-of,road,410,201+,0.9759718775749207,0.90-1.00,201+,RSVQA Specialist v1,False,
33021,330,count,What is the number of commercial buildings?,number-of,building,42,14,0.05494178086519241,0.00-0.49,21-50,RSVQA Specialist v1,False,
33022,330,count,How many buildings are there?,how-many,building,2966,201+,0.9978502988815308,0.90-1.00,201+,RSVQA Specialist v1,False,
33023,330,count,What is the number of water areas?,number-of,water,110,31,0.0795680582523346,0.00-0.49,101-200,RSVQA Specialist v1,False,
33026,330,count,What is the amount of large grass areas in the image?,amount-of,grassland,111,201+,0.32524222135543823,0.00-0.49,101-200,RSVQA Specialist v1,False,
33027,330,count,How many small roads are there?,how-many,road,410,201+,0.9703837037086487,0.90-1.00,201+,RSVQA Specialist v1,False,
33029,330,count,What is the amount of grass areas?,amount-of,grassland,209,201+,0.7784215211868286,0.75-0.89,201+,RSVQA Specialist v1,False,
33030,330,count,What is the number of meadows?,number-of,scene,20,6,0.06121139973402023,0.00-0.49,11-20,RSVQA Specialist v1,False,
33037,330,count,What is the amount of rectangular grass areas?,amount-of,grassland,37,23,0.06030263751745224,0.00-0.49,21-50,RSVQA Specialist v1,False,
33038,330,count,How many farmlands are there in the image?,how-many,agriculture,78,41,0.03534484654664993,0.00-0.49,51-100,RSVQA Specialist v1,False,
33039,330,count,How many gardens are there?,how-many,scene,1,3,0.29759731888771057,0.00-0.49,1,RSVQA Specialist v1,False,
33043,330,count,What is the number of pitchs?,number-of,scene,28,9,0.32198211550712585,0.00-0.49,21-50,RSVQA Specialist v1,False,
33045,330,count,What is the amount of commercial buildings on the right of a  farmland?,amount-of,building,42,19,0.07177916169166565,0.00-0.49,21-50,RSVQA Specialist v1,False,
33047,330,count,What is the number of forests?,number-of,forest,143,88,0.030023086816072464,0.00-0.49,101-200,RSVQA Specialist v1,False,
33049,330,count,How many rectangular commercial buildings are there in the image?,how-many,building,14,19,0.12868353724479675,0.00-0.49,11-20,RSVQA Specialist v1,False,
33052,330,count,What is the number of medium residential buildings?,number-of,building,27,9,0.09644429385662079,0.00-0.49,21-50,RSVQA Specialist v1,False,
33061,330,count,How many circular water areas are there?,how-many,water,1,0,0.3068312108516693,0.00-0.49,1,RSVQA Specialist v1,False,
33063,330,count,How many rectangular buildings are there?,how-many,building,1804,201+,0.9973503351211548,0.90-1.00,201+,RSVQA Specialist v1,False,
33072,330,count,How many rectangular forests are there?,how-many,forest,25,12,0.14423368871212006,0.00-0.49,21-50,RSVQA Specialist v1,False,
33074,330,count,How many large water areas are there?,how-many,water,9,2,0.13512860238552094,0.00-0.49,6-10,RSVQA Specialist v1,False,
33075,330,count,How many circular residential buildings are there?,how-many,building,6,2,0.2254256010055542,0.00-0.49,6-10,RSVQA Specialist v1,False,
33077,330,count,How many small residential buildings are there?,how-many,building,2843,201+,0.9985426664352417,0.90-1.00,201+,RSVQA Specialist v1,False,
33080,330,presence,Is a square water area present in the image?,present,water,yes,no,0.6119315028190613,0.50-0.74,n/a,RSVQA Specialist v1,False,
33081,330,count,What is the amount of small water areas?,amount-of,water,72,19,0.08077797293663025,0.00-0.49,51-100,RSVQA Specialist v1,False,
33093,330,count,What is the amount of medium commercial buildings?,amount-of,building,4,3,0.1945626586675644,0.00-0.49,2-5,RSVQA Specialist v1,False,
33102,330,comp,Are there less water areas than parkings in the image?,less-than,water,no,yes,0.7256340384483337,0.50-0.74,n/a,RSVQA Specialist v1,False,
33105,330,count,How many commercial buildings at the bottom of a  water area are there?,how-many,building,42,17,0.08107239753007889,0.00-0.49,21-50,RSVQA Specialist v1,False,
33107,330,count,What is the amount of medium water areas in the image?,amount-of,water,29,8,0.15259627997875214,0.00-0.49,21-50,RSVQA Specialist v1,False,
33119,331,count,What is the amount of grass areas?,amount-of,grassland,268,201+,0.8660929203033447,0.75-0.89,201+,RSVQA Specialist v1,False,
33120,331,count,What is the number of residential buildings?,number-of,building,4951,201+,0.998729407787323,0.90-1.00,201+,RSVQA Specialist v1,False,
33124,331,count,How many roads are there?,how-many,road,574,201+,0.986588180065155,0.90-1.00,201+,RSVQA Specialist v1,False,
33128,331,count,What is the amount of forests?,amount-of,forest,31,201+,0.08520429581403732,0.00-0.49,21-50,RSVQA Specialist v1,False,
33129,331,count,What is the number of water areas?,number-of,water,147,201+,0.12130679935216904,0.00-0.49,101-200,RSVQA Specialist v1,False,
33130,331,count,How many parkings are there?,how-many,scene,23,17,0.1855757087469101,0.00-0.49,21-50,RSVQA Specialist v1,False,
33134,331,count,How many commercial buildings are there?,how-many,building,70,201+,0.2539982199668884,0.00-0.49,51-100,RSVQA Specialist v1,False,
33135,331,count,What is the amount of buildings in the image?,amount-of,building,5153,201+,0.9982293248176575,0.90-1.00,201+,RSVQA Specialist v1,False,
33140,331,count,What is the number of pitchs?,number-of,scene,12,9,0.39443811774253845,0.00-0.49,11-20,RSVQA Specialist v1,False,
33143,331,presence,Is a square water area present?,present,water,yes,no,0.6972289681434631,0.50-0.74,n/a,RSVQA Specialist v1,False,
33148,331,count,What is the amount of farmyards?,amount-of,scene,2,4,0.1737050563097,0.00-0.49,2-5,RSVQA Specialist v1,False,
33149,331,count,What is the number of small residential buildings?,number-of,building,4930,201+,0.9985784292221069,0.90-1.00,201+,RSVQA Specialist v1,False,
33151,331,count,What is the amount of large grass areas?,amount-of,grassland,178,201+,0.27660688757896423,0.00-0.49,101-200,RSVQA Specialist v1,False,
33159,331,count,How many place of worships are there?,how-many,scene,2,1,0.35105517506599426,0.00-0.49,2-5,RSVQA Specialist v1,False,
33163,331,count,How many square buildings are there?,how-many,building,2,1,0.24094408750534058,0.00-0.49,2-5,RSVQA Specialist v1,False,
33164,331,presence,Is there a square grass area?,is-there,grassland,yes,no,0.5143883228302002,0.50-0.74,n/a,RSVQA Specialist v1,False,
33173,331,count,What is the amount of medium water areas?,amount-of,water,37,19,0.07406768202781677,0.00-0.49,21-50,RSVQA Specialist v1,False,
33179,331,count,What is the number of medium commercial buildings?,number-of,building,8,3,0.11277956515550613,0.00-0.49,6-10,RSVQA Specialist v1,False,
33187,331,count,What is the number of residential areas?,number-of,scene,3,4,0.2006170004606247,0.00-0.49,2-5,RSVQA Specialist v1,False,
33191,331,count,What is the amount of medium parkings?,amount-of,scene,4,7,0.10073643177747726,0.00-0.49,2-5,RSVQA Specialist v1,False,
33193,331,presence,Is there a circular water area?,is-there,water,yes,no,0.5358750820159912,0.50-0.74,n/a,RSVQA Specialist v1,False,
33194,331,count,What is the number of meadows?,number-of,scene,9,10,0.10547753423452377,0.00-0.49,6-10,RSVQA Specialist v1,False,
33195,331,count,What is the amount of rectangular buildings?,amount-of,building,3906,201+,0.9983716607093811,0.90-1.00,201+,RSVQA Specialist v1,False,
33198,331,count,How many rectangular commercial buildings are there in the image?,how-many,building,33,19,0.08500319719314575,0.00-0.49,21-50,RSVQA Specialist v1,False,
33199,331,count,What is the number of large buildings?,number-of,building,4,1,0.19156314432621002,0.00-0.49,2-5,RSVQA Specialist v1,False,
33200,331,count,What is the amount of small commercial buildings?,amount-of,building,59,201+,0.1849588304758072,0.00-0.49,51-100,RSVQA Specialist v1,False,
33201,331,comp,Are there more water areas than commercial buildings?,more-than,water vs building,yes,no,0.7073165774345398,0.50-0.74,n/a,RSVQA Specialist v1,False,
33202,331,count,What is the amount of rectangular grass areas?,amount-of,grassland,11,28,0.1497957408428192,0.00-0.49,11-20,RSVQA Specialist v1,False,
33204,331,count,How many medium residential buildings are there?,how-many,building,20,201+,0.0976966992020607,0.00-0.49,11-20,RSVQA Specialist v1,False,
33205,331,comp,Are there less rectangular roads than buildings?,less-than,road vs building,yes,no,0.7072307467460632,0.50-0.74,n/a,RSVQA Specialist v1,False,
